file,id,status,createdBy,curriculum,stem
drafts/002836d9-933d-4abc-b1fa-cb29392d6d1e.json,002836d9-933d-4abc-b1fa-cb29392d6d1e,draft,ai,Paediatric Sub-specialties,A 6-year-old boy is scheduled for a non-urgent lumbar puncture on the paediatric ward. Which preparation plan best matches the provided notes?
drafts/01143431-c86b-4f22-a42b-8bd33c99c231.json,01143431-c86b-4f22-a42b-8bd33c99c231,draft,manual,Community-based Paediatrics,"Which clinical sign, often found in the axilla, is mentioned as a characteristic indicator of insulin resistance in children with obesity?"
drafts/012290cf-ffdb-4d5e-9243-ad797224a6fb.json,012290cf-ffdb-4d5e-9243-ad797224a6fb,draft,ai,General Paediatrics,Weight and height are already plotted in a child with possible chronic diarrhoea. Which additional parameter from the notes should also be reviewed because it helps separate GI-related loss from other causes?
drafts/01a571cf-651a-4003-a32f-9110260767b6.json,01a571cf-651a-4003-a32f-9110260767b6,draft,ai,General Paediatrics,A child with chronic fatty diarrhoea is thought to have inadequate pancreatic enzyme activity. Which function of normal fat handling is most directly reduced?
drafts/01d58ab6-9e17-4290-a90f-a2c2277b3c10.json,01d58ab6-9e17-4290-a90f-a2c2277b3c10,draft,manual,Community-based Paediatrics,Which of the following is an 'upstream' population health intervention mentioned as a potential way to address the drivers of obesity?
drafts/022a7e09-bd71-41ff-8354-b646993aeba1.json,022a7e09-bd71-41ff-8354-b646993aeba1,draft,manual,Paediatric Sub-specialties,"Since $2008$, which medication has become the first-line treatment for problematic infantile hemangiomas?"
drafts/025c1e1c-ea53-4597-a3ea-da7dedc7e334.json,025c1e1c-ea53-4597-a3ea-da7dedc7e334,draft,ai,Paediatric Sub-specialties,Which mechanism best explains the excessive adrenal androgen production described in congenital adrenal hyperplasia in the source pack?
drafts/0287409f-ff05-42b5-a2c6-437c74fb599e.json,0287409f-ff05-42b5-a2c6-437c74fb599e,draft,manual,Emergency Paediatrics,What is the clinical definition of chronic pain in the pediatric population as mentioned in the material?
drafts/02b2b1db-2a66-4ade-8449-0d06c6e5866c.json,02b2b1db-2a66-4ade-8449-0d06c6e5866c,draft,ai,Adolescent Medicine,A 17-year-old has long managed routine day-to-day decisions for a chronic condition. The team is now discussing a much more serious elective intervention with major long-term consequences. Why should the clinician assess decision-making capacity especially carefully in this situation?
drafts/02dec00d-a42d-477a-9c4e-8015a270b289.json,02dec00d-a42d-477a-9c4e-8015a270b289,draft,manual,Paediatric Sub-specialties,Which bacterial species is identified as being responsible for essentially all intracranial complications of acute otitis media?
drafts/0321bea3-e1a9-4d11-a756-c838236f196a.json,0321bea3-e1a9-4d11-a756-c838236f196a,draft,manual,Adolescent Medicine,"When supporting parents within the health system, what approach does the speaker recommend for improving parenting skills?"
drafts/03364d35-fd01-4786-b876-7539985c56fa.json,03364d35-fd01-4786-b876-7539985c56fa,draft,manual,Emergency Paediatrics,Which of the following is a relative contraindication for using non-steroidal anti-inflammatory drugs (NSAIDs) in children?
drafts/03ba972b-878b-4b40-9284-cb46131be5e9.json,03ba972b-878b-4b40-9284-cb46131be5e9,draft,ai,General Paediatrics,A GP is reviewing weight status in a 5-year-old. Which is the standard tool from the notes for assessing unhealthy weight in children older than 2 years?
drafts/03c66510-8c1e-4a97-b8e4-d75ccb2c9d5b.json,03c66510-8c1e-4a97-b8e4-d75ccb2c9d5b,draft,ai,General Paediatrics,"During follow-up of a child initially thought to have chronic GI loss, which finding should push you to reconsider a simple decreased-loss explanation?"
drafts/03de1de9-ac87-4bf1-82e0-4ea353aa1598.json,03de1de9-ac87-4bf1-82e0-4ea353aa1598,draft,ai,Paediatric Sub-specialties,A 9-year-old boy presents with cola-coloured urine and periorbital oedema after a recent sore throat. His blood pressure is mildly elevated. You are considering a vasculitic cause for nephritis rather than assuming post-streptococcal glomerulonephritis alone. Which additional history point would most strongly support broadening the differential toward IgA vasculitis nephritis?
drafts/0490df25-ce67-4fbe-832e-0374a4e1c9af.json,0490df25-ce67-4fbe-832e-0374a4e1c9af,draft,manual,Paediatric Sub-specialties,Which of the following is considered a 'red flag' when monitoring a child with macrocephaly?
drafts/04a571ac-d323-46bd-a8ed-eb8ff77893d6.json,04a571ac-d323-46bd-a8ed-eb8ff77893d6,draft,manual,Paediatric Sub-specialties,"A child presents with neutropenia, failure to thrive, and signs of pancreatic insufficiency (steatorrhea). Which syndrome should be considered?"
drafts/04d1c327-28ca-4f57-b024-b7bb0bbe1771.json,04d1c327-28ca-4f57-b024-b7bb0bbe1771,draft,manual,Emergency Paediatrics,"According to the provided statistics, approximately what percentage of parents experience medicalized trauma?"
drafts/04f9e5f8-c7d7-41ea-98d3-b5924f0fdf6f.json,04f9e5f8-c7d7-41ea-98d3-b5924f0fdf6f,draft,ai,Adolescent Medicine,"A 15-year-old girl in a Sydney paediatric clinic has changed friendship groups, joined different extracurricular groups, and is trying out different styles while saying she is ""working out where I fit."" Her mother worries this must mean something is seriously wrong. What is the **best interpretation** based on the notes?"
drafts/050282e3-3b40-40b5-ba38-5a89cf4e74e8.json,050282e3-3b40-40b5-ba38-5a89cf4e74e8,draft,manual,Paediatric Sub-specialties,What is considered the 'gold standard' for diagnosing obstructive sleep apnea in children?
drafts/051f3172-a63b-48ee-99e2-a2656a3ca618.json,051f3172-a63b-48ee-99e2-a2656a3ca618,draft,manual,Community-based Paediatrics,What is the estimated male-to-female ratio of ADHD prevalence mentioned in the source material?
drafts/052b6889-20e3-486e-a119-999419f364a8.json,052b6889-20e3-486e-a119-999419f364a8,draft,ai,Paediatric Sub-specialties,A 14-year-old with suspected eosinophilic oesophagitis asks which symptom pattern fits oesophageal dysfunction rather than a brief immediate allergic reaction. Which option best fits the notes?
drafts/056f5aeb-2048-4ea1-b7b4-b39571cfd4be.json,056f5aeb-2048-4ea1-b7b4-b39571cfd4be,draft,ai,Paediatric Surgery,"A paediatric registrar explains that many undescended testes descend spontaneously early in life. In a cohort of 100 newborn boys, about how many would be expected to **remain undescended by 3 months** according to the notes?"
drafts/05750cf8-bbbf-4123-8e69-51a47119ac5e.json,05750cf8-bbbf-4123-8e69-51a47119ac5e,draft,manual,Community-based Paediatrics,What mindset does the speaker recommend for clinicians when a patient enters their consulting room to improve cultural safety?
drafts/0591fbbc-3f64-44e6-9c3a-108feb9f67d7.json,0591fbbc-3f64-44e6-9c3a-108feb9f67d7,draft,ai,Community-based Paediatrics,"Because otitis media is especially prevalent in Aboriginal and Torres Strait Islander children, a remote clinic team reviews likely bacterial causes of acute otitis media. Which organism is identified in the source pack as the most common bacterial cause and the most common cause of acute complications?"
drafts/0655fda5-bbc6-47bb-809f-7a735086fc55.json,0655fda5-bbc6-47bb-809f-7a735086fc55,draft,manual,Paediatric Surgery,What is the primary indicator used to monitor and adjust the rate of fluid resuscitation in a burn patient?
drafts/06a7f0cd-e3ca-4799-b44e-4eaee53a4335.json,06a7f0cd-e3ca-4799-b44e-4eaee53a4335,draft,ai,Emergency Paediatrics,"In an **acute situation** where raised intracranial pressure is suspected, which imaging choice is supported by the notes?"
drafts/0717430f-4ccb-4c34-abd1-b96c78a0f864.json,0717430f-4ccb-4c34-abd1-b96c78a0f864,draft,manual,Paediatric Sub-specialties,"What is the recommended management for a child who has fully recovered from a single, simple febrile convulsion and is otherwise well?"
drafts/084fee2a-1bca-4329-8004-c853f37ac68e.json,084fee2a-1bca-4329-8004-c853f37ac68e,draft,ai,Paediatric Surgery,"According to the notes, where is Hirschsprung disease usually located?"
drafts/08b901c9-8d4a-4bd8-b846-f89c927fc89d.json,08b901c9-8d4a-4bd8-b846-f89c927fc89d,draft,manual,Paediatric Surgery,How does the use of a pacifier for an extended period typically affect the position of the teeth?
drafts/08c563d1-b35c-477e-ba80-4fc5bb6e5a14.json,08c563d1-b35c-477e-ba80-4fc5bb6e5a14,draft,ai,Paediatric Surgery,A junior doctor documents a groin swelling as an inguinal hernia and wants to classify it using the source pack terminology. Which pair is correct?
drafts/091b4333-cc4b-4418-94fa-1cfdddb7ef5d.json,091b4333-cc4b-4418-94fa-1cfdddb7ef5d,draft,manual,Paediatric Surgery,What is the expected long-term prognosis for 90% of children with transient synovitis?
drafts/0a0ae9a0-5256-4036-b598-4e64f32ab3e1.json,0a0ae9a0-5256-4036-b598-4e64f32ab3e1,draft,ai,Paediatric Sub-specialties,"A 10-month-old has vomiting and diarrhoea after several feeds, and the team is considering a delayed food-allergic mechanism. Before settling on that explanation, which alternative diagnosis does the source pack say is the biggest differential?"
drafts/0a15734c-05dc-4aa9-96d7-5c9b0b65fde6.json,0a15734c-05dc-4aa9-96d7-5c9b0b65fde6,draft,ai,Paediatric Sub-specialties,"A registrar is revising cystic fibrosis genetics and says that the common F508 mutation needs a drug that helps with channel opening. Based on the notes, which defect actually explains why a **corrector** is needed?"
drafts/0a169bc4-22c1-4398-adc8-ffc8d0d5c64d.json,0a169bc4-22c1-4398-adc8-ffc8d0d5c64d,draft,manual,General Paediatrics,"A child presents with a handlebar injury to the abdomen. According to the source, why is repeated clinical examination critical?"
drafts/0a1e9eb9-803f-4a33-8896-ac40f068c3d3.json,0a1e9eb9-803f-4a33-8896-ac40f068c3d3,draft,ai,Paediatric Surgery,A clinician is trying to decide whether a vomiting child has a medical or surgical cause for abdominal pain. Which finding is the **clearest exception** to the rule that medical causes should not produce guarding or rigidity?
drafts/0a41e055-c9bf-447f-bbb6-0dc6e4533ca4.json,0a41e055-c9bf-447f-bbb6-0dc6e4533ca4,draft,manual,Community-based Paediatrics,"According to Dr. Pollak, what are the three main clinical indicators used to refer a child for an ADHD evaluation?"
drafts/0a4816f8-6c77-4b67-a9f3-14a57e13f40c.json,0a4816f8-6c77-4b67-a9f3-14a57e13f40c,draft,ai,Paediatric Sub-specialties,A 9-year-old child has a low total white cell count. Which subtype of leukopaenia is stated to be most common in the study notes?
drafts/0a653a54-0099-4a35-9734-dc59b2f03666.json,0a653a54-0099-4a35-9734-dc59b2f03666,draft,manual,Paediatric Sub-specialties,Which of the following is identified as the most common underlying cause for hypertension in the pediatric population?
drafts/0a93ecba-cdec-45df-bc4d-f39139ecd2f6.json,0a93ecba-cdec-45df-bc4d-f39139ecd2f6,draft,ai,Paediatric Surgery,A 6-year-old has a recurrent swelling on the inner lower lip after habitual lip-biting. Which diagnosis best fits the source pack description?
drafts/0acb64ff-ef1f-4c76-b9bb-18ec3c77f64d.json,0acb64ff-ef1f-4c76-b9bb-18ec3c77f64d,draft,manual,Paediatric Surgery,Which of the following describes the long-term prognosis for approximately half of patients who had SCFE in adolescence?
drafts/0aceee9c-2d21-477f-b9bd-e24df66e2d21.json,0aceee9c-2d21-477f-b9bd-e24df66e2d21,draft,manual,Community-based Paediatrics,During which window of gestation is the pertussis-containing vaccine routinely recommended for pregnant women?
drafts/0ad119ee-90e4-4337-b087-53462a70bbc4.json,0ad119ee-90e4-4337-b087-53462a70bbc4,draft,ai,Paediatric Sub-specialties,A parent asks what normally causes functional closure of the foramen ovale after birth. Which answer is most accurate?
drafts/0b651f04-b78a-4c44-87fe-c199318af9f8.json,0b651f04-b78a-4c44-87fe-c199318af9f8,draft,ai,Paediatric Sub-specialties,"A 7-year-old boy presents with acute urinary retention, new constipation, and lower limb weakness developing over the same day. In a paediatric setting, which diagnosis should be treated as the neurological red flag that requires urgent escalation and imaging prioritisation?"
drafts/0b88524d-c0c0-4069-b3bf-21c04634e3a2.json,0b88524d-c0c0-4069-b3bf-21c04634e3a2,draft,ai,Paediatric Sub-specialties,"A child presents with recurrent facial swelling. Each episode improves temporarily with antibiotics, but the swelling keeps returning. There is no clear history of dental caries. Which feature most strongly supports keeping an odontogenic infection in the differential?"
drafts/0c0ee630-d67d-4285-ab3d-1f398f3e61a2.json,0c0ee630-d67d-4285-ab3d-1f398f3e61a2,draft,ai,Paediatric Sub-specialties,"For a strict internal SBA on renal investigations, which option is the safest best answer when asked what may accompany urinalysis in an individualised work-up?"
drafts/0cb0d933-6bff-4002-a069-92169b5cc8a1.json,0cb0d933-6bff-4002-a069-92169b5cc8a1,draft,manual,Community-based Paediatrics,"According to the source material, which age group in the Aboriginal and Torres Strait Islander population is currently experiencing an outbreak of infectious syphilis?"
drafts/0ccda8c8-91b3-45e5-89d4-63cf80ab517f.json,0ccda8c8-91b3-45e5-89d4-63cf80ab517f,draft,ai,Paediatric Sub-specialties,A 6-year-old boy is found to have leukopaenia on a full blood count done after several days of fever and coryza. He is otherwise well. Which additional laboratory pattern would be most concerning that the white cell abnormality is part of broader marrow involvement rather than an isolated issue?
drafts/0cd507d3-0fcf-4e31-8008-c7c47e40587b.json,0cd507d3-0fcf-4e31-8008-c7c47e40587b,draft,ai,Paediatric Sub-specialties,A 2-month-old infant has a newly obvious superficial infantile haemangioma on the upper arm. The parents ask about the usual long-term course. Which counselling point is most accurate?
drafts/0cda6e07-2e61-4990-9522-a16c391870a6.json,0cda6e07-2e61-4990-9522-a16c391870a6,draft,ai,Paediatric Sub-specialties,Why is a nasal **button battery** treated as a true urgency in the source pack?
drafts/0d212eac-6628-4e7c-b824-6951b5c7cc2d.json,0d212eac-6628-4e7c-b824-6951b5c7cc2d,draft,manual,Adolescent Medicine,What is the 'gold standard' for diagnosing Obstructive Sleep Apnea in the pediatric population?
drafts/0d36bfd1-d5bc-4aed-ad96-aa84c4e49556.json,0d36bfd1-d5bc-4aed-ad96-aa84c4e49556,draft,manual,Adolescent Medicine,Which of the following are identified as the primary drivers of morbidity and mortality in adolescents?
drafts/0d7b86de-94c0-41b3-acce-f9731a097cbf.json,0d7b86de-94c0-41b3-acce-f9731a097cbf,draft,manual,Community-based Paediatrics,A child presents with a faint rash and swelling of the salivary glands 8 days after receiving the MMR vaccine. What is the most likely explanation based on the source material?
drafts/0dd4b960-8da0-4a63-8e3c-0275a130541d.json,0dd4b960-8da0-4a63-8e3c-0275a130541d,draft,manual,Paediatric Sub-specialties,Which of the following is considered the 'gold standard' for the modern diagnosis of DMD?
drafts/0e00e3bb-4554-436a-b083-e914446b591a.json,0e00e3bb-4554-436a-b083-e914446b591a,draft,manual,Paediatric Sub-specialties,Which clinical presentation is most characteristic of a pediatric brain tumor located in the posterior fossa?
drafts/0e175957-5241-4c54-97e3-df372ff654ef.json,0e175957-5241-4c54-97e3-df372ff654ef,draft,manual,Paediatric Sub-specialties,Which clinical finding is considered a 'gold standard' for the bedside diagnosis of coarctation of the aorta?
drafts/0e308a8e-7ac1-483e-80a9-1e1592e26e59.json,0e308a8e-7ac1-483e-80a9-1e1592e26e59,draft,manual,Paediatric Surgery,"What is the most likely cause of redness at the foreskin in a boy who is still wearing nappies, according to Professor Holland?"
drafts/0e61db5c-3ef5-45f2-8047-a1e7a2247e5a.json,0e61db5c-3ef5-45f2-8047-a1e7a2247e5a,draft,manual,Paediatric Sub-specialties,The 'evanescent' rash associated with systemic JIA is most commonly described by which color and location?
drafts/0f3b56b3-ca07-4079-9c69-727f9b47a27c.json,0f3b56b3-ca07-4079-9c69-727f9b47a27c,draft,ai,Paediatric Sub-specialties,Which list contains **only CFTR correctors** according to the notes?
drafts/0f5d39b0-df0c-4488-97c1-832e3b6bb2fb.json,0f5d39b0-df0c-4488-97c1-832e3b6bb2fb,draft,ai,General Paediatrics,"An adolescent is being reviewed because a parent says, ""I'm not sure whether his development has always progressed normally."" Which history element is the most appropriate to include as part of a structured assessment?"
drafts/0fb10cb8-a7b3-4ea0-8773-32606689d110.json,0fb10cb8-a7b3-4ea0-8773-32606689d110,draft,manual,Paediatric Sub-specialties,What is the recommended mechanical technique for removing a non-battery foreign body from a child's nose using a curette?
drafts/0fecd421-81a6-468c-8c1f-f7de1b832554.json,0fecd421-81a6-468c-8c1f-f7de1b832554,draft,ai,Paediatric Surgery,"A child with a limp also has hepatosplenomegaly and anaemia. Within the allowed source pack, which broader cause should be prioritised?"
drafts/1050a694-37f5-46b4-8b1e-905d7ff569db.json,1050a694-37f5-46b4-8b1e-905d7ff569db,draft,ai,Paediatric Sub-specialties,A 2-year-old girl has a febrile convulsion lasting 4 minutes. Her parents ask whether they should use paracetamol straight away next time to prevent the convulsion from happening. Which response is best?
drafts/106731d4-2568-43d9-96ca-df9f89b4ef4a.json,106731d4-2568-43d9-96ca-df9f89b4ef4a,draft,manual,Paediatric Sub-specialties,Which of the following is a classic clinical sign used to assess for joint hypermobility?
drafts/1088501a-5a85-4399-b900-5db856738129.json,1088501a-5a85-4399-b900-5db856738129,draft,ai,Paediatric Sub-specialties,"A 9-month-old with an acute lower-airway illness is alert and maintaining colour, but has marked recession, nasal flaring, and accessory muscle use. In the source pack framework, these findings are best grouped as:"
drafts/10980e2e-8233-4e5b-8347-573f2e21b1e5.json,10980e2e-8233-4e5b-8347-573f2e21b1e5,draft,manual,General Paediatrics,Which of the following is considered a 'second line' treatment for nocturnal enuresis in older children?
drafts/10abcef5-2883-4b6e-be26-540124b9c286.json,10abcef5-2883-4b6e-be26-540124b9c286,draft,ai,Paediatric Sub-specialties,A clinician wants a nuclear medicine study that provides information on the differential function of each kidney in a child with renal tract concerns. Which scan does this?
drafts/10ccec07-d776-4f0a-95b3-36b2420016ec.json,10ccec07-d776-4f0a-95b3-36b2420016ec,draft,manual,Emergency Paediatrics,A 15-year-old boy shows significant wear on his upper anterior teeth but no signs of decay. He also has a morning cough and halitosis. What is the most likely cause of this tooth structure loss?
drafts/11064c0a-5658-49a1-9f82-b5e79f49175f.json,11064c0a-5658-49a1-9f82-b5e79f49175f,draft,ai,Paediatric Sub-specialties,A 6-year-old is prescribed montelukast as part of chronic asthma management. What daily dose is supported by the source pack for this age group?
drafts/113f9182-1d2d-431e-a126-f4762c3c509f.json,113f9182-1d2d-431e-a126-f4762c3c509f,draft,manual,Paediatric Surgery,Which term describes the region of bone located specifically between the physis and the epiphysis in a pediatric patient?
drafts/11b8d925-d581-4350-8ffb-24aa1bddb939.json,11b8d925-d581-4350-8ffb-24aa1bddb939,draft,ai,Paediatric Sub-specialties,A child has a low-pitched snoring noise from pharyngeal or nasal blockage. Which term best matches the notes?
drafts/121cc15f-1faa-4809-816b-42d11a3ac7cc.json,121cc15f-1faa-4809-816b-42d11a3ac7cc,draft,ai,Emergency Paediatrics,A febrile young infant has noisy breathing. Which sound-pattern pairing is correctly matched to the note excerpt?
drafts/125514b6-f452-412c-98e3-28da78990d58.json,125514b6-f452-412c-98e3-28da78990d58,draft,manual,Paediatric Sub-specialties,"In which patient population is the use of Beta-blockers, such as Atenolol, specifically contraindicated?"
drafts/129dd7cc-f8bc-4365-9bfc-5c1842a11f11.json,129dd7cc-f8bc-4365-9bfc-5c1842a11f11,draft,manual,Paediatric Sub-specialties,A 7-year-old child presents with frequent eye-blinking and throat-clearing that have occurred daily for 14 months. What is the most appropriate classification for this condition?
drafts/13a23d65-3bfc-4c5f-b175-ed553b2adc53.json,13a23d65-3bfc-4c5f-b175-ed553b2adc53,draft,ai,Paediatric Sub-specialties,An infant with suspected non-IgE-mediated food allergy is breastfed. The team recommends maternal elimination. What counselling point should also be included if the mother needs to eliminate both cow milk and soy?
drafts/13c5c926-f22b-4324-b926-5fd18c5baa76.json,13c5c926-f22b-4324-b926-5fd18c5baa76,draft,ai,Paediatric Sub-specialties,"A 3-week-old infant is reviewed for umbilical redness with discharge, and the umbilical cord has still not separated. Which feature in this history is the strongest reason to consider an underlying immunodeficiency or immune dysregulation?"
drafts/1406d417-22e7-414f-9872-932576b82cf1.json,1406d417-22e7-414f-9872-932576b82cf1,draft,ai,Paediatric Sub-specialties,An adolescent is being discussed at orthopaedic oncology handover. Which site pattern is most consistent with Ewing sarcoma rather than osteosarcoma?
drafts/141a39f7-8b4d-4771-900e-856cc68cf1c6.json,141a39f7-8b4d-4771-900e-856cc68cf1c6,draft,ai,Adolescent Medicine,"A 14-year-old asks for help ""not making stupid relationship decisions."" She has started dating early, spends a lot of time home alone, is missing school, feels bad about herself, and has recently started drinking at parties. According to the notes, what is the **best focus for follow-up**?"
drafts/149132b1-fccf-459a-8463-cf955be475c3.json,149132b1-fccf-459a-8463-cf955be475c3,draft,manual,Paediatric Surgery,"According to the Salter-Harris classification, a Type II injury involves which of the following?"
drafts/14c49e0d-606d-4fbf-b78d-51d8c8954f5e.json,14c49e0d-606d-4fbf-b78d-51d8c8954f5e,draft,manual,Paediatric Sub-specialties,Which symptom is a definitive indicator of anaphylaxis rather than a moderate allergic reaction?
drafts/15572832-8cc5-4bdd-b616-88e5dda8a5bc.json,15572832-8cc5-4bdd-b616-88e5dda8a5bc,draft,ai,Paediatric Surgery,"An 8-year-old child is brought to the emergency department after a playground collision. An upper central incisor has been avulsed. Based on the normal eruption timing in the provided notes, which interpretation is most likely?"
drafts/163140c2-14c3-4711-9951-e9b7bc5a482e.json,163140c2-14c3-4711-9951-e9b7bc5a482e,draft,manual,Adolescent Medicine,"In terms of age definitions provided in the text, how is 'Youth' categorized?"
drafts/16697e79-57e8-40b0-848d-b12fa2682ea2.json,16697e79-57e8-40b0-848d-b12fa2682ea2,draft,manual,Paediatric Sub-specialties,Which condition is associated with a macrocytic anemia where the red blood cells are larger than normal for the patient's age?
drafts/16a6d26a-ba26-46ba-ba2a-b39352c76c88.json,16a6d26a-ba26-46ba-ba2a-b39352c76c88,draft,manual,Paediatric Surgery,"What is a common clinical presentation of facial swelling in children with an odontogenic cause, as described in the text?"
drafts/16e0162b-82e6-45ac-9cd6-326196a04627.json,16e0162b-82e6-45ac-9cd6-326196a04627,draft,ai,Paediatric Sub-specialties,A school-age child has a persistent **brassy** cough between otherwise minor viral illnesses. Which specific diagnosis from the source pack is most strongly suggested by this cough quality?
drafts/17074664-5e1c-41ce-83a5-1771bba6e057.json,17074664-5e1c-41ce-83a5-1771bba6e057,draft,manual,Paediatric Surgery,What is the recommended age range for surgical intervention if a testis has not descended by three months of age?
drafts/1741b2ed-74da-4988-8d42-8f6b412319ed.json,1741b2ed-74da-4988-8d42-8f6b412319ed,draft,manual,Emergency Paediatrics,Which enzyme is responsible for converting bilirubin to its soluble diglucuronide form within the hepatocyte?
drafts/17818448-2268-4dbe-a786-51b3b198f053.json,17818448-2268-4dbe-a786-51b3b198f053,draft,manual,General Paediatrics,Which syndrome is identified as the most common one associated with congenital cataracts?
drafts/179f3524-1483-4217-9341-fb04c1246d70.json,179f3524-1483-4217-9341-fb04c1246d70,draft,ai,Paediatric Sub-specialties,"An 8-week-old infant presents with respiratory distress. A colleague keeps framing the problem as a transient neonatal lung issue. Based on the notes, which diagnosis should remain prominent in the differential for an older infant beyond the first few days of life?"
drafts/17a34c39-9cf8-440e-8a9e-41479b966c7e.json,17a34c39-9cf8-440e-8a9e-41479b966c7e,draft,ai,Community-based Paediatrics,A 6-week-old is reviewed for a firm lump at the injection site after vaccination. Which vaccine-specific AEFI in the source pack is associated with a lump at the injection site?
drafts/17c41691-3e76-48a3-891b-c280bf7ea071.json,17c41691-3e76-48a3-891b-c280bf7ea071,draft,manual,Paediatric Sub-specialties,What is the definitive test used to diagnose the presence of even slight strabismus?
drafts/17c5b09d-0695-491d-8c4d-000322af7515.json,17c5b09d-0695-491d-8c4d-000322af7515,draft,ai,General Paediatrics,"Parents of a 30-month-old boy report that he does not seem to notice people entering the room, rarely responds to sounds, and makes little eye contact. What is the most appropriate next step from the options below?"
drafts/17fa4477-fa92-440f-9571-c5c3d5ab4ec4.json,17fa4477-fa92-440f-9571-c5c3d5ab4ec4,draft,ai,Paediatric Sub-specialties,Which investigation is most appropriate when the clinical picture suggests **IgE-mediated sensitisation** rather than a delayed non-IgE-mediated process?
drafts/181996e7-43a5-41fc-8ef3-d1cc3a91308c.json,181996e7-43a5-41fc-8ef3-d1cc3a91308c,draft,manual,General Paediatrics,Which of the following is a symptom of hypocalcemia that may appear specifically in children under six months of age?
drafts/1838a800-ad07-42a9-81a8-138cb2d52a26.json,1838a800-ad07-42a9-81a8-138cb2d52a26,draft,ai,Paediatric Surgery,A neonatal handover identifies several boys for closer review of possible cryptorchidism risk. Which infant has the **strongest note-supported baseline risk profile**?
drafts/18ba6ddf-46e8-4fc4-a809-7969f5194a9a.json,18ba6ddf-46e8-4fc4-a809-7969f5194a9a,draft,ai,Paediatric Sub-specialties,An adolescent with diabetes is unwell at home. Their glucose is low and blood ketones are elevated. Which response best matches the source notes?
drafts/194d0340-8b2c-4523-8e50-1db95f5712ee.json,194d0340-8b2c-4523-8e50-1db95f5712ee,draft,ai,Adolescent Medicine,"During review, a 16-year-old answers 'yes' to using alcohol to relax or fit in, using substances while alone, and forgetting things while using them. What is the **best interpretation**?"
drafts/1961b3b4-1f5d-4dca-ac51-afe9ad7136f0.json,1961b3b4-1f5d-4dca-ac51-afe9ad7136f0,draft,ai,Community-based Paediatrics,"When explaining **why C2 deficiency may be associated with autoimmune disease**, which mechanism from the notes is most accurate?"
drafts/199bc3c8-9316-4af5-b890-3206b4863d49.json,199bc3c8-9316-4af5-b890-3206b4863d49,draft,manual,Adolescent Medicine,Chronic stress during early childhood can interfere with learning and memory by affecting which biological system?
drafts/19ec46ae-273a-404c-8032-5fc65dbebc76.json,19ec46ae-273a-404c-8032-5fc65dbebc76,draft,ai,Emergency Paediatrics,A toddler with suspected foreign body aspiration has unilateral overinflation on imaging. Which explanation best fits the mechanism described in the notes?
drafts/1a861924-fa2d-4d03-a18a-3adf9cf026d0.json,1a861924-fa2d-4d03-a18a-3adf9cf026d0,draft,ai,Paediatric Sub-specialties,"An 8-year-old has recurrent wheeze and cough, but spirometry efforts are inconsistent and not reproducible. Which is the best interpretation?"
drafts/1a8893ba-dca1-459d-8deb-204eaad8925e.json,1a8893ba-dca1-459d-8deb-204eaad8925e,draft,manual,Paediatric Sub-specialties,Why is head circumference monitoring most relevant during the first two years of life?
drafts/1a9209f3-f886-45af-80a1-34f1d7fc5e22.json,1a9209f3-f886-45af-80a1-34f1d7fc5e22,draft,manual,Community-based Paediatrics,"In the context of MRSA skin infections in areas like Dubbo, what is the recommended empiric therapy mentioned in the source?"
drafts/1b364e28-ee2a-4615-aa88-0657abb74bf2.json,1b364e28-ee2a-4615-aa88-0657abb74bf2,draft,ai,General Paediatrics,"At review, which anthropometric trend would keep increased loss from diarrhoea or malabsorption high on the differential?"
drafts/1b89f8cf-48a0-4011-bc39-ea4911ed6eea.json,1b89f8cf-48a0-4011-bc39-ea4911ed6eea,draft,ai,Adolescent Medicine,Which young person best fits the SCHN Trapeze transition service described in the notes?
drafts/1bd73b6a-7f9d-410e-b33e-cf5bc9df36e3.json,1bd73b6a-7f9d-410e-b33e-cf5bc9df36e3,draft,ai,Paediatric Sub-specialties,A 7-year-old presents with a swollen ankle that has persisted for 7 weeks. There is no defined alternative cause on assessment. Which statement best matches the note-based definition of juvenile idiopathic arthritis (JIA)?
drafts/1be93898-4746-479e-b9e2-35b9a3fdd81f.json,1be93898-4746-479e-b9e2-35b9a3fdd81f,draft,ai,Adolescent Medicine,"A 15-year-old says, ""There is no point trying to improve things at school because whether things go badly or well is just luck."" Which clinician response best supports the **resilience factor** highlighted in the notes?"
drafts/1bf1e229-733a-4839-a923-60382a45ea43.json,1bf1e229-733a-4839-a923-60382a45ea43,draft,manual,Emergency Paediatrics,What is the most common background pathogenesis for developmental delay according to the source material?
drafts/1c9cb139-1e67-4abb-8a11-b1501ead7093.json,1c9cb139-1e67-4abb-8a11-b1501ead7093,draft,manual,Paediatric Sub-specialties,"According to the source, what is the clinical utility of performing an EEG on a child who presents with headaches as their only symptom?"
drafts/1cd6a4ea-8aed-461c-ab20-a0c7ac5658a2.json,1cd6a4ea-8aed-461c-ab20-a0c7ac5658a2,draft,ai,Paediatric Surgery,"A 9-year-old girl is booked for a minor painful skin procedure in a paediatric surgical clinic. The team plans to use topical anaesthetic cream. Based on the source pack, when should this be given?"
drafts/1d3abdca-7286-4ea7-b98f-261ecc464c1d.json,1d3abdca-7286-4ea7-b98f-261ecc464c1d,draft,manual,Adolescent Medicine,What is identified as the primary concern for young people when choosing a contraceptive method?
drafts/1d874f49-36f6-4420-a702-d4ff24c876a7.json,1d874f49-36f6-4420-a702-d4ff24c876a7,draft,ai,Paediatric Sub-specialties,Which presentation is listed as a **red flag** in a child with strabismus and should increase concern about significant underlying pathology?
drafts/1dd64c54-fb9d-4790-86e1-8d062198677d.json,1dd64c54-fb9d-4790-86e1-8d062198677d,draft,manual,Paediatric Sub-specialties,Which maternal factor is most strongly associated with an increased incidence of gastroschisis?
drafts/1e297754-ba50-4ee0-8a89-274632f398fa.json,1e297754-ba50-4ee0-8a89-274632f398fa,draft,ai,Community-based Paediatrics,A paediatric resident is comparing program priorities between Australia and lower-resource settings during a global child health seminar. Which statement best reflects the source pack's regional framing?
drafts/1e5d7b56-5b96-4d41-9a80-5fe04ca2e1a4.json,1e5d7b56-5b96-4d41-9a80-5fe04ca2e1a4,draft,manual,Emergency Paediatrics,"According to the 2020 IASP definition, which of the following best describes the nature of pain?"
drafts/1ee978fc-69ac-41a6-be4a-319d1d5528e4.json,1ee978fc-69ac-41a6-be4a-319d1d5528e4,draft,manual,Paediatric Sub-specialties,What is the standard immediate management for a pediatric oncology patient who develops a fever while on chemotherapy?
drafts/1f9aeac7-1733-4d83-aa43-597a8532ed10.json,1f9aeac7-1733-4d83-aa43-597a8532ed10,draft,ai,Community-based Paediatrics,"During handover, a registrar says, ""This child needs a FaCS report today."" Based on the source pack, what is the best interpretation of that instruction?"
drafts/1fa54e7d-1c6a-469d-b8cf-708554b8d256.json,1fa54e7d-1c6a-469d-b8cf-708554b8d256,draft,ai,Community-based Paediatrics,"A community paediatrics class is comparing where diarrhoeal disease prevention may have the greatest impact. According to the source pack, where is the burden of diarrhoea greatest?"
drafts/1fbc305d-7220-45c1-a2e7-5d62e4eec8d5.json,1fbc305d-7220-45c1-a2e7-5d62e4eec8d5,draft,ai,Emergency Paediatrics,"A 2-year-old has a single brief generalised tonic-clonic seizure during a febrile illness, lasting under 1 minute, followed by a post-ictal phase. Which feature set is most consistent with a typical febrile seizure in the notes?"
drafts/1fbda6d6-21d6-4639-aa6f-03d7b62a13a5.json,1fbda6d6-21d6-4639-aa6f-03d7b62a13a5,draft,manual,Paediatric Surgery,A patient presents with a 'bag of worms' appearance in the left hemiscrotum that is more prominent when standing. This condition is most likely related to which vessel?
drafts/202b27e0-5c6f-4ade-a6ae-60f27b687069.json,202b27e0-5c6f-4ade-a6ae-60f27b687069,draft,ai,Paediatric Sub-specialties,Which finding best distinguishes gonadarche from pubarche in the source pack?
drafts/20653a73-f0b3-4456-b7e5-8e0791e98241.json,20653a73-f0b3-4456-b7e5-8e0791e98241,draft,manual,Paediatric Sub-specialties,Which pairs of foods exhibit a high level of clinical cross-reactivity according to the source?
drafts/209e33eb-c07a-4f74-8399-9a6be3e73023.json,209e33eb-c07a-4f74-8399-9a6be3e73023,draft,manual,Paediatric Sub-specialties,"For a child under the age of $10$, what is the recommended 'rule of thumb' for daily voiding frequency to help prevent recurrent UTIs?"
drafts/20ac8cca-04aa-4efb-aa42-0acc5628af6e.json,20ac8cca-04aa-4efb-aa42-0acc5628af6e,draft,ai,General Paediatrics,"During assessment of a child with short stature, which associated problem would most support a secondary pathological cause due to nutritional insufficiency?"
drafts/20c4c7f2-c6ab-4602-8144-2c5a6db4b4e4.json,20c4c7f2-c6ab-4602-8144-2c5a6db4b4e4,draft,manual,Adolescent Medicine,"For an adolescent with frequent daytime symptoms on most days and waking overnight more than once a week, what is a recommended initial treatment?"
drafts/21419693-c9e0-4046-8d03-c76b7f881d92.json,21419693-c9e0-4046-8d03-c76b7f881d92,draft,ai,Community-based Paediatrics,"A child presents for routine vaccination while anticoagulation is being monitored. Their INR today is 3.4. Based on the notes, what is the best next step for an intramuscular vaccine planned for today?"
drafts/215e6236-b437-4f48-aa6f-62f48edc714b.json,215e6236-b437-4f48-aa6f-62f48edc714b,draft,ai,Adolescent Medicine,A school health coordinator sees that teen pregnancy and birth rates have been relatively stable since the 1990s and concludes that sexual health promotion can probably be scaled back because adolescent sexual risk must be falling overall. Which interpretation best fits the notes?
drafts/21795795-dfc6-4261-b280-8e64f23b71d7.json,21795795-dfc6-4261-b280-8e64f23b71d7,draft,ai,Paediatric Sub-specialties,"During a teaching session for parents after a new diagnosis of diabetes, the registrar explains why bedside glucose testing is often included when children present acutely unwell. What is the best explanation for this practice?"
drafts/218062d2-33fa-4c66-a71a-c6c983d35956.json,218062d2-33fa-4c66-a71a-c6c983d35956,draft,manual,Paediatric Surgery,"In the context of Necrotizing Enterocolitis (NEC), what radiographic finding is considered a classic sign of the disease progression?"
drafts/218a47e9-ff26-4603-92ab-53b39fc8d64d.json,218a47e9-ff26-4603-92ab-53b39fc8d64d,draft,manual,Community-based Paediatrics,Which of the following is a specific difference in the Aboriginal immunization schedule mentioned in the material?
drafts/22051adc-9998-47c7-b6bc-2423383c31e6.json,22051adc-9998-47c7-b6bc-2423383c31e6,draft,ai,Paediatric Sub-specialties,"An 11-year-old boy is noted to have testicular enlargement, with testicular volume measured at 4 mL. Which pubertal event does this most strongly indicate?"
drafts/22111e8a-01c2-4320-b76d-c320418fca9b.json,22111e8a-01c2-4320-b76d-c320418fca9b,draft,ai,Paediatric Sub-specialties,A floppy infant is reviewed. Which combination of features is most supportive of **central hypotonia** based on the source notes?
drafts/2240c7d2-f887-4687-a80b-ca7b1956d5ce.json,2240c7d2-f887-4687-a80b-ca7b1956d5ce,draft,manual,Paediatric Sub-specialties,How does the pain of inflammatory enthesitis differ from that of mechanical apophysitis?
drafts/22612a9f-fc85-4550-954f-5cd3c6157920.json,22612a9f-fc85-4550-954f-5cd3c6157920,draft,ai,Paediatric Surgery,A child is diagnosed with a **plunging ranula**. Which operative approach is described in the source notes?
drafts/2266c5cf-0007-46e7-8795-4c78f49ef839.json,2266c5cf-0007-46e7-8795-4c78f49ef839,draft,ai,General Paediatrics,Which potential question would be most appropriate to reject first because its examinable claim is clearly unsupported by the provided excerpts?
drafts/227d9f33-2f0c-46ea-a29a-a458eafe8aa1.json,227d9f33-2f0c-46ea-a29a-a458eafe8aa1,draft,ai,Adolescent Medicine,"A father in a Sydney paediatric clinic says, ""My daughter is 17, so either she can always consent for herself or she cannot. Which is it?"" What is the **best explanation** based on the notes?"
drafts/2324242f-590b-4bd4-8c08-b2a650ece820.json,2324242f-590b-4bd4-8c08-b2a650ece820,draft,manual,Emergency Paediatrics,"In the management of childhood bronchiolitis, which of the following is considered the standard of care?"
drafts/2328f30d-ad83-4fe1-b6c9-8c36c0440f0a.json,2328f30d-ad83-4fe1-b6c9-8c36c0440f0a,draft,manual,Paediatric Sub-specialties,"When managing a child with Duchenne Muscular Dystrophy, what is the primary benefit of corticosteroid therapy?"
drafts/238caf42-1b53-419d-86f8-a86446dbc77f.json,238caf42-1b53-419d-86f8-a86446dbc77f,draft,ai,Paediatric Sub-specialties,A registrar is preparing a structured cardiovascular examination for suspected congenital heart disease. Which examination element from the Louisa notes is especially relevant when considering an obstructive lesion such as coarctation?
drafts/24b843ec-8c11-406d-9f3e-62f1b39b7aa4.json,24b843ec-8c11-406d-9f3e-62f1b39b7aa4,draft,ai,Adolescent Medicine,A junior doctor suggests skipping broader adolescent psychosocial review for a 16-year-old with a chronic neurological condition because 'young people with chronic illness are usually protected from risk-taking'. Which response is most appropriate?
drafts/24cdb7b5-7395-4690-baf3-20b814ccf6dc.json,24cdb7b5-7395-4690-baf3-20b814ccf6dc,draft,manual,Community-based Paediatrics,"Which of the following Aboriginal health indicators is reported to be improving, according to the CoAG reports?"
drafts/256c492e-9ac6-47e4-89ed-9d7681f8bab7.json,256c492e-9ac6-47e4-89ed-9d7681f8bab7,draft,manual,Paediatric Sub-specialties,What is the defining clinical challenge of diagnosing Catecholaminergic Polymorphic Ventricular Tachycardia (CPVT)?
drafts/25a9fac0-146d-4b3d-ae9f-2504332a6e15.json,25a9fac0-146d-4b3d-ae9f-2504332a6e15,draft,ai,Paediatric Surgery,"A supervisor reviews a family-counselling SBA draft and notices that every counselling point is highly specific, but none appears in the source excerpts. What is the best recommendation?"
drafts/25c1bfe0-b9d1-4a90-9de8-095b35de0df4.json,25c1bfe0-b9d1-4a90-9de8-095b35de0df4,draft,ai,Paediatric Sub-specialties,A parent asks which non-prescription supplements are mentioned in the notes as options in headache prevention discussions. Which answer is correct?
drafts/25cc4ac0-0321-4fe2-9144-b3b120f581e6.json,25cc4ac0-0321-4fe2-9144-b3b120f581e6,draft,manual,Paediatric Sub-specialties,Which of the following clinical findings is most characteristic of nephritic syndrome rather than nephrotic syndrome?
drafts/25eabbc0-215c-4ecc-b86b-5a8fc5771af6.json,25eabbc0-215c-4ecc-b86b-5a8fc5771af6,draft,ai,Paediatric Sub-specialties,"A 9-month-old had no obvious symptoms the first time egg was offered, but developed urticaria within minutes on a later exposure. Which immune event most plausibly occurred during the earlier sensitisation phase?"
drafts/271f5ec8-b73b-4192-a6a9-d463270e29b4.json,271f5ec8-b73b-4192-a6a9-d463270e29b4,draft,ai,Paediatric Sub-specialties,"An 8-month-old has cough, wheeze, and crackles during a viral lower respiratory illness. The chart from 6 weeks earlier describes a similar viral lower respiratory episode with wheeze. Which detail most strongly argues against labelling the current illness as bronchiolitis under the source-pack definition?"
drafts/27200f70-6090-45a5-b5f0-c26f5b5a47ba.json,27200f70-6090-45a5-b5f0-c26f5b5a47ba,draft,ai,Paediatric Sub-specialties,"At a routine review, a clinician reinforces one general principle listed under ketosis prevention for future sick days. Which point should be included?"
drafts/275c31c3-92e3-472f-9860-9beac1a8a4cf.json,275c31c3-92e3-472f-9860-9beac1a8a4cf,draft,ai,General Paediatrics,"A 22-month-old boy is brought for review of mild eczema. During the consultation, his mother mentions that he is not yet combining words. The clinician asks the parent targeted questions about development, watches the child play, and checks the Blue Book before deciding whether further assessment is needed. Which term best describes what the clinician is doing at this visit?"
drafts/27b2c1d9-374a-4db2-a918-5317d5af329a.json,27b2c1d9-374a-4db2-a918-5317d5af329a,draft,manual,Adolescent Medicine,Which trait is characteristic of a 'resilient' adolescent according to the lecture?
drafts/27bed37b-0a69-4440-8dc6-9f260cf2186d.json,27bed37b-0a69-4440-8dc6-9f260cf2186d,draft,ai,General Paediatrics,Parents ask what background factor makes nocturnal enuresis more likely in a school-aged child who wets the bed at night. Which factor is supported by the source pack?
drafts/27d8eb93-871a-4605-a56e-85bd2a76de06.json,27d8eb93-871a-4605-a56e-85bd2a76de06,draft,ai,Paediatric Sub-specialties,"A well newborn has a red-orange stain in the nappy, and the family worries this represents blood. According to the source notes, which finding is commonly mistaken for haematuria in neonates?"
drafts/27f39331-b0fc-4de5-82ae-240dff615b98.json,27f39331-b0fc-4de5-82ae-240dff615b98,draft,ai,Paediatric Sub-specialties,"In an eczema review, a parent mentions persistent sneezing and nasal symptoms. Which associated condition is listed in the notes as occurring in 50-80% of children with atopic dermatitis?"
drafts/2857fa4e-3740-444b-928b-f4a825bb637b.json,2857fa4e-3740-444b-928b-f4a825bb637b,draft,ai,Paediatric Surgery,"A 13-year-old boy with a high BMI attends for pubertal assessment. His mother is worried that his penis ""looks very small,"" but the main difficulty on examination is that the shaft seems hidden within surrounding tissue. Based on the source pack, which explanation is most consistent with this appearance?"
drafts/285c3a3b-1bcc-4844-9273-a5756de673e3.json,285c3a3b-1bcc-4844-9273-a5756de673e3,draft,manual,Adolescent Medicine,"When resuscitating a bleeding child, what is the current recommended approach regarding fluids?"
drafts/2873d884-7bfc-4f2f-9912-de3b547720c0.json,2873d884-7bfc-4f2f-9912-de3b547720c0,draft,ai,General Paediatrics,"At a well-child visit, which combination should be assessed serially and plotted on the appropriate growth chart according to the notes?"
drafts/289dc05a-2f79-4d53-98a5-18e1d9a36039.json,289dc05a-2f79-4d53-98a5-18e1d9a36039,draft,ai,Paediatric Sub-specialties,"A registrar explains that early recognition of amblyogenic eye disease matters because normal visual development can be interrupted during the sensitive period. According to the source pack, when is this sensitive period?"
drafts/28ac301f-6d08-4b2b-84dd-3c1ad45d6c84.json,28ac301f-6d08-4b2b-84dd-3c1ad45d6c84,draft,ai,Paediatric Sub-specialties,"A newborn is noted to have a ventricular septal defect on imaging, but no murmur is heard on day 1. What is the best explanation to give the family?"
drafts/28e54858-debf-4b6f-884c-b02df7d43874.json,28e54858-debf-4b6f-884c-b02df7d43874,draft,manual,Paediatric Sub-specialties,"A child presents with episodes of intractable vomiting, pallor, and dehydration preceded by a distinct prodromal phase. Which condition should be considered once gastrointestinal causes are ruled out?"
drafts/293237ee-6201-485a-bc40-82c397a6d25d.json,293237ee-6201-485a-bc40-82c397a6d25d,draft,manual,Emergency Paediatrics,What is the primary objective of the 'One Voice' approach in a procedure room?
drafts/29654977-ff7f-47e1-8547-4d31c0b49a0c.json,29654977-ff7f-47e1-8547-4d31c0b49a0c,draft,manual,Paediatric Sub-specialties,What is the recommended dose of salbutamol for a child over 6 years of age during an asthma flare-up?
drafts/299cef98-c115-4d9b-9af2-bf972f8fdd91.json,299cef98-c115-4d9b-9af2-bf972f8fdd91,draft,manual,Paediatric Surgery,What is the typical sequence of eruption for the primary dentition?
drafts/2a9512da-ff7d-483d-a28b-84820eb2339d.json,2a9512da-ff7d-483d-a28b-84820eb2339d,draft,manual,Community-based Paediatrics,Which medication is noted for treating aggressive behavior in children with autism that is not managed by behavior support alone?
drafts/2aed239f-be51-454a-b831-38ad5c0d06ba.json,2aed239f-be51-454a-b831-38ad5c0d06ba,draft,ai,General Paediatrics,Which growth pattern is a stronger discriminator for structural or endocrine causes than for chronic diarrhoea or malabsorption?
drafts/2b05c289-5974-455b-92c9-eaa1b195c9d0.json,2b05c289-5974-455b-92c9-eaa1b195c9d0,draft,manual,Paediatric Sub-specialties,Which of the following is a classic clinical 'red flag' suggesting that a child's headache may be caused by raised intracranial pressure?
drafts/2b4a53fc-fa1e-435f-91c8-e309e8e10d36.json,2b4a53fc-fa1e-435f-91c8-e309e8e10d36,draft,ai,Paediatric Sub-specialties,A parent is updating their 8-year-old's written asthma plan. They ask which feature is least suitable to rely on as the main sign for escalation because children may not report it consistently. Which is the best answer?
drafts/2bbf8062-b412-4e7b-9e20-5b6fcb76292f.json,2bbf8062-b412-4e7b-9e20-5b6fcb76292f,draft,manual,Paediatric Sub-specialties,Which imaging modality is generally preferred for evaluating a stable child with macrocephaly and developmental delay?
drafts/2bce10cd-fca5-4112-a843-933acc8f13e2.json,2bce10cd-fca5-4112-a843-933acc8f13e2,draft,ai,Paediatric Sub-specialties,Delayed management of a traumatic septal injury can lead to septal perforation. Which **additional** complication is specifically mentioned in the source pack?
drafts/2c94d6d6-22b7-4541-a556-58c243856260.json,2c94d6d6-22b7-4541-a556-58c243856260,draft,manual,Emergency Paediatrics,"In the management of severe or life-threatening croup, what is the role of nebulized adrenaline?"
drafts/2d526e8b-c4e3-4f90-b233-c4071c86b1ff.json,2d526e8b-c4e3-4f90-b233-c4071c86b1ff,draft,manual,Paediatric Sub-specialties,Which of the following serves as the negative control in a standard skin prick test?
drafts/2dfaa7ad-19c9-4fbe-a38f-ef1031cd80f7.json,2dfaa7ad-19c9-4fbe-a38f-ef1031cd80f7,draft,ai,Paediatric Surgery,"Which neck lump is best matched by the following description from the source pack: midline, non-tender, soft, fluctuant, yellowish, tethered to overlying skin, and does not move with tongue protrusion or swallowing?"
drafts/2e0363ed-077b-44eb-a0bc-5cfb9ba4fa9b.json,2e0363ed-077b-44eb-a0bc-5cfb9ba4fa9b,draft,ai,Paediatric Surgery,Which age range is the typical onset window for bow legs (genu varum) in the notes?
drafts/2e1ca668-9022-4c50-ba50-a32494462b68.json,2e1ca668-9022-4c50-ba50-a32494462b68,draft,manual,Paediatric Surgery,What is the clinical significance of a child's gum pads appearing 'deficient' or less well-formed in certain areas?
drafts/2e423325-b5bc-4389-af80-42b5a133f301.json,2e423325-b5bc-4389-af80-42b5a133f301,draft,ai,Adolescent Medicine,A 16-year-old with ADHD describes impulsive sexual decisions that they later regret. Which note-based interpretation is **best**?
drafts/2e4d53af-e323-4eab-a734-71fa0d8f16c4.json,2e4d53af-e323-4eab-a734-71fa0d8f16c4,draft,manual,Paediatric Sub-specialties,The Miller Fisher variant of Guillain-Barré Syndrome is characterized by which triad of symptoms?
drafts/2ef70c69-fcb5-48aa-9d3c-c2930bd6d450.json,2ef70c69-fcb5-48aa-9d3c-c2930bd6d450,draft,ai,Paediatric Sub-specialties,"During discharge counselling for a school-aged child with asthma, which trigger should be identified as **typical** for exacerbations?"
drafts/3066fc0c-d6ae-432d-b906-cbd705eb8067.json,3066fc0c-d6ae-432d-b906-cbd705eb8067,draft,ai,Paediatric Sub-specialties,"During a teaching discussion on normal dental development, a student asks why permanent teeth can provide clues about early postnatal health. What is the best explanation?"
drafts/30b76cce-4124-4a14-8d25-9d84c1669804.json,30b76cce-4124-4a14-8d25-9d84c1669804,draft,manual,General Paediatrics,"In the context of bedwetting alarms, what is 'overlearning'?"
drafts/3126f0a7-bc56-4949-a007-0199e24e1c50.json,3126f0a7-bc56-4949-a007-0199e24e1c50,draft,manual,Paediatric Surgery,"According to the Parkland formula timing, if a patient is burned at 12:00 PM and arrives at the hospital at 2:00 PM, by what time should the first half of the calculated fluid be administered?"
drafts/31c1fa51-15d5-4c2f-a0c5-0ecb527a406f.json,31c1fa51-15d5-4c2f-a0c5-0ecb527a406f,draft,manual,Paediatric Sub-specialties,What common initial misdiagnosis is seen in nearly $90\%$ of children presenting with their first episode of nephrotic syndrome?
drafts/31cb0e18-ca07-49c2-8d4e-608d0f4ce764.json,31cb0e18-ca07-49c2-8d4e-608d0f4ce764,draft,ai,General Paediatrics,"When following a regurgitating infant over time, which change should most clearly prompt reconsideration of uncomplicated GOR and escalation of assessment?"
drafts/31cc914d-e19d-4dfa-8d0f-e1f27b8cb4fd.json,31cc914d-e19d-4dfa-8d0f-e1f27b8cb4fd,draft,ai,Paediatric Sub-specialties,A 7-year-old with cystic fibrosis attends routine follow-up. The family asks why vitamin review remains part of ongoing care even when the child seems stable. Which nutrient group is specifically supported by the provided notes as part of cystic fibrosis care?
drafts/31d4ab50-7d77-4ff7-92c4-b1a065473bec.json,31d4ab50-7d77-4ff7-92c4-b1a065473bec,draft,manual,Paediatric Surgery,What is the typical age range for a child to present with transient synovitis of the hip?
drafts/322de2ff-c628-4b0a-ab69-9021e409621d.json,322de2ff-c628-4b0a-ab69-9021e409621d,draft,ai,Paediatric Sub-specialties,"A 7-year-old boy has brief, repeated shoulder jerks and throat-clearing noises during class. His mother says he can sometimes hold them back for a short period, and he describes an uncomfortable urge beforehand. Which feature most strongly supports a tic rather than an epileptic seizure?"
drafts/32b63c51-c59e-43a9-8b27-9550b68d67a3.json,32b63c51-c59e-43a9-8b27-9550b68d67a3,draft,ai,Community-based Paediatrics,A trainee asks you to summarise the broad note-based pathways after assessing harm risk in a child or adolescent. Which set is correct?
drafts/32e4c7dd-02f6-4616-88a0-62b1ce039e38.json,32e4c7dd-02f6-4616-88a0-62b1ce039e38,draft,ai,Emergency Paediatrics,A paediatric emergency clinician orders chest radiography with inspiratory and expiratory views for suspected inhaled foreign body. What abnormality are these additional views mainly intended to assess?
drafts/32f77d9f-01a5-45e0-8750-10532e3c1545.json,32f77d9f-01a5-45e0-8750-10532e3c1545,draft,manual,Emergency Paediatrics,Which finding on physical examination helps distinguish chronic liver disease from acute liver failure in a pediatric patient?
drafts/340390bd-071d-422b-9970-62f72259a21e.json,340390bd-071d-422b-9970-62f72259a21e,draft,ai,Community-based Paediatrics,Parents ask why their child’s ADHD medication plan may need adjustment over time rather than following a single fixed formula for every child. Which statement from the notes best answers this?
drafts/3438ca25-8b12-42b3-bd90-58ca619c9896.json,3438ca25-8b12-42b3-bd90-58ca619c9896,draft,manual,Paediatric Sub-specialties,What is the primary pathological cause of Duchenne Muscular Dystrophy?
drafts/3455bbd5-89dd-4f0f-9b44-dbf101e425aa.json,3455bbd5-89dd-4f0f-9b44-dbf101e425aa,draft,manual,Paediatric Surgery,What does the 'dynamism' of a burn imply regarding initial clinical assessment?
drafts/34e3a2cc-633e-44aa-ad69-de109f37cf2c.json,34e3a2cc-633e-44aa-ad69-de109f37cf2c,draft,ai,Paediatric Sub-specialties,A general practice is planning a prevention-focused oral health review for children. Which statement from the notes best supports giving extra attention to higher-risk children rather than assuming caries burden is spread evenly across all children?
drafts/3562eb0c-021e-47ba-95c3-1df22ef3713e.json,3562eb0c-021e-47ba-95c3-1df22ef3713e,draft,ai,Paediatric Surgery,"While applying a back-slab for a child with a fracture, which finding should prompt early referral rather than routine immobilisation and follow-up?"
drafts/35ca4ffc-67c6-401b-ac38-df7a4e2f1274.json,35ca4ffc-67c6-401b-ac38-df7a4e2f1274,draft,manual,Emergency Paediatrics,Which virus is identified as the most common cause of bronchiolitis in children?
drafts/35dd571d-79f3-4511-82e9-4cf0cadf1eeb.json,35dd571d-79f3-4511-82e9-4cf0cadf1eeb,draft,manual,Paediatric Sub-specialties,Which complication is specifically associated with arthritis of the temporal mandibular joints (TMJ) in children?
drafts/36633575-c1f6-4c66-9c14-904bacd57cee.json,36633575-c1f6-4c66-9c14-904bacd57cee,draft,ai,Adolescent Medicine,"A clinician asks a 16-year-old how often she vapes, then immediately says, ""You should quit,"" without exploring readiness to change or whether there are signs of dependence. Within the 5 A's framework, which element was skipped?"
drafts/367f156f-7541-4327-b09f-fb1d8323d359.json,367f156f-7541-4327-b09f-fb1d8323d359,draft,ai,Paediatric Sub-specialties,"A 9-year-old with known diabetes develops nausea and repeated vomiting during an intercurrent illness. Before other evidence is available, how should these symptoms be interpreted according to the sick-day notes?"
drafts/36baffe0-bc2c-437e-be68-8f61162ae0f3.json,36baffe0-bc2c-437e-be68-8f61162ae0f3,draft,manual,Community-based Paediatrics,Which of the following describes a 'serious' AEFI according to WHO criteria?
drafts/36e50f8c-e5f4-4689-91b8-577d75d4a7cc.json,36e50f8c-e5f4-4689-91b8-577d75d4a7cc,draft,ai,Paediatric Surgery,"A writer wants to justify a paediatric surgery pain question by citing the line `Treatment: supportive – physio, orthotics, orthopaedic surgery, pain management, genetic counselling.` What is the main problem with that approach?"
drafts/37a8b366-8561-4a8a-8a01-6ca0d7c88e77.json,37a8b366-8561-4a8a-8a01-6ca0d7c88e77,draft,ai,Adolescent Medicine,"A 13-year-old says vaping and weekend drinking with friends are harmless because ""the brain is already grown by secondary school"". Which reply is **most consistent** with the notes?"
drafts/37ae18ac-f22e-4d27-a675-7f78b2cf9475.json,37ae18ac-f22e-4d27-a675-7f78b2cf9475,draft,ai,Paediatric Surgery,"At a paediatric review, a child is noted to have hypoplastic clavicles, extra teeth, and failure of permanent teeth to arrive as expected. Which condition best fits this pattern from the source pack?"
drafts/3803bfb5-ca4b-42a5-9e5a-8784a986db61.json,3803bfb5-ca4b-42a5-9e5a-8784a986db61,draft,manual,Paediatric Surgery,Approximately what percentage of the population in Australia and New Zealand is estimated to suffer a burn injury each year?
drafts/38041148-d56c-4f2c-b83b-8192bd838782.json,38041148-d56c-4f2c-b83b-8192bd838782,draft,manual,Paediatric Sub-specialties,"According to the presentation, what is the prevalence of atopic dermatitis in children, and when do the majority of cases typically present?"
drafts/38523fc0-258b-4970-8154-a881ccbd35c4.json,38523fc0-258b-4970-8154-a881ccbd35c4,draft,manual,Paediatric Surgery,"In the context of the dental-medical interface, why is 'bubbly' saliva considered a positive sign?"
drafts/38a5cc37-7c71-47d8-91c5-39f592cffa38.json,38a5cc37-7c71-47d8-91c5-39f592cffa38,draft,ai,General Paediatrics,"Given the embedded source pack excerpts alone, which batch outcome is most defensible?"
drafts/38ffb3e5-69a7-443f-8520-31e5193042f5.json,38ffb3e5-69a7-443f-8520-31e5193042f5,draft,manual,Paediatric Surgery,A patient presents with a fracture of the humeral neck. Which type of immobilization is most appropriate according to the source material?
drafts/39c8fc8a-1d38-4104-9a33-c78d2ada9431.json,39c8fc8a-1d38-4104-9a33-c78d2ada9431,draft,manual,Paediatric Sub-specialties,Sudden onset paralytic strabismus in a child is considered which of the following?
drafts/39ecf8ee-a548-43b9-bdfd-0ea5bd61c5c2.json,39ecf8ee-a548-43b9-bdfd-0ea5bd61c5c2,draft,manual,Community-based Paediatrics,Which of the following is considered an 'Immunization error related' AEFI?
drafts/3a35c2a7-44f3-42ad-b642-f368045545b5.json,3a35c2a7-44f3-42ad-b642-f368045545b5,draft,ai,Paediatric Sub-specialties,A child is found to have a **button battery** lodged in the nose. What is the most appropriate next step based on the notes?
drafts/3a3abc95-66b0-4b8e-a21e-2b356b805c3d.json,3a3abc95-66b0-4b8e-a21e-2b356b805c3d,draft,ai,Adolescent Medicine,"During a consent discussion for a non-urgent procedure, a 16-year-old gives a clear answer when alone but changes position completely whenever one parent enters the room and cannot explain the change. Which concern from the notes is **most relevant** when assessing competence?"
drafts/3a9f324a-d925-4ee0-a225-64c0460c1aa3.json,3a9f324a-d925-4ee0-a225-64c0460c1aa3,draft,manual,General Paediatrics,What is considered the most common cause of lactose intolerance specifically during infancy?
drafts/3ab3b040-6cd6-4576-892f-6fe600641e8c.json,3ab3b040-6cd6-4576-892f-6fe600641e8c,draft,manual,Paediatric Sub-specialties,What is a characteristic feature of 'growing pains' that helps distinguish them from more serious pathology?
drafts/3b12d3b1-b94c-481a-a107-f17124683eb2.json,3b12d3b1-b94c-481a-a107-f17124683eb2,draft,manual,Paediatric Surgery,"According to the provided material, what is the 'standard' advice for toothpaste use in children under the age of six?"
drafts/3b425c0d-621f-4cf6-b449-4adf2646bc2e.json,3b425c0d-621f-4cf6-b449-4adf2646bc2e,draft,ai,Paediatric Sub-specialties,"At a follow-up visit, a parent asks by what age most children who develop atopic dermatitis have already shown onset. Which answer best matches the notes?"
drafts/3bd73c5b-5831-4c9a-aa38-6cbbc6ae1f3e.json,3bd73c5b-5831-4c9a-aa38-6cbbc6ae1f3e,draft,ai,Paediatric Sub-specialties,"A junior doctor asks what to focus on during horizontal suspension in an infant being assessed for motor difficulties. Based on the notes, what are the key features to observe?"
drafts/3be0ccc7-40ab-4880-8d0e-e35697d17da1.json,3be0ccc7-40ab-4880-8d0e-e35697d17da1,draft,ai,General Paediatrics,"A former preterm infant is attending a neonatal follow-up clinic at 10 months corrected age. The team wants a developmental tool appropriate to that setting and age range, with separate expressive and receptive language scales. Which tool is the best fit?"
drafts/3bf9e7ef-7b17-4057-b2b3-a058bf84acd3.json,3bf9e7ef-7b17-4057-b2b3-a058bf84acd3,draft,ai,Paediatric Surgery,"When planning anticipatory guidance about facial injuries in children, which patient most closely matches the peak epidemiology of paediatric oro-facial trauma described in the source pack?"
drafts/3c25b6af-a1dc-4a04-ae4c-09f0427ddd75.json,3c25b6af-a1dc-4a04-ae4c-09f0427ddd75,draft,ai,Paediatric Sub-specialties,"While revising acute respiratory problems, which pair of emergency conditions is explicitly signposted in the notes for separate review in the Emergency Medicine section?"
drafts/3c529ff9-ca98-42da-9100-49988653e825.json,3c529ff9-ca98-42da-9100-49988653e825,draft,ai,Paediatric Sub-specialties,"A 6-day-old neonate presents with lethargy, hypoglycaemia, hypotension, and atypical genitalia. Based on the source pack, what should be strongly considered?"
drafts/3c681b65-f171-4507-97e0-52a1a76694dd.json,3c681b65-f171-4507-97e0-52a1a76694dd,draft,manual,Paediatric Surgery,What is the estimated incidence of dislocated or dislocatable hips at birth?
drafts/3ca407bc-55da-4059-9113-889059392ed2.json,3ca407bc-55da-4059-9113-889059392ed2,draft,manual,Paediatric Sub-specialties,Which condition is characterized by a red halo around the parotid duct opening as a prodromal sign?
drafts/3ce4b312-9016-491c-946d-a0b75322f16c.json,3ce4b312-9016-491c-946d-a0b75322f16c,draft,ai,Paediatric Sub-specialties,A term newborn is seen in general practice because a tooth has been present since birth. It is mobile and has started rubbing on the baby's tongue during feeding. Which explanation is **most accurate**?
drafts/3cfa272d-4071-4521-9b11-d0552ab86164.json,3cfa272d-4071-4521-9b11-d0552ab86164,draft,manual,Paediatric Sub-specialties,"Even after successful involution of a mixed hemangioma, what might remain that could require surgical intervention?"
drafts/3d851ded-c923-4807-a361-fbd62b0dd923.json,3d851ded-c923-4807-a361-fbd62b0dd923,draft,ai,Paediatric Sub-specialties,A 13-year-old with known primary adrenal insufficiency develops an influenza-like illness. What does the source pack say about this situation?
drafts/3d8ca30b-b89e-4fa4-b6d5-9cc0a66bea20.json,3d8ca30b-b89e-4fa4-b6d5-9cc0a66bea20,draft,manual,Adolescent Medicine,What percentage of children and adolescents with chronic conditions are expected to survive into adulthood?
drafts/3da49985-8260-4508-ad92-b0770aa6555c.json,3da49985-8260-4508-ad92-b0770aa6555c,draft,ai,General Paediatrics,A student wants to revise named gastrointestinal diagnoses rather than broad symptom groups. Which section title from the source pack is the best fit?
drafts/3dc1f9c2-9d18-4d75-8177-e03d4c64eb14.json,3dc1f9c2-9d18-4d75-8177-e03d4c64eb14,draft,ai,Paediatric Sub-specialties,What is the best explanation for why a grommet may be used in otitis media with effusion?
drafts/3e806118-8f41-48b9-bfca-d8e31dbba8ee.json,3e806118-8f41-48b9-bfca-d8e31dbba8ee,draft,manual,Paediatric Sub-specialties,Neonatal Herpes Simplex Virus (HSV) infection should be strongly considered in a neonate presenting with which combination of symptoms in the first 3 weeks of life?
drafts/3eaa8a6d-4068-461d-b9d4-886a3b20c85b.json,3eaa8a6d-4068-461d-b9d4-886a3b20c85b,draft,ai,Paediatric Sub-specialties,A 14-year-old who has been taking chronic corticosteroid therapy for several months becomes acutely unwell while the steroid dose is being reduced. Which statement best matches the source pack?
drafts/3f56e698-4a2c-434a-9e4e-9db5c6f8714b.json,3f56e698-4a2c-434a-9e4e-9db5c6f8714b,draft,ai,Paediatric Sub-specialties,A registrar summarising eosinophilic oesophagitis at handover wants to include the sex distribution noted in the study notes. Which statement is correct?
drafts/3ffa71d3-c9a1-4696-9c09-84389843e1dc.json,3ffa71d3-c9a1-4696-9c09-84389843e1dc,draft,ai,Paediatric Surgery,A toddler with a femoral shaft fracture is discussed with orthopaedics. Which traction method is specifically listed for babies in this situation?
drafts/4034c65e-6fcf-4169-956e-e8b0a5b6405b.json,4034c65e-6fcf-4169-956e-e8b0a5b6405b,draft,ai,Paediatric Sub-specialties,A well child has a low-pitched continuous sound heard in the right upper chest and lower neck. It is loudest while sitting and disappears when gentle jugular vein compression is applied. What is the best interpretation?
drafts/403dff68-4d8a-4065-919c-0c56069d140d.json,403dff68-4d8a-4065-919c-0c56069d140d,draft,manual,Adolescent Medicine,What is a common clinical consequence of 'failure to engage' during an ineffective transition to adult care for a diabetic patient?
drafts/40c00f41-db14-4a64-a4f9-65357c38994f.json,40c00f41-db14-4a64-a4f9-65357c38994f,draft,ai,Paediatric Surgery,"For long-term management and follow-up within this batch, which proposed action is safest under the supplied evidence constraints?"
drafts/411e9c07-3414-4901-a527-73936032cc23.json,411e9c07-3414-4901-a527-73936032cc23,draft,ai,Paediatric Surgery,"A 7-year-old girl is reviewed after blunt head trauma. Imaging confirms a skull fracture, and her observations are currently stable. Which teaching point from the notes most strongly supports ongoing vigilance?"
drafts/41395eb6-f540-4af5-8482-33b9d710bee0.json,41395eb6-f540-4af5-8482-33b9d710bee0,draft,manual,General Paediatrics,"When assessing for foreign body aspiration in a toddler, what is the most common radiological finding on an expiratory film?"
drafts/41508571-7bc5-4396-afde-354b1376f642.json,41508571-7bc5-4396-afde-354b1376f642,draft,ai,Paediatric Sub-specialties,"A question writer argues that because **infectious disease** appears on the contents page, dermatological infections are implicitly covered. What is the best rebuttal?"
drafts/41d21443-ed59-4c6d-ac30-c40c45e4345d.json,41d21443-ed59-4c6d-ac30-c40c45e4345d,draft,ai,General Paediatrics,"A child is referred for chronic loose stools, but serial measurements show weight, height, and head circumference all crossing down. Which alternative explanation is most supported by the notes?"
drafts/41ed5c0f-909a-406c-8397-6d52c92dcb92.json,41ed5c0f-909a-406c-8397-6d52c92dcb92,draft,ai,Paediatric Sub-specialties,"A critically ill child in septic shock remains unresponsive to fluids and inotropic support. According to the source pack, what adrenal-related possibility should be considered?"
drafts/4261e4f2-b5fc-4983-84e4-10e20c9b6664.json,4261e4f2-b5fc-4983-84e4-10e20c9b6664,draft,manual,Paediatric Sub-specialties,What is the recommended standard treatment for mild to moderate allergic reactions mentioned in the talk?
drafts/428d0787-7d36-40b1-8eb4-6b334ef98e8b.json,428d0787-7d36-40b1-8eb4-6b334ef98e8b,draft,manual,Adolescent Medicine,Which of the following is true regarding 'head banging' as a rhythmic activity in children?
drafts/42c70334-97d4-4120-a9b2-a6b0ef00f251.json,42c70334-97d4-4120-a9b2-a6b0ef00f251,draft,manual,Paediatric Sub-specialties,What percentage of children with juvenile idiopathic arthritis continue to have active disease into adulthood?
drafts/42e01678-893d-485a-8c28-7f1c41765bc7.json,42e01678-893d-485a-8c28-7f1c41765bc7,draft,ai,Paediatric Surgery,"An overweight adolescent boy is worried that his penis looks small. In the context of pubertal assessment, which note-supported approach is most appropriate?"
drafts/42e86ac4-c317-4d8c-99a6-aa7cc9dee1d4.json,42e86ac4-c317-4d8c-99a6-aa7cc9dee1d4,draft,manual,Paediatric Surgery,"During the examination of a scrotal swelling, you are able to 'get above' the mass and it transilluminates brilliantly. What is the most likely diagnosis?"
drafts/42fa83a2-a84b-4e55-a023-0db89cfa729e.json,42fa83a2-a84b-4e55-a023-0db89cfa729e,draft,manual,Community-based Paediatrics,What is the primary objective of vaccination in the context of immunological memory?
drafts/430a4eaa-c145-4f02-9699-dc009a5aee60.json,430a4eaa-c145-4f02-9699-dc009a5aee60,draft,manual,Paediatric Surgery,Which radiographic view is most likely to reveal a mild form of slipped capital femoral epiphysis?
drafts/434ebb0c-3085-4713-8efb-426031def50c.json,434ebb0c-3085-4713-8efb-426031def50c,draft,ai,Adolescent Medicine,"A 15-year-old is referred for 'funny turns'. When she laughs hard, her knees suddenly buckle and she slumps briefly to the floor, but she remains conscious and keeps breathing normally. She also has irresistible daytime sleepiness. Which diagnosis is most likely?"
drafts/438889de-d8a8-4458-b321-32028abd16a1.json,438889de-d8a8-4458-b321-32028abd16a1,draft,manual,Paediatric Surgery,"According to long-term follow-up studies, what is the likely outcome for $50\%$ of adults who had Perthes disease as children?"
drafts/439fb260-1dcb-4434-b12e-90288ba4e4b0.json,439fb260-1dcb-4434-b12e-90288ba4e4b0,draft,ai,Paediatric Sub-specialties,"A 7-year-old child has a full blood count reported as a markedly raised lymphocyte count. The analyser result is accompanied by anaemia and thrombocytopaenia. Based on the source notes, what is the most appropriate next step to clarify the white cell finding?"
drafts/43a56698-5a81-4551-ad40-570343ef0007.json,43a56698-5a81-4551-ad40-570343ef0007,draft,ai,Paediatric Sub-specialties,"A newborn had a faint cutaneous precursor lesion noted after delivery, and by 6 weeks a vascular lesion has become more obvious. Which birthmark best fits the note-based description that it is not usually present at birth, although a precursor lesion may be seen in some neonates?"
drafts/44440429-fc24-4eaa-9a36-a1e49a42cdaa.json,44440429-fc24-4eaa-9a36-a1e49a42cdaa,draft,manual,Paediatric Sub-specialties,Why is cranial radiotherapy specifically avoided in children under the age of five whenever possible?
drafts/445f40d0-53d5-43d2-a364-998a7fb63ddc.json,445f40d0-53d5-43d2-a364-998a7fb63ddc,draft,manual,Paediatric Sub-specialties,"In the management of EoE, what is typically considered the first-line medical treatment option?"
drafts/446eafc6-66cd-41c8-8608-eb6681f41e4d.json,446eafc6-66cd-41c8-8608-eb6681f41e4d,draft,manual,Paediatric Sub-specialties,Which of the following is part of the PHACE syndrome mnemonic?
drafts/447439c5-91ef-4d4b-9576-ca29985fc50a.json,447439c5-91ef-4d4b-9576-ca29985fc50a,draft,ai,Community-based Paediatrics,A registrar is trying to remember the framework from the notes for people who may need extra vaccination. Which expansion of the HALO principle is correct?
drafts/44d81fcb-a2f6-4053-a8bc-5c105c7e9b5d.json,44d81fcb-a2f6-4053-a8bc-5c105c7e9b5d,draft,ai,Emergency Paediatrics,You are opening the airway of a 5-month-old infant during paediatric basic life support. Which position is recommended in the source pack?
drafts/44eb57db-6a7e-4a52-a2af-2716d71e4122.json,44eb57db-6a7e-4a52-a2af-2716d71e4122,draft,ai,Paediatric Surgery,"A newborn nursery audit reviews 200 male infants. Based on the study notes, approximately how many would be expected to have cryptorchidism detected **at birth**?"
drafts/4508e49c-731d-4238-a030-b508c91ed3e5.json,4508e49c-731d-4238-a030-b508c91ed3e5,draft,manual,Paediatric Sub-specialties,What percentage of all illnesses in children under five years of age are accounted for by respiratory illnesses?
drafts/4514366c-94ef-4e01-afe1-d78192b94353.json,4514366c-94ef-4e01-afe1-d78192b94353,draft,manual,Paediatric Sub-specialties,What is the primary reason the lecturer advises against the use of steroid eye drops in children with viral or allergic conjunctivitis in a primary care setting?
drafts/4541028d-d896-4bf5-af6e-f1e3aa30c12f.json,4541028d-d896-4bf5-af6e-f1e3aa30c12f,draft,ai,General Paediatrics,Which additional overnight contributor is noted in some children with nocturnal enuresis?
drafts/454afcd7-daf6-4f25-bb16-a4dc93cabfaf.json,454afcd7-daf6-4f25-bb16-a4dc93cabfaf,draft,ai,Paediatric Sub-specialties,Which drafting choice best protects against both **unsupported content** and **overlap risk** in this batch?
drafts/4565b0b0-b394-4b40-b8ea-c66f5b0f9c7b.json,4565b0b0-b394-4b40-b8ea-c66f5b0f9c7b,draft,manual,Paediatric Sub-specialties,Which grade of Vesicoureteral Reflux (VUR) is characterized by the presence of calyceal clubbing?
drafts/45d246f4-c65f-46fe-ae6b-c5910bd4b7f7.json,45d246f4-c65f-46fe-ae6b-c5910bd4b7f7,draft,ai,Paediatric Sub-specialties,"An older school-aged child is having renal imaging, and the clinician specifically wants a study for glomerular filtration rate measurement rather than cortical scarring or obstruction. Which investigation is most appropriate?"
drafts/45d299cc-9f98-4093-94ea-e489db16f69a.json,45d299cc-9f98-4093-94ea-e489db16f69a,draft,manual,General Paediatrics,"According to the source material, what is the leading cause of death for children over the age of $1$ in the developed world?"
drafts/45d4783b-1f56-4cd6-bb91-746d2218ec81.json,45d4783b-1f56-4cd6-bb91-746d2218ec81,draft,manual,Community-based Paediatrics,What is the primary method for the tertiary prevention of acute rheumatic fever in children?
drafts/45f0678d-9d73-45ea-b43c-910df9c820db.json,45f0678d-9d73-45ea-b43c-910df9c820db,draft,ai,General Paediatrics,An 11-year-old boy with obesity is seen for ongoing reflux symptoms. His mother asks whether his weight is relevant to why symptoms may be persisting. Which answer best reflects the notes?
drafts/46d09c82-d988-4cc0-9e6d-288bd846d7fb.json,46d09c82-d988-4cc0-9e6d-288bd846d7fb,draft,ai,Paediatric Surgery,A family asks what the surgeon is trying to preserve during definitive surgery for Hirschsprung disease. What is the best answer from the notes?
drafts/46fb335c-5018-4560-b093-e17156772f65.json,46fb335c-5018-4560-b093-e17156772f65,draft,manual,Paediatric Sub-specialties,Which three components traditionally define the 'West Syndrome' triad in infants?
drafts/4737b232-a50d-46ce-88fa-d4e7ed26aeee.json,4737b232-a50d-46ce-88fa-d4e7ed26aeee,draft,ai,Emergency Paediatrics,Which statement best matches the provided notes on **febrile status epilepticus**?
drafts/478e92c9-64e8-41c1-a48d-02ce15c8abf9.json,478e92c9-64e8-41c1-a48d-02ce15c8abf9,draft,manual,Paediatric Sub-specialties,At what point does a persistent middle ear effusion after an acute infection transition to being classified as 'Otitis Media with Effusion' (glue ear)?
drafts/479cdefe-a374-458e-99bd-4ba0166cad0b.json,479cdefe-a374-458e-99bd-4ba0166cad0b,draft,manual,Community-based Paediatrics,"As a behavioral strategy, 'stimulus control' involves which of the following actions?"
drafts/47a03b84-c983-42aa-adb6-37c04c554d37.json,47a03b84-c983-42aa-adb6-37c04c554d37,draft,ai,Paediatric Surgery,"During quality assurance of a notes-first batch, which issue most clearly represents a complication of poor evidence discipline rather than a clinical complication of pain management?"
drafts/47f59ad7-48ad-43c8-bee4-09e95c4bdb23.json,47f59ad7-48ad-43c8-bee4-09e95c4bdb23,draft,ai,Paediatric Sub-specialties,"A phenotypic female child has a 45,X karyotype. Which listed condition does this correspond to?"
drafts/484595ef-b92f-4043-85d7-b0ac28549705.json,484595ef-b92f-4043-85d7-b0ac28549705,draft,ai,Paediatric Surgery,A paediatric team is revising medical conditions that may first be noticed through dental findings. Which pairing is **correctly matched**?
drafts/4859ac09-39f7-4174-bee2-8c1ee4b0face.json,4859ac09-39f7-4174-bee2-8c1ee4b0face,draft,manual,Paediatric Surgery,"According to the presentation, what percentage of males typically have a fully retractile foreskin by age 4?"
drafts/486a47a1-687b-431b-9177-463c57af32d5.json,486a47a1-687b-431b-9177-463c57af32d5,draft,ai,Paediatric Surgery,"A 7-year-old child has severe localised hip pain and fever, and now refuses to walk. Which diagnosis must be considered as an orthopaedic emergency?"
drafts/48c5fed8-fe6a-4a30-9903-ff30a2b26bad.json,48c5fed8-fe6a-4a30-9903-ff30a2b26bad,draft,ai,Community-based Paediatrics,A 3-year-old is brought to a community paediatrics clinic because his speech is limited. Which additional finding most strongly supports **autism spectrum disorder (ASD)** rather than an isolated language delay?
drafts/48e2dc8a-6a11-4374-bd15-3d448820af55.json,48e2dc8a-6a11-4374-bd15-3d448820af55,draft,ai,Emergency Paediatrics,"A teenager presents with vomiting, dehydration, acidosis, and marked ketonaemia after a period of very low carbohydrate intake. Serum glucose is 12 mmol/L. Which statement best reflects the notes?"
drafts/48f05303-f14f-47e3-a766-b758c5a2b7ca.json,48f05303-f14f-47e3-a766-b758c5a2b7ca,draft,ai,General Paediatrics,"During a school health review, a 7-year-old has a BMI plotted at the 86th percentile for age. According to the notes, which finding is itself a growth flag that should prompt closer attention?"
drafts/48f541b6-a102-451a-bcd0-98262a726fe5.json,48f541b6-a102-451a-bcd0-98262a726fe5,draft,ai,Paediatric Sub-specialties,A registrar wants a dynamic renal study with **better image quality** and **faster clearance**. Which tracer best matches those imaging characteristics in the source pack?
drafts/492228ab-c11f-428e-a354-93425d9f830d.json,492228ab-c11f-428e-a354-93425d9f830d,draft,ai,Paediatric Surgery,"Before a painful procedure, a parent is visibly anxious and keeps interrupting the preparation. Which step from the source pack is most appropriate to include in the procedural plan?"
drafts/49cd8d38-dca8-4be9-9e2b-9a2edec5a147.json,49cd8d38-dca8-4be9-9e2b-9a2edec5a147,draft,manual,Community-based Paediatrics,Pre-term infants receiving vaccinations in a hospital setting should be monitored for how long to detect potential apnea?
drafts/4a0db095-a95e-478e-b4e9-eca27e1cda71.json,4a0db095-a95e-478e-b4e9-eca27e1cda71,draft,manual,General Paediatrics,Why is calcitriol generally not recommended for the treatment of simple vitamin D deficiency?
drafts/4a426fdc-926e-456d-911c-6e4a3f2d5634.json,4a426fdc-926e-456d-911c-6e4a3f2d5634,draft,manual,Emergency Paediatrics,Which of the following best describes the anatomical location and pathophysiology of bronchiolitis?
drafts/4a549f7c-7add-47d6-9474-53de9dc28280.json,4a549f7c-7add-47d6-9474-53de9dc28280,draft,ai,Paediatric Sub-specialties,"An infant is being assessed for possible central nervous system infection. Before proceeding with an urgent lumbar puncture, the team reviews for signs that could suggest raised intracranial pressure. Which finding from the notes is the strongest concern?"
drafts/4a720532-7e13-41c8-a4b6-955c197abdb8.json,4a720532-7e13-41c8-a4b6-955c197abdb8,draft,manual,Paediatric Sub-specialties,Which of the following best describes the role of food allergy in atopic dermatitis according to Dr. Ming?
drafts/4a9bb934-66fb-482e-9ed4-fed6ecdcf0e6.json,4a9bb934-66fb-482e-9ed4-fed6ecdcf0e6,draft,ai,Emergency Paediatrics,"A child with noisy breathing is found to have biphasic stridor. According to the source pack, what does this finding suggest?"
drafts/4ab26b24-6803-41f7-9654-0f1dcdf9202b.json,4ab26b24-6803-41f7-9654-0f1dcdf9202b,draft,manual,Paediatric Surgery,What is the primary risk associated with midline swellings that requires careful investigation prior to surgery?
drafts/4ac0d282-6d58-4f79-b00a-599dcef24b17.json,4ac0d282-6d58-4f79-b00a-599dcef24b17,draft,ai,Paediatric Sub-specialties,"A child is being assessed for possible strabismus. During the cover/uncover test, the fixing eye is covered and the other eye moves to take up fixation. What does this finding indicate?"
drafts/4ac3b2ed-c749-403e-bf8c-6ba0e6d490cc.json,4ac3b2ed-c749-403e-bf8c-6ba0e6d490cc,draft,ai,Paediatric Sub-specialties,"A 14-month-old with an ash leaf macule is otherwise well at today's visit. Based on the allowed source pack, which follow-up approach is most appropriate?"
drafts/4aef6afd-d5bb-4105-a99e-5fc88acd7eef.json,4aef6afd-d5bb-4105-a99e-5fc88acd7eef,draft,ai,Paediatric Sub-specialties,An infant with known airway malacia later develops an ongoing wet cough. Which secondary problem is specifically mentioned in the source notes as being able to occur because of poor cough clearance?
drafts/4b319554-a4f7-4d93-97ce-342828356f0e.json,4b319554-a4f7-4d93-97ce-342828356f0e,draft,ai,Paediatric Sub-specialties,A 2-year-old child presents with leukocoria and strabismus. Which diagnosis should be assumed until proven otherwise?
drafts/4b700472-84fb-4e6f-b1f1-44ff68e1bcab.json,4b700472-84fb-4e6f-b1f1-44ff68e1bcab,draft,ai,Adolescent Medicine,"A parent refuses a recommended treatment for a younger child, and the team becomes concerned that the refusal could place the child at **risk of significant harm**. Which additional step does the notes say **may need to be considered**?"
drafts/4bb535b8-5d22-4d55-ab85-f72c70a19331.json,4bb535b8-5d22-4d55-ab85-f72c70a19331,draft,manual,Paediatric Sub-specialties,Fetal Alcohol Syndrome is characterized by a specific triad of minor facial anomalies. Which of the following is included in this diagnostic triad?
drafts/4bbc0cd7-8afe-4458-9c9a-8d6f8958e822.json,4bbc0cd7-8afe-4458-9c9a-8d6f8958e822,draft,manual,Paediatric Sub-specialties,"According to the provided material, what is the long-term prognosis for most children diagnosed with FPIES?"
drafts/4bc07644-1cdd-40ce-a07a-837feca3c641.json,4bc07644-1cdd-40ce-a07a-837feca3c641,draft,ai,Paediatric Sub-specialties,A toddler with a past IgE-mediated milk reaction is being followed in an allergy clinic. The team discusses a structured dietary strategy for gradually reintroducing some allergens in selected young children. Which option best matches the notes?
drafts/4bf962b6-c894-4fce-aede-e2caef563630.json,4bf962b6-c894-4fce-aede-e2caef563630,draft,manual,Adolescent Medicine,What effect does substance use have on the developing adolescent brain according to the lecture?
drafts/4c693c1a-e713-488e-95d9-c8c27cf16fba.json,4c693c1a-e713-488e-95d9-c8c27cf16fba,draft,manual,Community-based Paediatrics,What is a notable limitation or ceiling for the developmental assessment tool known as the Bayley Scales?
drafts/4c73b15f-9c8a-4b4c-98e6-e093fad8a783.json,4c73b15f-9c8a-4b4c-98e6-e093fad8a783,draft,manual,Paediatric Sub-specialties,"Which laboratory test is used to measure the 'extrinsic pathway' of the coagulation cascade, specifically looking at Factor $VII$?"
drafts/4ce11998-507f-4cd9-8896-efcc15486297.json,4ce11998-507f-4cd9-8896-efcc15486297,draft,ai,Paediatric Sub-specialties,"On a supine abdominal X-ray, lucency outlines the falciform ligament. What is the best interpretation?"
drafts/4ce3013a-6152-413f-bfc2-771ba0b612a7.json,4ce3013a-6152-413f-bfc2-771ba0b612a7,draft,manual,Paediatric Surgery,"According to the source, what is the ideal method and duration for providing first aid to a burn?"
drafts/4ce762a0-5c29-4418-9bc8-42f14c5dd55d.json,4ce762a0-5c29-4418-9bc8-42f14c5dd55d,draft,ai,Emergency Paediatrics,"During teaching on emergency seizure care, a consultant asks about febrile status epilepticus. Approximately what proportion of children with febrile seizures does it occur in, according to the notes?"
drafts/4cfa2294-60e9-44b0-b2f0-a8a79ce63549.json,4cfa2294-60e9-44b0-b2f0-a8a79ce63549,draft,manual,Paediatric Surgery,What is the most common medical cause of vomiting in the first few days of a neonate's life?
drafts/4d4e6b52-0b13-4399-a344-371248a650b2.json,4d4e6b52-0b13-4399-a344-371248a650b2,draft,ai,Paediatric Sub-specialties,An upper endoscopy report in a child with food refusal and dysphagia describes rings and furrows in the oesophagus. Which additional finding would best complete the diagnostic criteria for eosinophilic oesophagitis from the notes?
drafts/4d7ee42b-81a3-4882-8968-db7cfde9ea38.json,4d7ee42b-81a3-4882-8968-db7cfde9ea38,draft,manual,Paediatric Surgery,"Which condition typically presents as a warm, erythematous, diffuse swelling in a child who is moderately unwell following a viral upper respiratory tract infection?"
drafts/4dd87301-86d0-43e7-8ff2-0ea309b76b4d.json,4dd87301-86d0-43e7-8ff2-0ea309b76b4d,draft,manual,Emergency Paediatrics,Which of the following bleeding patterns is most typical for a patient with von Willebrand disease or a platelet function disorder?
drafts/4de8a552-f327-406e-915f-3cb3f3cbef3c.json,4de8a552-f327-406e-915f-3cb3f3cbef3c,draft,ai,Adolescent Medicine,"During HEEADSS, a 15-year-old says she has lost interest in friends and sometimes thinks ""it would be easier not to wake up."" Which HEEADSS area must be explored directly today?"
drafts/4e20fcda-1ef2-4f27-9b55-2d3d68c2f2a2.json,4e20fcda-1ef2-4f27-9b55-2d3d68c2f2a2,draft,manual,Paediatric Sub-specialties,"In Chronic Regional Pain Syndrome (CRPS), what is a defining characteristic of the physical examination findings?"
drafts/4e73f08d-2f0e-4fdc-a453-b344c8e512f5.json,4e73f08d-2f0e-4fdc-a453-b344c8e512f5,draft,ai,Paediatric Surgery,"A child has a fracture with a tendency to drift back into deformity after initial positioning. When applying plaster, which listed principle most directly addresses this problem?"
drafts/4ebbbeac-9262-4a30-b4d3-e2a6cab65910.json,4ebbbeac-9262-4a30-b4d3-e2a6cab65910,draft,manual,Paediatric Sub-specialties,"In the pediatric eye clinic, what is the correct sequence of treatment for a child diagnosed with both a refractive error and strabismus?"
drafts/4f0eecdd-28b1-4f5d-bf10-4307c728be98.json,4f0eecdd-28b1-4f5d-bf10-4307c728be98,draft,manual,Adolescent Medicine,Which of the following describes the typical timing of the growth spurt in girls compared to boys?
drafts/4f3e76f8-6432-4cfc-a8d4-4b9b7f5761d6.json,4f3e76f8-6432-4cfc-a8d4-4b9b7f5761d6,draft,ai,General Paediatrics,"During developmental surveillance, a clinician wants to make sure the early history is not overlooked. Which item from the birth history is explicitly supported as relevant to ask about?"
drafts/4f686009-7ef5-4478-bd4d-28f52bb63420.json,4f686009-7ef5-4478-bd4d-28f52bb63420,draft,manual,Community-based Paediatrics,"Under the NDIS scheme in Australia, what is the requirement for children under the age of $7$ to receive support?"
drafts/4fcefd5c-7ae6-4280-b8c8-5d55f55f2c03.json,4fcefd5c-7ae6-4280-b8c8-5d55f55f2c03,draft,ai,Emergency Paediatrics,"During review of a febrile young infant, the team describes a dysregulated host response to infection causing life-threatening organ dysfunction. Which term matches the note definition?"
drafts/5007fa1f-5ac2-4706-86e3-5c0b43be5a20.json,5007fa1f-5ac2-4706-86e3-5c0b43be5a20,draft,manual,Paediatric Sub-specialties,Which of the following is considered a 'less common' symptom of cannabis withdrawal according to the provided chart?
drafts/508976fa-ea54-427f-be88-fad03c49b9b4.json,508976fa-ea54-427f-be88-fad03c49b9b4,draft,manual,Paediatric Surgery,"For a baby born with ambiguous external genitalia, what is the critical first step in management according to the presentation?"
drafts/508cb8c0-1384-4348-9225-b33a2ff4f42b.json,508cb8c0-1384-4348-9225-b33a2ff4f42b,draft,ai,Emergency Paediatrics,A drowsy child with suspected DKA is retching repeatedly. Which bedside step is specifically mentioned to reduce immediate risk?
drafts/5092c2fc-76bf-4eec-b499-1f798712d581.json,5092c2fc-76bf-4eec-b499-1f798712d581,draft,manual,Paediatric Sub-specialties,Which of the following is an example of a non-$\text{IgE}$ mediated food allergy?
drafts/50f9a668-92c6-4c0f-87a6-bafbe592040b.json,50f9a668-92c6-4c0f-87a6-bafbe592040b,draft,manual,Emergency Paediatrics,Which of the following best describes the clinical definition of a birthmark according to the source material?
drafts/5128df66-2560-4e91-aaa7-14c31b2bced3.json,5128df66-2560-4e91-aaa7-14c31b2bced3,draft,manual,Paediatric Sub-specialties,"According to the PEDIG studies mentioned in the source, what is the maximum recommended daily duration for patching the stronger eye to treat amblyopia?"
drafts/513c450a-9775-4768-a15e-9c7cffd00d9d.json,513c450a-9775-4768-a15e-9c7cffd00d9d,draft,ai,Paediatric Sub-specialties,"A child is found to have a murmur that continues throughout systole and diastole. The consultant reminds the team that a persistent pressure gradient causing continuous flow between vascular compartments can explain this pattern. Besides patent ductus arteriosus, which option from the source pack is another listed cause?"
drafts/513d5400-4e99-46d0-8b20-9689e922facc.json,513d5400-4e99-46d0-8b20-9689e922facc,draft,manual,Paediatric Surgery,What is the primary purpose of 'meshing' a split thickness skin graft?
drafts/52122564-d2cf-448d-8e84-fff14b6b9d48.json,52122564-d2cf-448d-8e84-fff14b6b9d48,draft,manual,Paediatric Surgery,What is the surgical principle behind the Soave procedure for Hirschsprung's disease?
drafts/5299c3cc-68f0-44ea-9a2f-b6b4eb1c7806.json,5299c3cc-68f0-44ea-9a2f-b6b4eb1c7806,draft,ai,Paediatric Sub-specialties,A 5-year-old boy has recurrent infections and the team is discussing whether the issue is a disorder of white cell function. Which option is listed in the notes in the same category as chronic granulomatous disease and neutrophil adhesion disorders?
drafts/52c3dc79-3ca6-475b-a33b-d79f7e41bc2c.json,52c3dc79-3ca6-475b-a33b-d79f7e41bc2c,draft,manual,Paediatric Sub-specialties,"In a child with a restrictive diet, such as those with autism, which neurological presentation is most specifically associated with a deficiency in Vitamin $B_{12}$?"
drafts/53a0596a-983e-44ae-97fa-5ee1e4e3d575.json,53a0596a-983e-44ae-97fa-5ee1e4e3d575,draft,ai,Paediatric Surgery,"A 7-year-old boy presents after a splash burn to the anterior trunk and upper arm. The estimated burn size is 11% body surface area, and he is haemodynamically stable. Based on the source pack, how should this burn be classified?"
drafts/53bc3e6b-5150-4772-8454-53617d530709.json,53bc3e6b-5150-4772-8454-53617d530709,draft,manual,Community-based Paediatrics,Which statement is true regarding the use of stimulant medication for ADHD?
drafts/5544534c-8c98-47f0-821d-8a9293f35ec4.json,5544534c-8c98-47f0-821d-8a9293f35ec4,draft,manual,Paediatric Surgery,"According to the presentation, what proportion of children who visit the emergency department for abdominal pain will typically require hospitalization?"
drafts/5568aa5d-e351-4239-b87b-9cf30a793591.json,5568aa5d-e351-4239-b87b-9cf30a793591,draft,manual,Paediatric Sub-specialties,Which screening question is part of the CRAFT tool?
drafts/5633d7ec-6db4-4183-98af-b366585c4bc2.json,5633d7ec-6db4-4183-98af-b366585c4bc2,draft,ai,General Paediatrics,"During handover, an intern suggests replacing a gastroenteritis-related fluid deficit completely over the next 8 hours because the child looks tired. According to the notes, what is the standard timeframe for replacing the deficit?"
drafts/568a8902-86d7-49f7-b7fd-f7d806223f7e.json,568a8902-86d7-49f7-b7fd-f7d806223f7e,draft,manual,Paediatric Surgery,What percentage of children with SCFE are considered pathologically obese?
drafts/56a87af2-bec0-432d-925c-6b752dd77dc3.json,56a87af2-bec0-432d-925c-6b752dd77dc3,draft,manual,Paediatric Surgery,Which of the following factors most significantly increases the likelihood that a pediatric fracture will successfully remodel?
drafts/56cf4635-23d0-4afc-a755-ce437bbcc160.json,56cf4635-23d0-4afc-a755-ce437bbcc160,draft,manual,Paediatric Surgery,Which imaging modality is considered the gold standard for reliably diagnosing hypertrophic pyloric stenosis?
drafts/575cfc80-ce05-4901-ac7b-e09df1b4cd8a.json,575cfc80-ce05-4901-ac7b-e09df1b4cd8a,draft,ai,Community-based Paediatrics,A junior doctor in a community clinic becomes concerned about possible maltreatment after a consultation. She opens the Mandatory Reporter's Guide to help structure her next step. Which statement best describes the role of the guide in the source pack?
drafts/57baa579-b982-4978-892c-eb3c3d68a47e.json,57baa579-b982-4978-892c-eb3c3d68a47e,draft,manual,Paediatric Surgery,What is the recommended pharmacological treatment for the pain associated with transient synovitis?
drafts/57be6382-4dca-4316-8ab7-bb5a8a71200a.json,57be6382-4dca-4316-8ab7-bb5a8a71200a,draft,manual,Adolescent Medicine,"According to the source material, which term is preferred over 'disease' when discussing long-term health conditions in adolescents?"
drafts/582e57d7-7c3c-49ce-ad71-b14f808b9610.json,582e57d7-7c3c-49ce-ad71-b14f808b9610,draft,ai,General Paediatrics,"A writer argues that because page 20 contains detailed obesity material, the same PDF likely contains detailed BRUE and SIDS material elsewhere, so drafting those items is acceptable. What is the best critique of this argument?"
drafts/58b15e43-e314-4eb4-ab4b-c3c2fb5ba180.json,58b15e43-e314-4eb4-ab4b-c3c2fb5ba180,draft,ai,Paediatric Sub-specialties,A junior doctor is trying to distinguish the first-episode plan from the relapse plan in steroid-sensitive nephrotic syndrome. Which feature most specifically points to the relapse pathway in the source pack?
drafts/58fd46e0-31fc-462a-ba48-a3e0937e159d.json,58fd46e0-31fc-462a-ba48-a3e0937e159d,draft,ai,Paediatric Sub-specialties,"A 4-year-old with nephrotic syndrome is grossly oedematous. If fluid restriction is used, which approximate daily amount is given in the source pack for younger children?"
drafts/5991c1c1-68fb-4de1-a201-903297e81934.json,5991c1c1-68fb-4de1-a201-903297e81934,draft,ai,Paediatric Sub-specialties,A registrar receives a genomic result first and then re-examines the child to see whether the physical findings match that result. Which term from the notes best describes this process?
drafts/59f4b11f-9a4c-4f1c-beb1-cce0a5c8df77.json,59f4b11f-9a4c-4f1c-beb1-cce0a5c8df77,draft,ai,Paediatric Surgery,"In the same child with traumatic haemorrhage, which statement best explains why inotropes are not the priority when fluid resuscitation has not restored circulation?"
drafts/5a37bd8d-89cf-43f6-bb26-63c41b27e821.json,5a37bd8d-89cf-43f6-bb26-63c41b27e821,draft,ai,Paediatric Sub-specialties,"An infant has a rounded area of consolidation on chest X-ray. According to the notes, why can pneumonia appear round in infants?"
drafts/5af22090-e12f-4ccd-9c28-008f9219dcd5.json,5af22090-e12f-4ccd-9c28-008f9219dcd5,draft,manual,Paediatric Surgery,The 'football sign' on a neonatal abdominal X-ray is indicative of which condition?
drafts/5af33a8b-59dd-43e8-9609-be4b679cb6eb.json,5af33a8b-59dd-43e8-9609-be4b679cb6eb,draft,manual,Paediatric Sub-specialties,Which of the following statements about $\text{IgE}$-mediated food allergy is true regarding its clinical presentation?
drafts/5bc9a5f8-916c-4b80-b2b7-5275ef516798.json,5bc9a5f8-916c-4b80-b2b7-5275ef516798,draft,ai,Paediatric Sub-specialties,A toddler presents with noisy breathing during an acute respiratory illness. Which bedside finding most strongly localises the problem to the lower airway?
drafts/5c2624af-b743-40f9-b1a4-268af469cfaf.json,5c2624af-b743-40f9-b1a4-268af469cfaf,draft,manual,Community-based Paediatrics,"According to the source material, why is it critical to use $\text{BMI}$-for-age charts rather than just visual assessment?"
drafts/5c9bb4ff-8346-4a5d-a21d-fb64f2357068.json,5c9bb4ff-8346-4a5d-a21d-fb64f2357068,draft,ai,Paediatric Sub-specialties,A 5-year-old is brought to an Australian GP clinic after putting a dried bean into the external ear canal. Which feature of this object is the strongest reason it should be removed urgently?
drafts/5ca29586-8a0d-4ae5-b105-ffa88fe325e2.json,5ca29586-8a0d-4ae5-b105-ffa88fe325e2,draft,manual,Adolescent Medicine,What is the relationship between sleep duration and risk-taking behavior in adolescents?
drafts/5cad78a2-7bcc-4cff-a90f-c57f93b83eba.json,5cad78a2-7bcc-4cff-a90f-c57f93b83eba,draft,ai,Paediatric Sub-specialties,A registrar is comparing common left-to-right shunt lesions during bedside teaching. Which pairing of lesion and shunt level is correctly matched to the provided source pack?
drafts/5d003fc2-1fb3-4524-8fbb-460cf98848bb.json,5d003fc2-1fb3-4524-8fbb-460cf98848bb,draft,manual,General Paediatrics,Which of the following is a characteristic feature of a normal thymus on a pediatric chest X-ray?
drafts/5d80eb20-8bf0-4548-9aa9-15487c0c2707.json,5d80eb20-8bf0-4548-9aa9-15487c0c2707,draft,manual,Paediatric Sub-specialties,Why is the presence of a button battery in the nose considered an urgent surgical emergency?
drafts/5d8a7a8a-b11c-42d1-9038-ab045fd715f8.json,5d8a7a8a-b11c-42d1-9038-ab045fd715f8,draft,manual,Community-based Paediatrics,Why is the prompt treatment of impetigo specifically emphasized in Australian Aboriginal and Torres Strait Islander communities?
drafts/5dd6185b-9e7d-4fcd-b8b6-804f6fcdd0bc.json,5dd6185b-9e7d-4fcd-b8b6-804f6fcdd0bc,draft,manual,Paediatric Sub-specialties,"According to the provided material, what is the approximate incidence of major malformations in liveborn babies?"
drafts/5de8f1e1-a6c9-4ed4-9ecc-5301d96bb40c.json,5de8f1e1-a6c9-4ed4-9ecc-5301d96bb40c,draft,manual,Paediatric Sub-specialties,How does the eye involvement in HLA-B27 associated arthritis differ from that seen in ANA-positive oligoarticular JIA?
drafts/5e0cd26c-1298-419f-b8b3-163079b619a3.json,5e0cd26c-1298-419f-b8b3-163079b619a3,draft,ai,Paediatric Sub-specialties,An 8-year-old child with a very restrictive diet develops **progressive spastic paraparesis**. Which potentially **vitamin-responsive** explanation should be considered from the allowed source pack?
drafts/5e43f20c-ec69-45d1-a74b-507c053fcba6.json,5e43f20c-ec69-45d1-a74b-507c053fcba6,draft,ai,Paediatric Sub-specialties,"A parent asks whether warm oil will soothe a child with a painful, tender outer ear canal. Based on the notes, which reply is best?"
drafts/5e531725-c64a-4733-8acb-3fd2e9489fc3.json,5e531725-c64a-4733-8acb-3fd2e9489fc3,draft,manual,Paediatric Sub-specialties,What is the recommended diagnostic approach for Functional Neurological Disorders (FND) in children and adolescents?
drafts/5e7151e5-57ae-4d9b-ba74-2fa33b6031aa.json,5e7151e5-57ae-4d9b-ba74-2fa33b6031aa,draft,ai,General Paediatrics,Which symptom pattern is most consistent with lactose intolerance in the provided source pack?
drafts/5e8a7676-d3cb-4266-b9ae-6920b32bc8a3.json,5e8a7676-d3cb-4266-b9ae-6920b32bc8a3,draft,manual,Paediatric Sub-specialties,Which of the following best describes the components that contribute to a child's head circumference (OFC)?
drafts/5f89b4db-04ff-40d8-8638-232efb793b35.json,5f89b4db-04ff-40d8-8638-232efb793b35,draft,ai,General Paediatrics,"A 6-year-old has chronic diarrhoea. On history, the stools are described as clearly fatty. Which term best describes this stool pattern?"
drafts/5fa75037-0ed8-4e94-bd53-b357d28ea216.json,5fa75037-0ed8-4e94-bd53-b357d28ea216,draft,manual,Paediatric Sub-specialties,"What is a distinguishing characteristic of a ""disruption"" compared to other types of congenital anomalies?"
drafts/5fc3ac14-1fe0-4a8c-a5ef-fd98e39d7dc0.json,5fc3ac14-1fe0-4a8c-a5ef-fd98e39d7dc0,draft,ai,Adolescent Medicine,Parents of a 12-year-old ask how to set limits without damaging independence. Which advice best matches the parenting approach described in the notes?
drafts/6007c78d-c503-4a2c-bca3-56b64e0ca900.json,6007c78d-c503-4a2c-bca3-56b64e0ca900,draft,ai,General Paediatrics,A clinician is trying to decide whether a child's presentation is more likely to represent normal variation or a broader inherited concern. Which family history detail from the source pack is the strongest reason to avoid simple reassurance alone?
drafts/6096545f-4a5c-412b-acf3-da075ac61e57.json,6096545f-4a5c-412b-acf3-da075ac61e57,draft,ai,Paediatric Sub-specialties,"A paediatric registrar has identified the lumbar puncture interspace and is ready to advance the needle in a stable school-aged child. According to the notes, which technique is most appropriate once the needle is inserted?"
drafts/60ec3cf9-9664-48b5-860d-7480aa0d5135.json,60ec3cf9-9664-48b5-860d-7480aa0d5135,draft,ai,Adolescent Medicine,"A 17-year-old is brought to the ED after smoking cannabis. He is anxious, says ""nothing feels real,"" and believes people nearby are watching him. Which explanation best fits the notes?"
drafts/610d1563-e0c2-43dd-8099-4434adb416a7.json,610d1563-e0c2-43dd-8099-4434adb416a7,draft,ai,Paediatric Sub-specialties,"Which clinical scenario best fits an **acquired** paediatric heart disease pattern from the source pack, rather than a congenital lesion?"
drafts/6136d19c-f189-42bc-8a30-2c902c20758b.json,6136d19c-f189-42bc-8a30-2c902c20758b,draft,ai,Paediatric Surgery,"During a focused history for acute abdominal pain, which group of symptoms is specifically listed under **systemic symptoms** in the notes?"
drafts/6162d473-6534-491f-9fd0-29e67238dd59.json,6162d473-6534-491f-9fd0-29e67238dd59,draft,ai,Community-based Paediatrics,"During orientation, a resident says the hospital Child Protection Unit and the Department child protection service are essentially the same thing. Which statement best corrects this misunderstanding?"
drafts/618920b1-d41b-4c31-ad7f-b2ccd40ee2d0.json,618920b1-d41b-4c31-ad7f-b2ccd40ee2d0,draft,manual,Paediatric Sub-specialties,Which of the following describes 'Coats disease' as mentioned in the differential diagnosis of leukocoria?
drafts/61b0a56d-c953-4d30-a262-a342e7dfa812.json,61b0a56d-c953-4d30-a262-a342e7dfa812,draft,manual,Paediatric Sub-specialties,"When evaluating a child with a chronic cough, which feature would most strongly suggest a 'habit cough'?"
drafts/61dfe123-d2c3-42cd-b9e6-c9738310ad02.json,61dfe123-d2c3-42cd-b9e6-c9738310ad02,draft,ai,Paediatric Sub-specialties,"In a child initially labelled as having post-streptococcal nephritis, which finding should most strongly prompt escalation of the diagnostic frame toward a systemic inflammatory disorder?"
drafts/62373049-cc9a-407e-90d4-17282739bd58.json,62373049-cc9a-407e-90d4-17282739bd58,draft,ai,Paediatric Sub-specialties,"You are teaching a student how to examine a child with a murmur. According to the source-pack auscultation reminder, what should be listened to first before characterising the murmur further?"
drafts/6247a0d7-54ea-4bef-a276-4b80e7116d96.json,6247a0d7-54ea-4bef-a276-4b80e7116d96,draft,ai,Paediatric Sub-specialties,"An adolescent has a harsh, loud, high-pitched, monophonic sound best heard over the neck on inspiration. Which label best fits this airway sound?"
drafts/6248623c-c6df-4d08-9237-8a311c834330.json,6248623c-c6df-4d08-9237-8a311c834330,draft,ai,Community-based Paediatrics,"During a service-planning meeting, a trainee says that higher health funding per Aboriginal person should already have closed the gap, so no further adjustment to service design is needed. Which response is best supported by the notes?"
drafts/62f1607d-7964-4390-93ec-2968164536d7.json,62f1607d-7964-4390-93ec-2968164536d7,draft,manual,Paediatric Surgery,What is the primary rationale for performing an early reduction of a displaced fracture?
drafts/6301c095-aa4d-42b1-9939-8add395065a2.json,6301c095-aa4d-42b1-9939-8add395065a2,draft,manual,Paediatric Sub-specialties,What is the primary anatomical distinction used to differentiate the gingiva from the oral mucosa?
drafts/639d48b0-37d3-4a0a-b23d-2a33491e9836.json,639d48b0-37d3-4a0a-b23d-2a33491e9836,draft,manual,Paediatric Surgery,What is the standard treatment approach for the vast majority of children with Perthes disease?
drafts/63abb2c3-6781-4f90-ac69-c9d870907037.json,63abb2c3-6781-4f90-ac69-c9d870907037,draft,ai,Community-based Paediatrics,A 10-year-old child has ADHD with prominent aggression causing problems at home and school. Which medication group is specifically noted as potentially helpful for aggression?
drafts/63e986a4-e959-4d3b-9094-7c940da06fa5.json,63e986a4-e959-4d3b-9094-7c940da06fa5,draft,ai,Paediatric Sub-specialties,"A teaching session on winter presentations asks which group most commonly experiences these respiratory tract infections. According to the notes, they are most prevalent among:"
drafts/63f17626-3a86-4d12-9c85-61e645170c19.json,63f17626-3a86-4d12-9c85-61e645170c19,draft,ai,Paediatric Sub-specialties,"An otherwise well child presents with petechiae. Based on the source excerpt, what broad coagulation study result is described with this presentation?"
drafts/644ed04c-54f7-49bb-bc09-f219c59b62c1.json,644ed04c-54f7-49bb-bc09-f219c59b62c1,draft,ai,Community-based Paediatrics,"A parent reports that their 4-year-old had previously used words and gestures but has now lost both. Based on the source pack, which feature is the clearest reason to arrange prompt developmental assessment for possible ASD?"
drafts/65da72ce-8a8b-442c-8c9e-ebe0756e2d99.json,65da72ce-8a8b-442c-8c9e-ebe0756e2d99,draft,ai,Paediatric Surgery,"I can repair the draft, but the draft content was not included after ""Draft to repair:"". Please resend the invalid draft JSON or text for the 6 questions."
drafts/65f678da-a863-473e-8a40-b6610b3d9ce0.json,65f678da-a863-473e-8a40-b6610b3d9ce0,draft,ai,General Paediatrics,A boy with high body mass index is undergoing pubertal review during a broader developmental assessment. Which practical point from the source pack is most important?
drafts/65fbae0b-583b-403e-810c-06a34be51016.json,65fbae0b-583b-403e-810c-06a34be51016,draft,manual,General Paediatrics,What is the specific criteria used to define secondary nocturnal enuresis?
drafts/665a0c42-703d-4045-a5bb-5cc2ff2cc9d4.json,665a0c42-703d-4045-a5bb-5cc2ff2cc9d4,draft,manual,Paediatric Sub-specialties,"According to the 2017 ILAE classification, what is the primary factor used to determine the first general division of seizure types?"
drafts/66983d28-8a8c-408b-8d97-a48b9ebdbbaa.json,66983d28-8a8c-408b-8d97-a48b9ebdbbaa,draft,manual,Paediatric Sub-specialties,What is the standard initial steroid dosage for a child's first episode of nephrotic syndrome?
drafts/66afacbd-3a40-4bbf-a50f-35df845e040e.json,66afacbd-3a40-4bbf-a50f-35df845e040e,draft,ai,Paediatric Sub-specialties,"A preschooler improves after a wheezy episode, and the family asks what change should make them seek earlier reassessment if symptoms recur. Which answer best matches the notes?"
drafts/66e9a1b5-0424-43ea-8afe-b2ce74a4ab38.json,66e9a1b5-0424-43ea-8afe-b2ce74a4ab38,draft,ai,Paediatric Sub-specialties,"In a paediatric neurology review, which background feature should raise consideration of a vitamin-responsive condition according to the notes?"
drafts/6730cb23-b6ca-43ab-bf31-4caee8291134.json,6730cb23-b6ca-43ab-bf31-4caee8291134,draft,ai,Community-based Paediatrics,"An Aboriginal infant is reviewed after a perforated tympanic membrane. The family reports ongoing ear discharge for more than 2 weeks. Based on the source pack, which term best fits this pattern?"
drafts/67be093b-e636-49cf-ae0c-f1488329fec7.json,67be093b-e636-49cf-ae0c-f1488329fec7,draft,ai,Adolescent Medicine,Which proposed treatment for a 15-year-old should most clearly alert the clinician to **special medical treatment** in the notes?
drafts/67e17c59-1430-4db1-bd07-9935fd811a5b.json,67e17c59-1430-4db1-bd07-9935fd811a5b,draft,manual,General Paediatrics,What ultrasound finding is characteristic of an intussusception?
drafts/67e5a5e9-cdef-46e3-91a1-39694b4b3858.json,67e5a5e9-cdef-46e3-91a1-39694b4b3858,draft,manual,Paediatric Sub-specialties,How can a clinician distinguish a 'floppy strong' baby from a 'floppy weak' baby?
drafts/684f560a-d634-431f-aef1-c6f1cc34ae47.json,684f560a-d634-431f-aef1-c6f1cc34ae47,draft,ai,Emergency Paediatrics,"A 13-year-old has nausea, abdominal pain, venous pH 7.25, and point-of-care ketones 3.2 mmol/L. Her blood glucose is 12 mmol/L. What is the best interpretation?"
drafts/68a1c94c-e5b0-44b4-88bf-007cb9d9724d.json,68a1c94c-e5b0-44b4-88bf-007cb9d9724d,draft,manual,Paediatric Surgery,What percentage of children diagnosed with transient synovitis are ultimately found to have Perthes disease?
drafts/68b486e1-caec-4ca5-842e-5822406e9718.json,68b486e1-caec-4ca5-842e-5822406e9718,draft,ai,Community-based Paediatrics,"A clinician reviewing behaviour checklists notices that one report describes frequent classroom blurting and interruption, while another emphasises acting on temptation without thinking. Which overall ADHD feature links these observations best?"
drafts/68de76af-1068-423d-be9f-6b277e32bb57.json,68de76af-1068-423d-be9f-6b277e32bb57,draft,ai,Paediatric Sub-specialties,"When reviewing an AP chest radiograph in a toddler, which interpretation point is most important before overcalling cardiomediastinal enlargement?"
drafts/68ea5241-83d6-48c8-a2c3-94cb017a3a8b.json,68ea5241-83d6-48c8-a2c3-94cb017a3a8b,draft,manual,Paediatric Sub-specialties,What is the most common etiology for respiratory tract infections in children?
drafts/68fe524b-c6ee-49ab-892a-03b4c9dcb1fa.json,68fe524b-c6ee-49ab-892a-03b4c9dcb1fa,draft,ai,Emergency Paediatrics,Which change most strongly suggests deterioration in a child being monitored for suspected sepsis?
drafts/692b8c16-02d5-453e-a653-3b6aa00d8ffb.json,692b8c16-02d5-453e-a653-3b6aa00d8ffb,draft,manual,Paediatric Sub-specialties,Which of the following describes the typical natural history of cow's milk allergy in children?
drafts/69aa514b-8450-4ce2-8976-7e677c80d8d9.json,69aa514b-8450-4ce2-8976-7e677c80d8d9,draft,manual,Paediatric Sub-specialties,"According to the source material, what is the most common timing for the brain injury that results in cerebral palsy?"
drafts/69f399fe-733b-4c1f-9a46-22a4f9006e20.json,69f399fe-733b-4c1f-9a46-22a4f9006e20,draft,ai,Paediatric Sub-specialties,A term newborn becomes pink and starts breathing well after delivery. Which haemodynamic change is expected as part of normal postnatal transition?
drafts/6a585b7e-5387-46c1-9dd6-07a5decde6bd.json,6a585b7e-5387-46c1-9dd6-07a5decde6bd,draft,ai,Paediatric Sub-specialties,"In the mastoiditis section, what is the purpose of a grommet?"
drafts/6a8f815d-e1cc-4e24-9b01-475e4f59d18d.json,6a8f815d-e1cc-4e24-9b01-475e4f59d18d,draft,ai,Adolescent Medicine,A school-based clinician reviews a survey showing students can answer most HIV questions correctly but struggle when asked about common STIs. What is the **best educational follow-up** based on the notes?
drafts/6aab9619-7afb-416b-b138-6b5158ae2ddd.json,6aab9619-7afb-416b-b138-6b5158ae2ddd,draft,ai,Paediatric Sub-specialties,A child with intellectual disability is undergoing first-tier investigations. Which test in the notes is specifically aimed at identifying chromosomal abnormalities and copy number variants such as microdeletions and microduplications?
drafts/6af84649-8e8c-4c94-9a1c-cde413d0be9e.json,6af84649-8e8c-4c94-9a1c-cde413d0be9e,draft,manual,Adolescent Medicine,What biological factor contributes to the high vulnerability of adolescent girls to pelvic inflammatory disease (PID)?
drafts/6b1e0e21-e4a1-448b-8642-d717c404f860.json,6b1e0e21-e4a1-448b-8642-d717c404f860,draft,ai,Community-based Paediatrics,"At a council immunisation clinic, a 13-month-old develops a febrile convulsion after receiving a vaccine. Based on the source pack, how should this adverse event following immunisation (AEFI) be classified?"
drafts/6b779508-2d40-43d4-91ee-555194fe526d.json,6b779508-2d40-43d4-91ee-555194fe526d,draft,ai,Paediatric Sub-specialties,"According to the source notes, which clinic reading meets the definition of hypertension in childhood?"
drafts/6b802f31-94b7-4754-8ffe-d646c22b9701.json,6b802f31-94b7-4754-8ffe-d646c22b9701,draft,ai,Paediatric Sub-specialties,"During follow-up for suspected asthma, an 8-year-old is asked to take a maximal breath in and then blow out forcefully for spirometry. What is this test measuring?"
drafts/6b8db371-2d7d-4ee1-a9fc-3452b3d9a1b8.json,6b8db371-2d7d-4ee1-a9fc-3452b3d9a1b8,draft,ai,Community-based Paediatrics,A paediatric intern is preparing a non-imminent suspected risk of significant harm report for chronic neglect. Which information is most important to include?
drafts/6ba006a5-3cd9-4623-9dd0-bdbe474dc60f.json,6ba006a5-3cd9-4623-9dd0-bdbe474dc60f,draft,manual,Paediatric Surgery,What is the preferred imaging modality for evaluating acute abdominal pain in children due to its lack of radiation?
drafts/6baac6c3-cad9-4c61-8b73-c6830d3bb0dd.json,6baac6c3-cad9-4c61-8b73-c6830d3bb0dd,draft,ai,Emergency Paediatrics,The source pack states that death in children usually occurs through two major pathways before cardiac arrest. Which pathway is the more common one?
drafts/6c5e1b97-7611-4a89-9509-226659a54bb0.json,6c5e1b97-7611-4a89-9509-226659a54bb0,draft,ai,Emergency Paediatrics,A 12-year-old with diabetic ketoacidosis is being assessed for risk of neurological deterioration. Which finding is specifically listed in the notes as a risk factor for cerebral injury?
drafts/6c72d676-c792-4520-adcf-8e89d8713593.json,6c72d676-c792-4520-adcf-8e89d8713593,draft,ai,Paediatric Sub-specialties,"During an LP, a trainee is trying to identify the correct interspace and needle direction. Which description best matches the provided notes?"
drafts/6ca239a6-5e8a-45b1-af89-e21cdcb5479b.json,6ca239a6-5e8a-45b1-af89-e21cdcb5479b,draft,ai,Paediatric Sub-specialties,A teenager has had both motor tics and vocal tics documented over time. Which diagnosis is identified in the provided source pack as the combination of motor and vocal tics?
drafts/6d91abb4-eafb-4d22-9edf-19d60d1a6183.json,6d91abb4-eafb-4d22-9edf-19d60d1a6183,draft,ai,General Paediatrics,"A school-aged child with gastroenteritis keeps passing watery stools after the initial rehydration prescription is written. According to the notes, how should ongoing losses be replaced?"
drafts/6dde16d1-2d68-44a8-b774-4d587f520033.json,6dde16d1-2d68-44a8-b774-4d587f520033,draft,ai,Emergency Paediatrics,"A 3-year-old girl had a choking episode while eating, seemed to improve, but over the next few days develops ongoing cough and recurrent focal chest symptoms. Which management plan is best supported by the notes if there is reasonable suspicion of an airway foreign body?"
drafts/6e4ac196-4708-4e48-ada3-c3923491a086.json,6e4ac196-4708-4e48-ada3-c3923491a086,draft,manual,Paediatric Sub-specialties,Which of the following medications should be avoided in patients with Juvenile Myoclonic Epilepsy because they may exacerbate seizures?
drafts/6f73e245-5e46-4f57-87ef-e5eb0032dc21.json,6f73e245-5e46-4f57-87ef-e5eb0032dc21,draft,manual,Adolescent Medicine,What distinguishes Obstructive Sleep Apnea (OSA) from primary snoring in children?
drafts/6f7a8570-d55a-49e8-9783-dfe796c8865e.json,6f7a8570-d55a-49e8-9783-dfe796c8865e,draft,manual,Paediatric Sub-specialties,Which endoscopic finding is characteristically described as 'crepe paper mucosa' in patients with Eosinophilic Esophagitis (EoE)?
drafts/70565735-789d-4d23-ac67-046bde229ee8.json,70565735-789d-4d23-ac67-046bde229ee8,draft,ai,General Paediatrics,A learner is planning revision of the gastroenterology chapter and wants to cover the subsections in the order shown in the source pack. Which topic comes after **Specific GI Conditions**?
drafts/707af8c9-ab9d-407c-856f-f3740ffa6e38.json,707af8c9-ab9d-407c-856f-f3740ffa6e38,draft,manual,Emergency Paediatrics,For which medication is there a high level of evidence *against* use in children under 12 months with bronchiolitis?
drafts/707d825b-7c98-4b35-8db7-b130d35d90ae.json,707d825b-7c98-4b35-8db7-b130d35d90ae,draft,ai,Emergency Paediatrics,"A **70 kg** adolescent needs **amiodarone IV** in an emergency. Based on the source pack, what dose should be selected?"
drafts/70835044-6b47-46a2-9093-11e1309cef5f.json,70835044-6b47-46a2-9093-11e1309cef5f,draft,ai,Paediatric Sub-specialties,"A child has bilious vomiting, abdominal distension and guarding, and bowel obstruction is suspected. Which next-step plan best matches the notes?"
drafts/708e7940-9d70-4bf7-bdac-a4479fe5d8dc.json,708e7940-9d70-4bf7-bdac-a4479fe5d8dc,draft,manual,Paediatric Surgery,What is the characteristic gait and posture of a child affected by SCFE?
drafts/70b4b411-fb0b-4720-b7d3-3ca91637cfd0.json,70b4b411-fb0b-4720-b7d3-3ca91637cfd0,draft,manual,Paediatric Sub-specialties,"For a 4-year-old child categorized with severe asthma, what is the recommended dose of Salbutamol via a metered dose inhaler (MDI) and spacer?"
drafts/71255b50-4ce1-418c-bb06-e113ae470a10.json,71255b50-4ce1-418c-bb06-e113ae470a10,draft,manual,Paediatric Sub-specialties,What is often the first behavioral sign of esophageal dysfunction in older children or adolescents with EoE?
drafts/7186456c-cbb4-4832-a25a-dce691c0704d.json,7186456c-cbb4-4832-a25a-dce691c0704d,draft,manual,Paediatric Surgery,What is the primary anatomical difference between exomphalos (omphalocele) and gastroschisis?
drafts/71fb20a3-366d-44ef-92aa-82d4c45472a4.json,71fb20a3-366d-44ef-92aa-82d4c45472a4,draft,ai,Paediatric Sub-specialties,Which note-based feature best explains why infants and young children have potential for V/Q mismatch during acute respiratory illness?
drafts/722eaf7d-23b5-4001-8584-abedc0925278.json,722eaf7d-23b5-4001-8584-abedc0925278,draft,ai,General Paediatrics,A GP in NSW wants to use the Blue Book schedule as part of developmental surveillance. Which set of ages matches the notes?
drafts/72be9fdc-2710-4c84-992d-00f05e25438e.json,72be9fdc-2710-4c84-992d-00f05e25438e,draft,manual,General Paediatrics,Which of the following is a 'red flag' suggesting a serious underlying condition rather than functional constipation?
drafts/735d5998-0e9b-448c-badd-87ec5904e812.json,735d5998-0e9b-448c-badd-87ec5904e812,draft,ai,General Paediatrics,A parent asks why nocturnal enuresis happens during sleep. Which explanation best matches the source pack?
drafts/73647be5-8da5-4e38-8438-a0254d503f08.json,73647be5-8da5-4e38-8438-a0254d503f08,draft,manual,Adolescent Medicine,Which factor is identified as a significant barrier to adolescents accessing effective contraception?
drafts/73955c51-b3da-46c3-b6ce-e4118ed5db1b.json,73955c51-b3da-46c3-b6ce-e4118ed5db1b,draft,ai,Emergency Paediatrics,"During paediatric basic life support, a clinician calls the child's name, asks ""Are you okay?"", moves the arm, and then checks for a pain response with a trapezius squeeze. Which PBLS step is being performed?"
drafts/73df8c33-98de-4ded-920f-0c6a894cbdae.json,73df8c33-98de-4ded-920f-0c6a894cbdae,draft,ai,General Paediatrics,Which concern is given in the notes as the reason to avoid inappropriate water intake in young infants?
drafts/74476be9-bd14-414f-86e1-dc1e4b20b2c2.json,74476be9-bd14-414f-86e1-dc1e4b20b2c2,draft,ai,Community-based Paediatrics,"A paediatrician wants a preparation likely to cover the whole school day and homework period with one morning dose. Based on the durations listed in the notes, which preparation has the longest stated duration?"
drafts/7493f5cf-5d8d-47ac-9a82-de5e10267855.json,7493f5cf-5d8d-47ac-9a82-de5e10267855,draft,manual,General Paediatrics,Which of the following symptoms is a specific indicator of pathological Gastroesophageal Reflux Disease (GERD) rather than benign reflux?
drafts/74c03962-dca9-49c3-ad18-7b0519fd323e.json,74c03962-dca9-49c3-ad18-7b0519fd323e,draft,manual,General Paediatrics,"According to the source material, what is the minimum duration of symptoms required to define constipation in children?"
drafts/74d07dde-4461-4205-abef-7851b1150fef.json,74d07dde-4461-4205-abef-7851b1150fef,draft,manual,Emergency Paediatrics,"When managing a patient with acute severe colitis, which class of medications should be avoided to reduce the risk of toxic megacolon?"
drafts/74e302b9-cc0a-40c8-a7d7-66dcc03180c7.json,74e302b9-cc0a-40c8-a7d7-66dcc03180c7,draft,ai,Paediatric Surgery,"A school-aged child presents with facial swelling. On oral examination, there is a halo around the opening of the parotid gland in the buccal mucosa. Which diagnosis best matches this finding?"
drafts/75609efb-4236-48c4-8e3d-e682e0d08c31.json,75609efb-4236-48c4-8e3d-e682e0d08c31,draft,ai,Paediatric Surgery,"A resident says that if an undescended testis cannot be felt, it cannot be part of cryptorchidism. Which response is most consistent with the notes?"
drafts/75613d7d-86f1-4232-9992-b221a2a9bd1f.json,75613d7d-86f1-4232-9992-b221a2a9bd1f,draft,manual,Community-based Paediatrics,"Which vaccine is strictly contraindicated for all patients with HIV, regardless of their $CD4$ count?"
drafts/75d917a8-4001-4ef6-9ad7-2f81f5955d92.json,75d917a8-4001-4ef6-9ad7-2f81f5955d92,draft,manual,Paediatric Sub-specialties,"What clinical finding is most characteristic of intravascular hemolysis, such as that seen in severe malaria or $G6PD$ deficiency?"
drafts/75f1bbdf-5876-4a86-afa1-188d10111abc.json,75f1bbdf-5876-4a86-afa1-188d10111abc,draft,ai,Paediatric Surgery,"When counselling parents about long-segment or whole aganglionic bowel, which major long-term problem is directly supported by the source notes?"
drafts/7674c772-36e8-4fb7-aed3-59ddfda669f0.json,7674c772-36e8-4fb7-aed3-59ddfda669f0,draft,ai,Community-based Paediatrics,A 15-month-old child received a blood product containing antibodies 2 months ago. The family asks when a live viral vaccine can next be given without interference from the blood product. What is the earliest timing supported by the notes?
drafts/7696ede3-b39e-4895-803f-d54bc66a4dc8.json,7696ede3-b39e-4895-803f-d54bc66a4dc8,draft,ai,Paediatric Sub-specialties,A child with suspected nephritic syndrome has urinalysis sent. Which proteinuria pattern best fits the notes?
drafts/7716a8bb-6d51-4eff-9bc0-f8ddfd6922d1.json,7716a8bb-6d51-4eff-9bc0-f8ddfd6922d1,draft,ai,Paediatric Sub-specialties,"A child with chronic neutropaenia has been mostly asymptomatic, but the family asks what serious infective complication is still mentioned in the source pack as possible. Which answer is best?"
drafts/77442b1e-7240-473f-81b9-7565cd2368dd.json,77442b1e-7240-473f-81b9-7565cd2368dd,draft,ai,Paediatric Surgery,A child returns for review after a forearm injury. The clinician is particularly checking whether the bone has remained bowed rather than returning to its original position. Which paediatric fracture principle best explains this follow-up focus?
drafts/7803b5ed-582e-4300-9120-fe64b861e6ab.json,7803b5ed-582e-4300-9120-fe64b861e6ab,draft,ai,General Paediatrics,A junior doctor asks how most dietary lipids are usually transported after absorption when teaching through a chronic malabsorption case. What is the best answer?
drafts/78bfbb33-b5d8-4816-8661-6258d32757f7.json,78bfbb33-b5d8-4816-8661-6258d32757f7,draft,ai,Community-based Paediatrics,"A community paediatrics trainee has several concerns from different contacts about a child. No single issue clearly reaches significant risk on its own, but together the pattern is worrying. It is Tuesday morning during business hours. Which feature of the Child Wellbeing Unit is most relevant to why a call may still be useful?"
drafts/78cd326b-8092-4077-acac-c99aad386d2d.json,78cd326b-8092-4077-acac-c99aad386d2d,draft,manual,Paediatric Surgery,Which of the following is considered a primary risk factor for DDH?
drafts/7a11500f-d836-4e73-91b1-34736ceb2b11.json,7a11500f-d836-4e73-91b1-34736ceb2b11,draft,ai,General Paediatrics,"A colleague wants to satisfy the target count by writing SIDS-prevention counselling questions with generic answer choices such as `sleep advice`, `follow-up`, and `reassurance`. Why is this still unsafe?"
drafts/7a90b4f5-6cdd-4d4d-bdfd-60f2eaab43c8.json,7a90b4f5-6cdd-4d4d-bdfd-60f2eaab43c8,draft,ai,Emergency Paediatrics,"A child presents to the emergency department appearing seriously unwell, with lethargy, mottled skin, and tachycardia, but only a low-grade fever. What is the most appropriate immediate approach?"
drafts/7ab6cb60-97d7-4e31-804c-bd860ffc7e1f.json,7ab6cb60-97d7-4e31-804c-bd860ffc7e1f,draft,ai,Community-based Paediatrics,A 10-year-old boy with ADHD returns 3 weeks after starting stimulant treatment. His parents say he now eats very little at school but has a better evening appetite. Which adverse effect best fits this pattern?
drafts/7ad4d4ac-8240-488b-9ddb-db1e4c0c131e.json,7ad4d4ac-8240-488b-9ddb-db1e4c0c131e,draft,ai,Adolescent Medicine,"During follow-up for a long-term condition, a parent says, 'There seem to be far more teenagers living with chronic illnesses now than there used to be. Is that mainly just because we label more things?' Which explanation is most supported by the notes?"
drafts/7b03de88-3170-4ee1-8bd3-783d913ac7cb.json,7b03de88-3170-4ee1-8bd3-783d913ac7cb,draft,ai,Paediatric Sub-specialties,"During a non-urgent lumbar puncture, a junior doctor suggests injecting local anaesthetic before feeling for landmarks. According to the notes, what is the main drawback of doing that?"
drafts/7b3c58c0-95b3-435f-be6a-f85494a99c37.json,7b3c58c0-95b3-435f-be6a-f85494a99c37,draft,manual,Paediatric Surgery,"A child presents with a broad, thick, and fleshy maxillary frenum (referred to as a 'freedom' in the text). According to the source, how should this finding be interpreted?"
drafts/7b3e2c06-2c98-486a-8d6e-97ebbdfe5be1.json,7b3e2c06-2c98-486a-8d6e-97ebbdfe5be1,draft,manual,Paediatric Sub-specialties,What is the primary physiological purpose of the electrical delay that occurs in the AV node?
drafts/7b9c3364-3029-410b-9da5-5f7cc06946aa.json,7b9c3364-3029-410b-9da5-5f7cc06946aa,draft,manual,Paediatric Surgery,Which clinical feature distinguishes a child with septic arthritis from one with transient synovitis?
drafts/7bab3ebc-4bb1-42ab-a738-ce7112798e59.json,7bab3ebc-4bb1-42ab-a738-ce7112798e59,draft,manual,Paediatric Surgery,Which clinical presentation is most commonly associated with a 'corkscrew' appearance on a contrast study in an infant?
drafts/7bbaa286-387d-4634-9ec3-4a526f905053.json,7bbaa286-387d-4634-9ec3-4a526f905053,draft,manual,Paediatric Surgery,Which of the following is a key reason why 'non-anatomic reduction' may be acceptable in pediatric fractures compared to adults?
drafts/7c521c0b-05cc-428b-9c5e-81514be838c0.json,7c521c0b-05cc-428b-9c5e-81514be838c0,draft,manual,Community-based Paediatrics,Which of the following is considered a 'red flag' indicator that warrants immediate further investigation?
drafts/7cd4d605-1fec-4029-bc2c-21fcd57b74bb.json,7cd4d605-1fec-4029-bc2c-21fcd57b74bb,draft,ai,General Paediatrics,A newborn's measurements are being compared with the note-based 50th percentiles. Which set is correct?
drafts/7cec477b-7ffd-4a64-91ad-af713dbf4861.json,7cec477b-7ffd-4a64-91ad-af713dbf4861,draft,manual,Paediatric Sub-specialties,Which condition is typically associated with a child who is hyperopic and presents with an inward-turning eye around age $2.5$ to $3$ years?
drafts/7cfdd8cc-406b-49d3-8b2c-84f5d4242eb7.json,7cfdd8cc-406b-49d3-8b2c-84f5d4242eb7,draft,manual,Paediatric Sub-specialties,"According to mathematical modeling, what is the predicted life expectancy for a patient treated with modern triple-combination modulators compared to basic supportive care?"
drafts/7d1767a1-8ee3-402f-a7c2-65c1ace362ce.json,7d1767a1-8ee3-402f-a7c2-65c1ace362ce,draft,ai,General Paediatrics,The current source pack excerpts do not contain enough BRUE or SIDS factual content to support a grounded SBA item in `strict_internal` mode. What is the safest action for this batch?
drafts/7d1b10d2-2762-472c-be31-5c23dc8dca9b.json,7d1b10d2-2762-472c-be31-5c23dc8dca9b,draft,manual,Paediatric Sub-specialties,"In the assessment of a child with suspected protein-losing enteropathy, which stool test is used as a marker for protein loss?"
drafts/7db8b809-6bf8-430e-a5d0-a55149175751.json,7db8b809-6bf8-430e-a5d0-a55149175751,draft,ai,Paediatric Sub-specialties,A registrar argues that a past seizure history makes a recurrent paediatric headache presentation much less compatible with migraine than it would be in adults. Which reply best matches the source pack?
drafts/7dc35fb4-f018-4cac-b99c-d7aae62170c6.json,7dc35fb4-f018-4cac-b99c-d7aae62170c6,draft,ai,Community-based Paediatrics,"A 4-year-old child is referred for possible autism spectrum disorder after concerns about social communication and repetitive behaviours. During team discussion, a junior doctor asks what role the Autism Diagnostic Observation Schedule (ADOS) plays in assessment. Which statement is most accurate based on the source notes?"
drafts/7eb17adf-2702-4e81-997e-27f220352c91.json,7eb17adf-2702-4e81-997e-27f220352c91,draft,manual,Paediatric Surgery,Which X-ray finding is characteristic of a dislocated hip in a child over 6 months of age?
drafts/7efc864f-287d-4cef-8a53-a376a0c35b29.json,7efc864f-287d-4cef-8a53-a376a0c35b29,draft,manual,Paediatric Surgery,"According to the provided material, how does trauma typically relate to the incidence of SCFE?"
drafts/7f775ae4-1527-461f-8538-94712c55ec66.json,7f775ae4-1527-461f-8538-94712c55ec66,draft,ai,Paediatric Surgery,"A team wants a long-term follow-up question about procedural pain outcomes, but the excerpt set lacks any outcome data or follow-up framework. Which option best aligns with the source rules?"
drafts/7fe6be9d-d478-4aba-90e4-2b68b072beb9.json,7fe6be9d-d478-4aba-90e4-2b68b072beb9,draft,manual,Paediatric Sub-specialties,"In the context of diagnostic catheterization, what does a $QP/QS$ ratio of $1.5:1$ typically indicate?"
drafts/8023a091-6214-4a7f-a36b-98d78071c169.json,8023a091-6214-4a7f-a36b-98d78071c169,draft,ai,Community-based Paediatrics,A registrar is reviewing why some vaccines are given in repeat doses rather than as closely spaced doses over a few days. Which principle from the notes best explains appropriate spacing?
drafts/8041dda7-e1aa-43f0-9f4b-141355688dc1.json,8041dda7-e1aa-43f0-9f4b-141355688dc1,draft,manual,Community-based Paediatrics,What is the primary role of humoral immunity within the adaptive immune system?
drafts/806e34a4-a50f-4aae-b3c1-3efe0b30ef79.json,806e34a4-a50f-4aae-b3c1-3efe0b30ef79,draft,ai,Paediatric Sub-specialties,"A child denies pain but says they need help getting dressed each morning. Based on the source pack alone, which pGALS screening question has identified a potential concern?"
drafts/80a2ba9e-a408-415c-892e-9d531f1dbdb5.json,80a2ba9e-a408-415c-892e-9d531f1dbdb5,draft,manual,Paediatric Sub-specialties,Which clinical feature is a 'red flag' suggesting that musculoskeletal symptoms may be due to malignancy rather than a benign condition?
drafts/80ef37be-5db6-4816-b20e-ccd746182ffd.json,80ef37be-5db6-4816-b20e-ccd746182ffd,draft,ai,Paediatric Sub-specialties,"A GP is reviewing a 13-year-old girl with delayed puberty and wants to include the correct sex steroid in the initial blood tests. According to the source pack, which hormone should be paired with **FSH and LH** in this patient?"
drafts/8103df00-ed02-4d96-8155-bcd14853490d.json,8103df00-ed02-4d96-8155-bcd14853490d,draft,ai,Paediatric Sub-specialties,"An adolescent is evaluated for delayed puberty. LH, FSH, testosterone, and oestradiol are low, and there is no response to GnRH stimulation. Which site of dysfunction is most likely?"
drafts/81a32aa6-94e5-405a-b1ef-9b76746ba188.json,81a32aa6-94e5-405a-b1ef-9b76746ba188,draft,manual,Paediatric Sub-specialties,"In the context of interval therapy for migraine, how does Topiramate compare to Propranolol?"
drafts/81f5a6b2-7e0b-471f-a7ca-bc581be2ffaa.json,81f5a6b2-7e0b-471f-a7ca-bc581be2ffaa,draft,manual,Paediatric Surgery,What is the recommended duration for wearing splints following a burn to prevent contractures?
drafts/8231c4ae-6e46-4069-a4cd-c4e9b2f4a8cb.json,8231c4ae-6e46-4069-a4cd-c4e9b2f4a8cb,draft,manual,Paediatric Sub-specialties,"When examining the tongue for potential pathology like squamous cell carcinoma, which areas are most critical to inspect?"
drafts/8257fc5f-c953-45eb-bb9c-78377e0c98f3.json,8257fc5f-c953-45eb-bb9c-78377e0c98f3,draft,ai,Paediatric Sub-specialties,"A cooperative 6-year-old has a small rubber earplug tip visible in the external ear canal. Under direct vision, which technique best matches the note-based office approach?"
drafts/8355c551-7d0e-4971-b831-3895c1ea604f.json,8355c551-7d0e-4971-b831-3895c1ea604f,draft,ai,Paediatric Sub-specialties,"A baby has vertebral defects, anal atresia, cardiac defects, tracheo-oesophageal fistula, renal anomalies and limb abnormalities. When discussing this pattern with the family, which term best describes features occurring together more frequently than expected by chance with no known single cause?"
drafts/83684779-32e9-4e4b-8aa4-77d64c8a9fb4.json,83684779-32e9-4e4b-8aa4-77d64c8a9fb4,draft,ai,General Paediatrics,An 18-month-old is being assessed for constipation. Which accompanying feature is a red flag in the source pack and should prompt concern about an organic cause rather than straightforward functional constipation?
drafts/83d19f2e-786e-4976-9ce2-294f2e75cd4c.json,83d19f2e-786e-4976-9ce2-294f2e75cd4c,draft,manual,Paediatric Sub-specialties,Which of the following is a 'red flag' concern during a physical examination of a child with obesity that might suggest a syndromic or non-lifestyle cause?
drafts/83e403cb-9088-4291-9214-b7e36a1a8aaa.json,83e403cb-9088-4291-9214-b7e36a1a8aaa,draft,manual,Community-based Paediatrics,Approximately what percentage of children with ADHD have at least one or more comorbid conditions?
drafts/83e5815c-1a69-4acc-adf2-0fd863c52943.json,83e5815c-1a69-4acc-adf2-0fd863c52943,draft,manual,Adolescent Medicine,What percentage of young people reported feeling good after their last sexual experience in recent surveys?
drafts/841b3ffa-f926-4ed3-84db-6808eed4dfda.json,841b3ffa-f926-4ed3-84db-6808eed4dfda,draft,manual,Adolescent Medicine,How does sleep duration change from a newborn to an adolescent according to the provided statistics?
drafts/8479c00b-0577-478f-9f8d-cce5d51bb58a.json,8479c00b-0577-478f-9f8d-cce5d51bb58a,draft,ai,Paediatric Sub-specialties,"A child has ongoing concern for antibody deficiency despite a normal total immunoglobulin panel. According to the source pack, which investigation best assesses vaccine response?"
drafts/8491734e-f633-4d9a-8a1b-00d65d68d6da.json,8491734e-f633-4d9a-8a1b-00d65d68d6da,draft,manual,Paediatric Sub-specialties,"In cases of bullous impetigo, which pathogen is almost invariably the causative agent?"
drafts/84f8ac50-3ec4-4a1d-b59e-80cc5f40af40.json,84f8ac50-3ec4-4a1d-b59e-80cc5f40af40,draft,manual,Paediatric Sub-specialties,What is a primary clinical benefit of establishing a definitive genetic diagnosis for a child with malformations?
drafts/85803ff9-a901-49f0-85a5-14fd440f270f.json,85803ff9-a901-49f0-85a5-14fd440f270f,draft,manual,Paediatric Surgery,Which clinical finding in a full-term baby is highly suspicious for Hirschsprung's disease?
drafts/85a24154-35b1-4f29-a9f6-6a041e14ccd5.json,85a24154-35b1-4f29-a9f6-6a041e14ccd5,draft,manual,Paediatric Surgery,"In the pediatric modification of the Rule of Nines, how is the head's percentage of TBSA adjusted after the age of one?"
drafts/85a878aa-3fae-46da-8585-475c918a5cbb.json,85a878aa-3fae-46da-8585-475c918a5cbb,draft,ai,Paediatric Surgery,"A 6-year-old boy is referred to paediatric surgery for an elective excision of a small **midline submental lump**. It has been present for many months, is painless, and the child is otherwise well. Before discussing surgery, which point is most important to explain to the family based on the notes?"
drafts/85b48bd0-af18-44de-ad20-ce3a70dc5dd4.json,85b48bd0-af18-44de-ad20-ce3a70dc5dd4,draft,manual,Community-based Paediatrics,"According to the source material, which of the following groups are considered mandatory reporters in the community based on their interaction with children?"
drafts/85cc77b8-9cd2-4e0a-bdbb-6aedb716030c.json,85cc77b8-9cd2-4e0a-bdbb-6aedb716030c,draft,manual,Paediatric Sub-specialties,"What is the recommended management for a Kerion, an inflammatory reaction to a fungal scalp infection?"
drafts/85f29111-fe7b-4633-8c81-7a1502bba9e2.json,85f29111-fe7b-4633-8c81-7a1502bba9e2,draft,manual,Paediatric Surgery,"A 20-month-old child presents with a submental midline swelling that has a 'purpley' skin discoloration and central crusting, but the child is otherwise systemically well. What is the most likely diagnosis?"
drafts/8663fe91-4d76-492b-8681-a5aa8c9880da.json,8663fe91-4d76-492b-8681-a5aa8c9880da,draft,ai,Community-based Paediatrics,A paediatric trainee is planning an ADHD assessment for a child whose teacher reports learning difficulties. Which additional assessment component is specifically supported by the notes?
drafts/867f33de-1446-4edf-b74f-4698f90933d0.json,867f33de-1446-4edf-b74f-4698f90933d0,draft,manual,Paediatric Sub-specialties,What is the recommended duration of antibiotic treatment for a child diagnosed with a febrile urinary tract infection (pyelonephritis)?
drafts/86c50f1b-deb7-488f-a13f-79db81baf55e.json,86c50f1b-deb7-488f-a13f-79db81baf55e,draft,manual,Paediatric Sub-specialties,What is the recommended systemic treatment for a neonate diagnosed with chlamydial conjunctivitis?
drafts/86cf166f-59d5-4570-97be-112d65668ef4.json,86cf166f-59d5-4570-97be-112d65668ef4,draft,manual,Adolescent Medicine,Which stage of adolescence is typically characterized by the highest rates of risk-taking behavior?
drafts/86de167d-f0da-44ee-aec4-7ca56c4e97b0.json,86de167d-f0da-44ee-aec4-7ca56c4e97b0,draft,ai,Paediatric Surgery,"Which practice is most likely to help prevent delay in recognising important inguino-scrotal pathology in boys with abdominal pain, according to the notes?"
drafts/8718ab00-afcb-4918-a38f-44ed64ea5812.json,8718ab00-afcb-4918-a38f-44ed64ea5812,draft,ai,Paediatric Surgery,A child is being assessed after blunt chest trauma. Which injury is identified in the notes as the **most common paediatric chest injury**?
drafts/873ffcb3-faf7-400b-b1e2-b0137abd5ddc.json,873ffcb3-faf7-400b-b1e2-b0137abd5ddc,draft,ai,Community-based Paediatrics,A boy with haemophilia is attending a community clinic for vaccination. Which approach is best supported by the notes?
drafts/8765fa32-bac0-43cc-93e6-7470db90a6ca.json,8765fa32-bac0-43cc-93e6-7470db90a6ca,draft,ai,Paediatric Sub-specialties,A 5-year-old with longstanding motor difficulties and broader developmental concerns needs a structured assessment that includes gross and fine motor skills and gives an overall developmental picture. Which tool best matches the notes?
drafts/88a43555-a36e-4d10-a4f7-1916f3d91165.json,88a43555-a36e-4d10-a4f7-1916f3d91165,draft,ai,Paediatric Sub-specialties,"A child is reviewed after an episode of acute otitis media. There is still fluid in the middle ear, but there are no signs or symptoms of inflammation. What is the best term for this finding?"
drafts/8963f361-bdc2-444d-9e7a-b4471b6d61ad.json,8963f361-bdc2-444d-9e7a-b4471b6d61ad,draft,ai,Paediatric Surgery,Which paediatric fracture presentation should be referred early based on the source pack's explicit warning?
drafts/897caf21-7da7-4a20-9381-49b5cad0731c.json,897caf21-7da7-4a20-9381-49b5cad0731c,draft,ai,Paediatric Sub-specialties,"A 6-month-old boy develops coryza followed by cough, diffuse wheeze, and crackles. His team explains that even modest bronchiolar swelling can cause marked symptoms in infancy. Which mechanism best accounts for this?"
drafts/897de4f5-e49e-481a-a06b-638a9a8fc2e4.json,897de4f5-e49e-481a-a06b-638a9a8fc2e4,draft,manual,General Paediatrics,What percentage of 5-year-old children are typically affected by nocturnal enuresis?
drafts/8987cbc0-9f4c-42fa-8429-fbc9b2d67ec9.json,8987cbc0-9f4c-42fa-8429-fbc9b2d67ec9,draft,ai,Paediatric Sub-specialties,Which instrument is specifically named in the notes for removing a nasal foreign body?
drafts/8990d65d-5450-43a0-b3ec-70e2d529a99f.json,8990d65d-5450-43a0-b3ec-70e2d529a99f,draft,ai,Paediatric Sub-specialties,"A 2-year-old is initially thought to have a lower-airway wheezy illness because expiration is noisy. Later, loud inspiratory stridor appears. What is the best interpretation of this change?"
drafts/89bd1df6-7bb5-4994-a792-827cc8a0b2a1.json,89bd1df6-7bb5-4994-a792-827cc8a0b2a1,draft,ai,Paediatric Sub-specialties,"A child aged 1 to 8 years is using Flixotide Junior but now needs a dose higher than 100 micrograms twice daily. According to the source pack, what is the most appropriate next formulation step?"
drafts/89e0f834-6fe3-4f79-8174-60c564d101ea.json,89e0f834-6fe3-4f79-8174-60c564d101ea,draft,manual,Community-based Paediatrics,Which of the following characteristics distinguishes the innate immune response from the adaptive immune response?
drafts/8a46150b-3fc7-4ef2-8034-b1519b630c21.json,8a46150b-3fc7-4ef2-8034-b1519b630c21,draft,manual,Paediatric Surgery,What is the standard surgical intervention to manage a slipped capital femoral epiphysis?
drafts/8abc33d3-9989-428b-81da-fbaa7421b95c.json,8abc33d3-9989-428b-81da-fbaa7421b95c,draft,manual,Paediatric Sub-specialties,"While ultrasound is often the first test for suspected stones, which modality is the absolute gold standard for detecting renal calculi?"
drafts/8ac462a5-5f3d-4255-8a4b-41f01053ea23.json,8ac462a5-5f3d-4255-8a4b-41f01053ea23,draft,manual,Paediatric Sub-specialties,Which long-term complication is specifically associated with the use of anthracycline chemotherapy drugs?
drafts/8af725d1-7484-4118-83ff-70878fea01b9.json,8af725d1-7484-4118-83ff-70878fea01b9,draft,ai,Adolescent Medicine,"A 15-year-old with gender dysphoria attends with her mother and stepfather, both of whom support proceeding with gender-affirming medical treatment. Her biological father also has parental responsibility but has not been consulted. Based on the notes, what is the **main unresolved issue**?"
drafts/8b5526b1-b6a5-4c41-a252-ec86b38c90d0.json,8b5526b1-b6a5-4c41-a252-ec86b38c90d0,draft,ai,Emergency Paediatrics,"A child with suspected sepsis develops cool peripheries and central cyanosis. Within the toxicity framework in the notes, how should this be interpreted?"
drafts/8b9f4325-c960-4b42-99fc-1c988a4e0e8b.json,8b9f4325-c960-4b42-99fc-1c988a4e0e8b,draft,manual,Community-based Paediatrics,Japanese Encephalitis vaccination is specifically recommended for which of the following groups in Australia?
drafts/8bee4417-8574-4479-8bc5-c2bdecf6b000.json,8bee4417-8574-4479-8bc5-c2bdecf6b000,draft,manual,Paediatric Surgery,"In the context of hypospadias, what is 'chordee' and how often does it occur with this condition?"
drafts/8bfb0f96-a542-47a8-8eeb-856641619b23.json,8bfb0f96-a542-47a8-8eeb-856641619b23,draft,ai,General Paediatrics,"A 9-month-old infant has had weights and lengths plotted at each child health visit. The points remain close to the same percentile lines over time, and weight and length stay proportionate. Which interpretation is most consistent with healthy growth?"
drafts/8c1be15d-d899-46fd-b10f-baec7eaa92bf.json,8c1be15d-d899-46fd-b10f-baec7eaa92bf,draft,ai,Emergency Paediatrics,An alert 6-year-old child weighing 27 kg develops a blood glucose level of 3.8 mmol/L during treatment for diabetic ketoacidosis and can safely take oral carbohydrate. What oral treatment amount is recommended in the notes?
drafts/8c5f8d41-7f20-4920-bd69-51aaeb0e5c6f.json,8c5f8d41-7f20-4920-bd69-51aaeb0e5c6f,draft,manual,Paediatric Sub-specialties,Which clinical feature is most useful for distinguishing viral-induced wheeze or asthma from other causes of cough?
drafts/8c8b6209-10e8-4d1d-880e-a5f2ffdc999b.json,8c8b6209-10e8-4d1d-880e-a5f2ffdc999b,draft,manual,Paediatric Sub-specialties,What is the primary reason for administering Aspirin to a patient with Kawasaki disease?
drafts/8ca27a05-4fed-40a7-a19f-e8a4f719bd77.json,8ca27a05-4fed-40a7-a19f-e8a4f719bd77,draft,ai,Paediatric Sub-specialties,A registrar wants to keep a dysmorphology teaching session tightly grounded in the allowed corpus. Which broader chapter contains the most directly relevant sections for congenital malformations and syndrome recognition?
drafts/8cb97569-73eb-4eff-9153-23937ff78657.json,8cb97569-73eb-4eff-9153-23937ff78657,draft,manual,Paediatric Surgery,What is the specific purpose of using Laser Doppler imaging in burn evaluation?
drafts/8cdfb6da-88cd-4045-b073-f1e80ba33036.json,8cdfb6da-88cd-4045-b073-f1e80ba33036,draft,manual,Community-based Paediatrics,The term 'Global Developmental Delay' is officially reserved for children of what age group?
drafts/8d11e5f5-1cb0-420d-95a9-1992c755ded6.json,8d11e5f5-1cb0-420d-95a9-1992c755ded6,draft,manual,Paediatric Sub-specialties,"When evaluating a child presenting with an acute severe headache, which vital sign is specifically emphasized as essential for the differential diagnosis?"
drafts/8d2d57a5-e69f-4b4c-b8db-3d346f373ad3.json,8d2d57a5-e69f-4b4c-b8db-3d346f373ad3,draft,ai,Paediatric Surgery,"Which historical factor is explicitly named in the source pack as being associated with cryptorchidism, alongside family history?"
drafts/8d59feba-17ac-4044-82ca-bcfa3d07addb.json,8d59feba-17ac-4044-82ca-bcfa3d07addb,draft,manual,Community-based Paediatrics,"For a patient with a bleeding disorder receiving a vaccination, what is the recommended duration for applying firm pressure to the injection site?"
drafts/8df51d39-a47b-4312-82ea-50ebbae46dfd.json,8df51d39-a47b-4312-82ea-50ebbae46dfd,draft,ai,Adolescent Medicine,"During a routine adolescent review, a parent says, ""My 15-year-old can explain why risky dares are dangerous, but still does reckless things with friends."" Which explanation best matches the note-based model of adolescent risk-taking?"
drafts/8e35033f-8b94-4389-a322-7257b1f508ae.json,8e35033f-8b94-4389-a322-7257b1f508ae,draft,manual,Paediatric Sub-specialties,Which clinical sign is specifically associated with significant neutropenia in a newborn?
drafts/8e5fa640-e8e6-4117-a379-3785ac42cd77.json,8e5fa640-e8e6-4117-a379-3785ac42cd77,draft,manual,Paediatric Sub-specialties,Why is it important to ask about procedures like tongue-tie release or circumcision in a bleeding history?
drafts/8ecc3771-d83c-439c-9540-8e99b8836962.json,8ecc3771-d83c-439c-9540-8e99b8836962,draft,ai,Paediatric Sub-specialties,"An overweight 13-year-old is being assessed after hyperglycaemia is found. Examination shows acanthosis nigricans, and there is a strong family history of diabetes. Which type of diabetes should be considered on the basis of the notes?"
drafts/8ece7e77-62a4-48a3-87d9-879f34e693ef.json,8ece7e77-62a4-48a3-87d9-879f34e693ef,draft,ai,Paediatric Sub-specialties,An adolescent with obesity has sleep disturbances and reduced participation in sport. Which item from the complications history best captures this concern?
drafts/8f1c81cf-dd30-4c8d-8c6b-9b9aa043d8be.json,8f1c81cf-dd30-4c8d-8c6b-9b9aa043d8be,draft,manual,Paediatric Sub-specialties,"A $4$-month-old infant presents with their first 'typical' UTI (responded to antibiotics and grew $E. coli$). According to the NICE guidelines mentioned, what is the appropriate imaging follow-up?"
drafts/8f80b04b-05eb-48a0-8cc4-5a41c2c13714.json,8f80b04b-05eb-48a0-8cc4-5a41c2c13714,draft,manual,Adolescent Medicine,"According to the developmental tasks of adolescence, what is the 'obverse of the coin' regarding the achievement of independence?"
drafts/9051b0eb-f08d-474c-9107-9388154caaa5.json,9051b0eb-f08d-474c-9107-9388154caaa5,draft,manual,General Paediatrics,A $5$-month-old infant presents with profuse vomiting and lethargy $2$ hours after their first ingestion of rice cereal. What is the most likely diagnosis?
drafts/90529279-6890-48a0-9b5a-5c1f983612b1.json,90529279-6890-48a0-9b5a-5c1f983612b1,draft,manual,Community-based Paediatrics,"What is the recommended timeframe to avoid pregnancy after receiving a live vaccine, such as the MMR or Varicella vaccine?"
drafts/90f363c4-995f-4218-b494-b3cdb763d314.json,90f363c4-995f-4218-b494-b3cdb763d314,draft,ai,Paediatric Sub-specialties,Which abdominal X-ray finding is linked in the source pack to **ascites** rather than obstruction?
drafts/91087c0a-dadb-4cda-aca0-bbfac5d8de4b.json,91087c0a-dadb-4cda-aca0-bbfac5d8de4b,draft,manual,Community-based Paediatrics,"According to Dr. Jackie Pollock, what is one of the primary aims of a diagnostic assessment for a child with developmental impairments?"
drafts/9184f6e6-f88c-4364-a637-27932fd106f4.json,9184f6e6-f88c-4364-a637-27932fd106f4,draft,ai,Adolescent Medicine,"A 14-year-old has no trusted adult outside the immediate family, feels school is pointless, has dropped all outside activities, and says, ""Nothing I do changes anything."" Which interpretation is best?"
drafts/91ba67e4-af77-4fad-aaa5-cf6152f58bed.json,91ba67e4-af77-4fad-aaa5-cf6152f58bed,draft,manual,Paediatric Sub-specialties,Which clinical feature of the eyes is specifically associated with the conjunctivitis seen in Kawasaki disease?
drafts/9225dba8-e91e-43fe-a9c5-d08b1e4f621b.json,9225dba8-e91e-43fe-a9c5-d08b1e4f621b,draft,manual,General Paediatrics,Which of the following describes the normal bowel gas pattern in a term newborn?
drafts/9236df55-d813-4d01-9b72-b2122b3e75d5.json,9236df55-d813-4d01-9b72-b2122b3e75d5,draft,ai,Paediatric Sub-specialties,A 4-year-old has **unilateral nasal discharge** with excoriation at the nostril and intermittent epistaxis. Which diagnosis should be considered first from the notes?
drafts/9298bcbb-bcbf-4506-ac07-a925c22f9918.json,9298bcbb-bcbf-4506-ac07-a925c22f9918,draft,ai,Paediatric Sub-specialties,A reviewer is checking whether a proposed stem about **measles severity and referral** is acceptable for this batch. Which finding most strongly argues that the item should be rejected before publication?
drafts/92b6741a-ca15-49bf-ae1b-06f91bbc6f87.json,92b6741a-ca15-49bf-ae1b-06f91bbc6f87,draft,manual,Paediatric Surgery,Which clinical sign is considered a 'red flag' strongly suggestive of a surgical cause of vomiting in a child?
drafts/92fb7d4e-8010-4089-8493-e59b985e463d.json,92fb7d4e-8010-4089-8493-e59b985e463d,draft,manual,General Paediatrics,"In the management of symptomatic breastfed infants with relative lactose malabsorption, what is the recommended course of action regarding their diet?"
drafts/93b1b94c-8e44-4932-9d2f-d65c1330dfd0.json,93b1b94c-8e44-4932-9d2f-d65c1330dfd0,draft,ai,Paediatric Surgery,"An adolescent sustains an avulsion injury at a ligamentous attachment near a joint. Based on the source pack, this injury sits within which fracture grouping?"
drafts/93ded6de-8759-46e3-9786-b93a894a0dc1.json,93ded6de-8759-46e3-9786-b93a894a0dc1,draft,ai,Paediatric Sub-specialties,A paediatric trainee is revising the usual age pattern for Type 1 diabetes diagnosis in childhood. Which pair of age ranges matches the source pack?
drafts/94aa666c-224a-4ce0-9df9-de59c0b5a018.json,94aa666c-224a-4ce0-9df9-de59c0b5a018,draft,manual,Paediatric Sub-specialties,"According to the source material, what is the approximate prevalence of strabismus and amblyopia in children?"
drafts/960a381a-8d8f-4043-8013-71023015d3fe.json,960a381a-8d8f-4043-8013-71023015d3fe,draft,manual,Paediatric Sub-specialties,"If a child is found to have two minor malformations during a clinical examination, what is the estimated risk that they also possess a major malformation?"
drafts/9668a545-fb6c-472f-83dd-d6f2474e58e7.json,9668a545-fb6c-472f-83dd-d6f2474e58e7,draft,manual,Paediatric Sub-specialties,What is the primary clinical utility of testing for Antinuclear Antibodies (ANA) in a child with JIA?
drafts/969762f7-6866-4aac-a711-6296c6d78dee.json,969762f7-6866-4aac-a711-6296c6d78dee,draft,ai,Paediatric Sub-specialties,A trainee is sorting conditions into the category of whole chromosomal aneuploidy versus other genetic syndromes from the notes. Which condition belongs in the whole chromosomal aneuploidy group?
drafts/97162697-80be-406b-b48a-be38eba9a1f8.json,97162697-80be-406b-b48a-be38eba9a1f8,draft,manual,Paediatric Surgery,Which of the following is an important technical detail to observe when applying a plaster cast to a fractured limb?
drafts/98375e83-c19c-4ada-b407-666d00da1b2b.json,98375e83-c19c-4ada-b407-666d00da1b2b,draft,ai,Emergency Paediatrics,"A 6-week-old infant is brought in because the parent keeps repeating, ""She's just not right today,"" even though the observations in triage are not yet dramatic. According to the source pack, which statement best reflects how this history should be handled?"
drafts/98bc6588-dc1e-45c9-9778-aa62707b3531.json,98bc6588-dc1e-45c9-9778-aa62707b3531,draft,ai,Paediatric Sub-specialties,Which finding from the source pack should most clearly heighten concern for urgent eye pathology in a child being assessed for leukocoria?
drafts/98cc5c32-a91e-4d54-97cb-16fc47b03367.json,98cc5c32-a91e-4d54-97cb-16fc47b03367,draft,manual,Emergency Paediatrics,"According to the duration of symptoms cited in the source, which condition typically takes the longest to resolve?"
drafts/98cd622a-9ae6-40f4-a433-5d8b7246ac75.json,98cd622a-9ae6-40f4-a433-5d8b7246ac75,draft,ai,Community-based Paediatrics,"During a community child health visit, a parent asks which vaccine is specifically noted in the course material as being funded for Aboriginal children from 6 months of age. Which is the best answer?"
drafts/98dec39e-6079-460a-b477-d74872f555e7.json,98dec39e-6079-460a-b477-d74872f555e7,draft,manual,Paediatric Sub-specialties,"According to the source material, which ventricle is dominant in both the fetus and the neonate?"
drafts/98fb1451-5ff5-40b8-8819-725a25b39fa7.json,98fb1451-5ff5-40b8-8819-725a25b39fa7,draft,ai,Paediatric Sub-specialties,"When preparing a conservative teaching summary on paediatric renal investigations from the allowed excerpts, which approach best prevents unsupported overreach?"
drafts/99277ab6-0786-4a8e-8dcc-1b2ceb38b90b.json,99277ab6-0786-4a8e-8dcc-1b2ceb38b90b,draft,ai,Paediatric Sub-specialties,"A febrile child has a murmur that the examiner describes as **mid-systolic crescendo-decrescendo**. It becomes louder when the child is exercising on the ward play walk. Based on the source pack, what is the best explanation for this murmur pattern?"
drafts/9938f50e-7905-4716-a31f-029f7b778839.json,9938f50e-7905-4716-a31f-029f7b778839,draft,ai,Community-based Paediatrics,"A community paediatric trainee reviews a child with injuries that raise concern for maltreatment. The history is incomplete, and the trainee has not yet gathered collateral information from every service involved. Based on the source pack, what is the best next principle for mandatory reporting decision-making?"
drafts/994433ce-64a1-4e34-87d5-4bd1123090f7.json,994433ce-64a1-4e34-87d5-4bd1123090f7,draft,manual,Adolescent Medicine,"According to longitudinal studies, what is the typical change in total sleep duration for an individual between the ages of $11$ and $21$ years?"
drafts/99ce26ae-5e1c-45c4-a498-a9be1990efbc.json,99ce26ae-5e1c-45c4-a498-a9be1990efbc,draft,ai,Emergency Paediatrics,A 30 kg child can take oral medication and needs an analgesic dose from the emergency drug table. Which option matches the source pack entry for **oral oxycodone**?
drafts/99dbd046-943e-4365-9b52-a679a9a6b32b.json,99dbd046-943e-4365-9b52-a679a9a6b32b,draft,manual,Emergency Paediatrics,What is the primary goal of the 'Be Kind to Kids' program as described in the source material?
drafts/99ee7a9f-91dc-4aad-a3a8-95a299c33185.json,99ee7a9f-91dc-4aad-a3a8-95a299c33185,draft,manual,Paediatric Sub-specialties,"According to the source, why is the height centile a critical factor when interpreting a child's blood pressure reading?"
drafts/99efc276-22a2-4b7e-9d44-c51a919851a3.json,99efc276-22a2-4b7e-9d44-c51a919851a3,draft,ai,Paediatric Surgery,"A surgeon suspects a **midline dermoid cyst** in the **suprasternal notch**. Before surgery, what is the most important reason to investigate this lesion carefully?"
drafts/99f578e2-20b0-42e7-ba59-b956d370ee54.json,99f578e2-20b0-42e7-ba59-b956d370ee54,draft,manual,Paediatric Sub-specialties,"In the 6 to 11-year-old age group, 'persistent' asthma is defined by which of the following symptom patterns?"
drafts/9a290acc-e994-4b67-b731-c3a703ad0abf.json,9a290acc-e994-4b67-b731-c3a703ad0abf,draft,manual,Paediatric Sub-specialties,What is the recommended method for delivering inhaled medications (puffers) to children to ensure appropriate technique?
drafts/9aade20c-4611-455e-b5f3-0adbece89605.json,9aade20c-4611-455e-b5f3-0adbece89605,draft,manual,Paediatric Sub-specialties,What is the required observation period for a child after their breathing difficulty has resolved before they can be considered for discharge?
drafts/9b5caeef-093d-419a-9f8d-43f1773df63f.json,9b5caeef-093d-419a-9f8d-43f1773df63f,draft,ai,Adolescent Medicine,"A 15-year-old comes to an adolescent clinic with his mother. When you are about to use CRAFFT, his mother answers the questions for him and he becomes guarded. What is the most appropriate next step?"
drafts/9bb39c97-8cb5-473a-93bf-f0bb39457236.json,9bb39c97-8cb5-473a-93bf-f0bb39457236,draft,manual,Paediatric Surgery,Which maneuver is described as a 'test of provocation' where the examiner attempts to dislocate a located hip?
drafts/9be7e838-a80a-4080-af8a-f1d9f8cde911.json,9be7e838-a80a-4080-af8a-f1d9f8cde911,draft,manual,Adolescent Medicine,Which of the following is considered a 'risky' sexual behavior from a medical or public health perspective?
drafts/9c1c537b-a275-4470-b46e-f03c1a9f32ad.json,9c1c537b-a275-4470-b46e-f03c1a9f32ad,draft,ai,Adolescent Medicine,"A 15-year-old says he ""hardly ever drinks"" but sometimes accepts rides home from older friends after parties. Which additional question from a validated adolescent substance-use screen most directly addresses this immediate safety issue?"
drafts/9c3fc0c7-bcfe-4887-9139-876c7f9f2c8d.json,9c3fc0c7-bcfe-4887-9139-876c7f9f2c8d,draft,ai,Paediatric Sub-specialties,"A 7-year-old undergoing obesity assessment has height, weight and BMI recorded. Which additional anthropometric finding, if present, is associated with increased cardiometabolic risk in children older than 6 years according to the notes?"
drafts/9c795a9b-4556-48ef-b9ab-1d55cedba069.json,9c795a9b-4556-48ef-b9ab-1d55cedba069,draft,manual,Paediatric Surgery,"In the pediatric skeleton, which anatomical structure is primarily responsible for the longitudinal growth of long bones?"
drafts/9c994a96-62ac-408f-adba-589cae568803.json,9c994a96-62ac-408f-adba-589cae568803,draft,manual,Paediatric Sub-specialties,"When assessing a child for strabismus, a healthcare provider observes that the child's eye turns outward. What is the clinical term for this specific deviation?"
drafts/9d35f926-2af2-4aa3-bd9e-ab5d5f4813d6.json,9d35f926-2af2-4aa3-bd9e-ab5d5f4813d6,draft,manual,Paediatric Sub-specialties,"In the sensitization phase, which cells are responsible for communicating with $\text{B}$-cells after the allergen is presented by macrophages?"
drafts/9d5f9b1f-2337-4405-bb5d-c6a36aa3e01e.json,9d5f9b1f-2337-4405-bb5d-c6a36aa3e01e,draft,ai,Paediatric Sub-specialties,"A parent of a 7-year-old asks whether it matters that a new tooth has erupted on one side only, with no matching tooth appearing on the other side yet. Which response is **most accurate**?"
drafts/9d8255dc-00c7-47c1-b700-8f07deece887.json,9d8255dc-00c7-47c1-b700-8f07deece887,draft,manual,General Paediatrics,"In the context of newborn screening, what are TRECs (T-cell receptor excision circles) used to measure?"
drafts/9de1f08e-a7db-49b0-b0a6-1cec94192f5f.json,9de1f08e-a7db-49b0-b0a6-1cec94192f5f,draft,manual,Paediatric Sub-specialties,Which finding on a serial head circumference chart would raise significant suspicion for raised intracranial pressure in a child?
drafts/9e3280c2-f1ae-41bd-aff8-3d1e386b4188.json,9e3280c2-f1ae-41bd-aff8-3d1e386b4188,draft,manual,Paediatric Sub-specialties,"If a urine culture from a child reveals the presence of $Pseudomonas$, what is the clinical significance according to the source material?"
drafts/9e50fcc6-446c-489a-ba60-94a9b986b878.json,9e50fcc6-446c-489a-ba60-94a9b986b878,draft,ai,General Paediatrics,"When interpreting poor growth in a child without a genetic condition, which measurement is described as always being spared?"
drafts/9eb1642c-371c-42c7-93f3-1f6c7fcf83cc.json,9eb1642c-371c-42c7-93f3-1f6c7fcf83cc,draft,ai,Paediatric Sub-specialties,A term newborn has a head circumference measured at 12 hours of life. The infant also has scalp swelling after birth. How should this measurement be interpreted according to the source pack?
drafts/9efe1dbf-9aaa-4a67-bb5a-d519afd90886.json,9efe1dbf-9aaa-4a67-bb5a-d519afd90886,draft,manual,Paediatric Surgery,What is the primary anatomical difference between malrotation and midgut volvulus?
drafts/9f575e7f-ee3b-4284-b7a4-de4ab5eb9bb4.json,9f575e7f-ee3b-4284-b7a4-de4ab5eb9bb4,draft,manual,Paediatric Surgery,What common clinical finding might indicate a mandibular fracture during an intraoral examination?
drafts/9f8780be-294a-4cb5-a6fd-7a3cc00b4a00.json,9f8780be-294a-4cb5-a6fd-7a3cc00b4a00,draft,manual,Paediatric Sub-specialties,"When measuring head circumference, where should the tape be positioned to ensure accuracy?"
drafts/9fb6715a-28b9-48e6-9a2d-27e8a290991d.json,9fb6715a-28b9-48e6-9a2d-27e8a290991d,draft,manual,Paediatric Sub-specialties,A $2$-year-old child presents with a sudden onset of isolated anemia following a viral infection. The bone marrow has temporarily stopped producing red blood cells but is expected to recover. What is the most likely diagnosis?
drafts/9fe516d8-a479-4cc4-a2f4-456ead8c3d43.json,9fe516d8-a479-4cc4-a2f4-456ead8c3d43,draft,manual,Paediatric Surgery,Perthes disease is medically defined as which of the following conditions affecting the femoral head?
drafts/a0356184-81ad-4b5d-9680-e17637ed7f38.json,a0356184-81ad-4b5d-9680-e17637ed7f38,draft,ai,Paediatric Sub-specialties,A GP is assessing a child with new strabismus and is tempted to treat it as an isolated alignment problem. Which reason from the source pack most strongly argues against that approach when leukocoria is also present?
drafts/a084971d-33fb-4c9d-a1c5-3710f65c9bfe.json,a084971d-33fb-4c9d-a1c5-3710f65c9bfe,draft,manual,Paediatric Sub-specialties,"What nocturnal symptom, often missed in history-taking, is specifically highlighted as important for identifying pediatric OSA?"
drafts/a0d54905-e063-41c2-92bf-543266a9613f.json,a0d54905-e063-41c2-92bf-543266a9613f,draft,ai,Paediatric Sub-specialties,A clinician wants to avoid misclassifying isolated pubic hair as proof of central gonadal activation. Which explanation from the source pack best supports this?
drafts/a1390272-bb5b-448d-94c9-32b08519bcff.json,a1390272-bb5b-448d-94c9-32b08519bcff,draft,ai,Paediatric Sub-specialties,A child with diabetes has suspected ketosis during a viral illness and is still being managed according to the home plan while arranging further review. Which insulin approach is recommended in the notes for suspected or confirmed ketosis?
drafts/a16c602e-25a7-41b1-81ec-dd0366da7213.json,a16c602e-25a7-41b1-81ec-dd0366da7213,draft,manual,Community-based Paediatrics,The burden of disease for Aboriginal and Torres Strait Islander people is estimated to be $2.5$ times higher than non-Indigenous Australians. By what percentage has healthcare expenditure increased to meet this burden?
drafts/a1842eec-c315-423a-b172-19397f2fd882.json,a1842eec-c315-423a-b172-19397f2fd882,draft,manual,Adolescent Medicine,Which of the following statements best describes brain plasticity?
drafts/a1e6e653-441a-4e1d-afed-8c0f9830a96a.json,a1e6e653-441a-4e1d-afed-8c0f9830a96a,draft,ai,Paediatric Sub-specialties,"In a young infant with acute lower-airway disease, which note-derived feature most directly increases airway resistance?"
drafts/a1e9aa20-71ed-473f-88f1-28f9bfd9b106.json,a1e9aa20-71ed-473f-88f1-28f9bfd9b106,draft,ai,Paediatric Sub-specialties,Which population is specifically noted to have a much greater incidence of post-streptococcal glomerulonephritis?
drafts/a264cdd4-d520-4980-b2ac-fbbeb7198542.json,a264cdd4-d520-4980-b2ac-fbbeb7198542,draft,ai,Emergency Paediatrics,"Six hours after treatment has started for diabetic ketoacidosis, a child develops headache, irritability, increasing lethargy, and worsening vomiting. What complication should be suspected first?"
drafts/a287ec3e-e14d-4c0a-b0e2-65514a8f07d0.json,a287ec3e-e14d-4c0a-b0e2-65514a8f07d0,draft,ai,Emergency Paediatrics,"A registrar is explaining to a parent that the temporary left-sided weakness after their child's seizure is a recognised post-seizure phenomenon. Based on the notes, how long can this deficit last?"
drafts/a3894f60-c37f-4458-8aa0-dd5e8c8d18e4.json,a3894f60-c37f-4458-8aa0-dd5e8c8d18e4,draft,ai,Emergency Paediatrics,The emergency team is considering whether a seizure may have an underlying cause needing targeted treatment rather than being managed as a straightforward febrile seizure. Which option is explicitly listed in the notes as a possible underlying cause requiring specific management?
drafts/a3932b7c-c6f9-4fc9-bff5-47f3e6b59b88.json,a3932b7c-c6f9-4fc9-bff5-47f3e6b59b88,draft,ai,Emergency Paediatrics,A non-battery foreign body has been confirmed to have passed through the oesophagus. Which counselling statement best matches the notes?
drafts/a3bf2521-aaaf-4841-8641-e149d5c755b2.json,a3bf2521-aaaf-4841-8641-e149d5c755b2,draft,ai,Paediatric Sub-specialties,"A 9-year-old girl develops pubic hair, mild acne, and body odour. Which pubertal event is the best match?"
drafts/a3ddcfd5-29b8-4e3d-a513-1ed2e3f94bc4.json,a3ddcfd5-29b8-4e3d-a513-1ed2e3f94bc4,draft,ai,Paediatric Sub-specialties,Which feature best distinguishes otitis media with effusion from an inflammatory middle ear process in the provided notes?
drafts/a425ca8b-7f50-44df-b7e2-7baf07cb5bae.json,a425ca8b-7f50-44df-b7e2-7baf07cb5bae,draft,manual,Paediatric Sub-specialties,What is the primary distinction between 'primary' and 'secondary' microcephaly?
drafts/a4286265-6238-4110-b9d0-ee0c0e334379.json,a4286265-6238-4110-b9d0-ee0c0e334379,draft,manual,Paediatric Sub-specialties,"A hemangioma located in the ""beard area"" (mandibular region) requires close monitoring for which specific internal complication?"
drafts/a4e85014-631e-4ec4-b789-2c7f9391e255.json,a4e85014-631e-4ec4-b789-2c7f9391e255,draft,ai,Paediatric Surgery,"A preterm neonate aged 2 weeks develops abdominal distension, tenderness, vomiting, blood in the stool, and erythema of the abdominal wall. Which diagnosis best fits the source pack?"
drafts/a4f1c416-a7e0-4c2a-b3b8-0df0104d6f12.json,a4f1c416-a7e0-4c2a-b3b8-0df0104d6f12,draft,ai,Paediatric Surgery,"A 3-year-old is reviewed after a fall onto the mouth, and the oral surgery team documents an **alveolar degloving injury**. Which description best matches this term?"
drafts/a592dbdf-5c5f-4b10-adfb-dc85d5d4195f.json,a592dbdf-5c5f-4b10-adfb-dc85d5d4195f,draft,manual,Adolescent Medicine,"According to the World Health Organization, which of the following best characterizes the definition of sexual health?"
drafts/a5aac797-ae2b-4be4-806a-51002608805d.json,a5aac797-ae2b-4be4-806a-51002608805d,draft,ai,Paediatric Sub-specialties,Two children have otherwise similar acute viral upper-airway illnesses. Which child should prompt the lowest threshold for escalation because age-related physiology can reduce oxygen offload to tissues?
drafts/a6054534-a689-4002-9a43-cd7029d21766.json,a6054534-a689-4002-9a43-cd7029d21766,draft,manual,General Paediatrics,Which of the following medications is specifically identified as a risk factor for vitamin D deficiency?
drafts/a615a0c3-565f-4c44-9599-d2ed4a385bd1.json,a615a0c3-565f-4c44-9599-d2ed4a385bd1,draft,ai,Paediatric Sub-specialties,A 6-week-old infant has a harsh pansystolic murmur. A chest radiograph shows cardiomegaly and increased pulmonary vascular markings. Which diagnosis is most consistent with the source pack?
drafts/a636a3fd-1172-4853-937f-068fee1bc465.json,a636a3fd-1172-4853-937f-068fee1bc465,draft,ai,Paediatric Sub-specialties,"During a nasal examination, a clinician uses a light source, examines the outside of the nose, then lifts the nasal tip and uses an otoscope with a speculum. Which structure is specifically listed as visible with this technique?"
drafts/a6cca7b4-6c80-4a85-8945-7e7575917146.json,a6cca7b4-6c80-4a85-8945-7e7575917146,draft,manual,Paediatric Sub-specialties,Which statement regarding Benign Chronic Neutropenia of childhood is true?
drafts/a75c3a33-e7d2-4bca-ad53-106939dcfa5d.json,a75c3a33-e7d2-4bca-ad53-106939dcfa5d,draft,ai,Emergency Paediatrics,A 4-year-old with an oesophageal button battery is awaiting theatre 3 hours after ingestion. Which honey regimen matches the notes?
drafts/a800db67-2c76-414e-9015-630b9a2ff134.json,a800db67-2c76-414e-9015-630b9a2ff134,draft,manual,Emergency Paediatrics,"According to the source, why might a child with neurological conditions be predisposed to a chronic cough?"
drafts/a819fb42-cb42-4032-be05-e2b2445cbe3f.json,a819fb42-cb42-4032-be05-e2b2445cbe3f,draft,manual,Paediatric Surgery,"If an abdominal X-ray shows a 'double bubble' sign and a complete absence of gas in the distal bowel, what is the most likely diagnosis?"
drafts/a81f538d-d49e-4e1f-a2a2-8664adaeb23f.json,a81f538d-d49e-4e1f-a2a2-8664adaeb23f,draft,manual,Paediatric Surgery,"In a neonate with suspected esophageal atresia, at what vertebral level does a nasogastric (NG) tube typically fail to progress?"
drafts/a8537242-07c8-4131-86b8-4280d2f7d8fc.json,a8537242-07c8-4131-86b8-4280d2f7d8fc,draft,ai,General Paediatrics,A 6-year-old girl is being reviewed for possible unhealthy excess weight. Her father asks why the clinician is plotting BMI on an age-based chart instead of using the number alone. What is the best explanation from the notes?
drafts/a8d4be2d-f5c7-4af0-9408-c8d8ecc19f0f.json,a8d4be2d-f5c7-4af0-9408-c8d8ecc19f0f,draft,manual,Adolescent Medicine,Which set of conditions represents the leading causes of adult morbidity and mortality that originate as health risk behaviors in adolescence?
drafts/a8ed16e4-8ace-42b2-9797-466dbb3282ae.json,a8ed16e4-8ace-42b2-9797-466dbb3282ae,draft,manual,Paediatric Sub-specialties,How can a clinician best differentiate benign sleep myoclonus from jitteriness in a neonate?
drafts/a9161df1-7062-4752-abfd-5b9c8d9b918a.json,a9161df1-7062-4752-abfd-5b9c8d9b918a,draft,ai,Paediatric Sub-specialties,"A 4-year-old with nephrotic syndrome develops very marked oedema. Beyond a no added salt diet, which extra supportive step may be needed according to the notes?"
drafts/a9176bc2-9080-442d-bfa9-653382d1099d.json,a9176bc2-9080-442d-bfa9-653382d1099d,draft,ai,Paediatric Sub-specialties,A child has a sore throat felt to be due to viral pharyngitis. Which of the following is **explicitly listed** in the notes as one viral cause?
drafts/a9839be8-bd7e-4212-bfaa-6ab025996c63.json,a9839be8-bd7e-4212-bfaa-6ab025996c63,draft,manual,Paediatric Sub-specialties,"In the context of scalp psoriasis, what is 'pityriasis amiantacea'?"
drafts/a9b6e588-b081-487d-b178-5a74fc12c55b.json,a9b6e588-b081-487d-b178-5a74fc12c55b,draft,ai,Paediatric Sub-specialties,A 10-year-old is having a musculoskeletal screen in clinic. Which question is explicitly included in the pGALS screening questions from the source pack?
drafts/a9d59bcc-e1cd-4bba-b1ff-bafcfd9e2c06.json,a9d59bcc-e1cd-4bba-b1ff-bafcfd9e2c06,draft,manual,Adolescent Medicine,What is a primary benefit of adolescent risk-taking according to the lecture?
drafts/aa97cb69-0906-4b51-abd2-5c296fe16d55.json,aa97cb69-0906-4b51-abd2-5c296fe16d55,draft,manual,Community-based Paediatrics,"Which medication is currently approved in Australia for the management of obesity, acting as a gastrointestinal lipase inhibitor?"
drafts/aabb134b-9ef6-431f-acc1-fde142429520.json,aabb134b-9ef6-431f-acc1-fde142429520,draft,ai,Emergency Paediatrics,"You are checking a draft sepsis checklist for an infant aged 21 days corrected. Which investigation is listed in the notes as **optional depending on context**, rather than routine for every infant in this age bracket?"
drafts/aabf39a8-08e5-4c87-9970-87eb2288c115.json,aabf39a8-08e5-4c87-9970-87eb2288c115,draft,manual,Paediatric Sub-specialties,"Which of the following definitions correctly describes ""agenesis""?"
drafts/aadd7e37-dab2-4493-9f80-03e62db26e98.json,aadd7e37-dab2-4493-9f80-03e62db26e98,draft,ai,Paediatric Sub-specialties,"During follow-up for food protein-induced enterocolitis syndrome, a parent asks which trigger group tends to improve earliest. According to the source pack, which answer is best?"
drafts/ab12af91-f21d-4aff-9b5c-f94b525f036f.json,ab12af91-f21d-4aff-9b5c-f94b525f036f,draft,manual,Paediatric Sub-specialties,Which of the following is a characteristic feature of an 'innocent' heart murmur in a child?
drafts/ab96486d-e769-40b8-82d5-5a05970b2ca1.json,ab96486d-e769-40b8-82d5-5a05970b2ca1,draft,ai,Emergency Paediatrics,Which set of early actions best matches the notes-first DKA approach after initial ABC assessment?
drafts/aba42bf0-3fff-4184-8d64-3c4b36f5bd0f.json,aba42bf0-3fff-4184-8d64-3c4b36f5bd0f,draft,ai,Paediatric Sub-specialties,A neonate has a supine AXR because bowel perforation is being considered. No free air is seen under the diaphragm. What is the most appropriate interpretation?
drafts/abf8fa9a-8ac4-4df2-9cb0-024d9c637b02.json,abf8fa9a-8ac4-4df2-9cb0-024d9c637b02,draft,ai,Adolescent Medicine,"A 15-year-old says, ""I only vape, and at least I'm not smoking cigarettes."" Which response is **most appropriate**?"
drafts/ac17e4d5-4727-42fa-806d-ccbd7945cf44.json,ac17e4d5-4727-42fa-806d-ccbd7945cf44,draft,ai,Community-based Paediatrics,A refrigerator failure at a vaccine provider is traced to a manufacturing problem affecting a vaccine batch. A child later has an untoward medical occurrence after receiving a dose from that batch. Which AEFI category best fits this scenario?
drafts/ac7ebe15-6911-4531-9442-b110747704b1.json,ac7ebe15-6911-4531-9442-b110747704b1,draft,manual,Paediatric Surgery,"During the progression of Perthes disease, why does the femoral head appear to collapse or 'disappear' on X-ray?"
drafts/aca9bd88-26b7-4573-b84d-f9232d3de9fa.json,aca9bd88-26b7-4573-b84d-f9232d3de9fa,draft,manual,Adolescent Medicine,What is 'SMART' therapy as described in the context of adolescent asthma management?
drafts/acaa6169-c602-4d43-82de-8d569bbaf7b0.json,acaa6169-c602-4d43-82de-8d569bbaf7b0,draft,manual,Paediatric Sub-specialties,Which age range shows the peak prevalence of obstructive sleep apnea in children due to the growth of tonsils and adenoids?
drafts/ad4200b8-12c7-48ea-93bd-43fef8090753.json,ad4200b8-12c7-48ea-93bd-43fef8090753,draft,manual,Paediatric Surgery,Which physical sign is specifically associated with a child attempting to relax their abdominal muscles to reduce pain from peritonitis?
drafts/ad8915c8-ac3b-4674-84a8-b723c2c25ad1.json,ad8915c8-ac3b-4674-84a8-b723c2c25ad1,draft,manual,Paediatric Surgery,A child presents with translucent-looking teeth that chip easily and blue sclerae in the eyes. What is the likely dental diagnosis?
drafts/ada1d250-fbe7-418d-9614-606620a4f323.json,ada1d250-fbe7-418d-9614-606620a4f323,draft,manual,Adolescent Medicine,What biological process is primarily responsible for the $\approx 40\%$ reduction in slow-wave sleep observed during adolescence?
drafts/ae08094f-3ba6-45e0-8266-afca898c4bc8.json,ae08094f-3ba6-45e0-8266-afca898c4bc8,draft,manual,Paediatric Sub-specialties,Why is it generally recommended to tick the box for using a spacer on a pediatric asthma action plan?
drafts/ae18b22c-38ac-402f-91b2-338f13540896.json,ae18b22c-38ac-402f-91b2-338f13540896,draft,ai,General Paediatrics,A GP wants to clarify daytime bladder patterns in a child with nocturnal enuresis. Which detail is specifically recommended to ask about?
drafts/ae3dc667-6066-4e36-987b-6e6783e6f2ab.json,ae3dc667-6066-4e36-987b-6e6783e6f2ab,draft,ai,Paediatric Sub-specialties,"An infant has already been diagnosed with airway malacia. The baby appears well, is growing appropriately, and has no worsening symptoms. Which overall approach best fits the source notes?"
drafts/ae6256ba-ee02-45e3-9f99-c35ccb282670.json,ae6256ba-ee02-45e3-9f99-c35ccb282670,draft,ai,Paediatric Sub-specialties,"In the management of chemical conjunctivitis, why is cycloplegia described as useful?"
drafts/ae7d30c2-9a9d-45b2-baf6-2eb7bf06fa27.json,ae7d30c2-9a9d-45b2-baf6-2eb7bf06fa27,draft,ai,Community-based Paediatrics,"A child with ADHD is being reviewed because stimulant treatment has not been suitable. The team discusses non-stimulant options. According to the notes, which medication is an SNRI?"
drafts/aefcdf60-904a-43a0-aaf5-2d908b264a19.json,aefcdf60-904a-43a0-aaf5-2d908b264a19,draft,manual,Emergency Paediatrics,What is the recommended mindset for a clinician when managing a pediatric dental emergency?
drafts/af118b20-6aae-49f1-b91e-28d7572c5f18.json,af118b20-6aae-49f1-b91e-28d7572c5f18,draft,manual,Paediatric Surgery,Which staining method is used during the diagnosis of Hirschsprung's disease to identify the presence or absence of normal bowel innervation?
drafts/af892b6f-868d-4594-8a9b-d0e0851a699d.json,af892b6f-868d-4594-8a9b-d0e0851a699d,draft,manual,Paediatric Sub-specialties,"In the context of non-epileptic (functional) seizures, what does the 'teddy bear sign' represent?"
drafts/af8fa9d0-6cb4-4e7a-9c2e-e2d17e7ec962.json,af8fa9d0-6cb4-4e7a-9c2e-e2d17e7ec962,draft,manual,Paediatric Sub-specialties,Skin prick testing is generally considered unhelpful for which of the following conditions?
drafts/afe5db9e-002c-4c07-97c0-5d189a6b530a.json,afe5db9e-002c-4c07-97c0-5d189a6b530a,draft,manual,Paediatric Surgery,Which of the following is NOT listed as a potential differential diagnosis for damage to a child's palate in the source material?
drafts/b0191867-94a8-4a0f-8cef-b31c26b16be4.json,b0191867-94a8-4a0f-8cef-b31c26b16be4,draft,ai,Paediatric Surgery,"When reviewing selective imaging choices for acute abdominal pain, which condition is noted as one that ultrasound **may identify**?"
drafts/b062d587-b7d5-45cc-9392-7275a8e550fa.json,b062d587-b7d5-45cc-9392-7275a8e550fa,draft,manual,Paediatric Sub-specialties,A 4-year-old child experiences an episode of screaming and intense fear during the first third of the night. He is unresponsive to the parents and has no memory of it the next morning. What is the most likely diagnosis?
drafts/b064fb90-6a86-41f0-98f9-ac29a6161b7c.json,b064fb90-6a86-41f0-98f9-ac29a6161b7c,draft,ai,Adolescent Medicine,Two siblings attend elective treatment counselling in a Sydney service. One is **17 years** old and the other has just turned **18 years** old. Both communicate well. Why does the clinician start from a different legal presumption in the older sibling?
drafts/b09ea749-e2fa-4a40-85a1-1ae87d023e47.json,b09ea749-e2fa-4a40-85a1-1ae87d023e47,draft,ai,Emergency Paediatrics,A registrar asks why young children can worsen quickly during airway emergencies such as anaphylaxis or foreign body aspiration. Which feature from the source pack most directly increases airway resistance compared with adults?
drafts/b0b9a79e-793d-4032-9201-262e9cfe0906.json,b0b9a79e-793d-4032-9201-262e9cfe0906,draft,ai,Paediatric Sub-specialties,A 20-month-old is being reviewed for recurrent wheeze. Which developmental change after infancy best explains why wheeze beyond 12 months begins to resemble asthma or viral-induced wheeze more than earlier infant pathology?
drafts/b0bc36c3-ebfc-488e-901d-1639928a376c.json,b0bc36c3-ebfc-488e-901d-1639928a376c,draft,ai,Paediatric Sub-specialties,"In acute otitis externa, which feature is specifically described as a late sign in the source pack?"
drafts/b17b91d6-78af-42e1-9799-8e10337c4b1f.json,b17b91d6-78af-42e1-9799-8e10337c4b1f,draft,manual,Paediatric Sub-specialties,Which of the following describes a 'hybrid procedure' in the treatment of congenital heart disease?
drafts/b1845b0c-8273-4e98-99d2-9d624c83a032.json,b1845b0c-8273-4e98-99d2-9d624c83a032,draft,manual,Paediatric Sub-specialties,"According to the source material, how is sleep defined as a behavioral state?"
drafts/b20ebd91-339c-4da8-a753-fb8b3afe814f.json,b20ebd91-339c-4da8-a753-fb8b3afe814f,draft,manual,Paediatric Surgery,Which treatment regimen is suggested for a boy with mild to moderate pathological phimosis to avoid circumcision?
drafts/b2555f7a-fd04-420a-a1d5-30b237525ad5.json,b2555f7a-fd04-420a-a1d5-30b237525ad5,draft,manual,Paediatric Sub-specialties,Which of the following is a recommended sleep hygiene practice mentioned in the talk?
drafts/b26c278f-8f0b-4304-8ba2-387d9e1d9527.json,b26c278f-8f0b-4304-8ba2-387d9e1d9527,draft,ai,Paediatric Sub-specialties,A neonatal unit registrar reviews a supine abdominal X-ray for possible bowel perforation. Which finding most specifically supports **free intraperitoneal gas** on this view?
drafts/b2c092b1-7a68-4fb6-a9af-5e0e5e15087f.json,b2c092b1-7a68-4fb6-a9af-5e0e5e15087f,draft,ai,Adolescent Medicine,"A 15-year-old is increasingly working out personal values, autonomy, and responsibility rather than simply copying family views. Which developmental task domain is most directly illustrated?"
drafts/b43b0e12-c563-447d-ae59-12f08acfa8bb.json,b43b0e12-c563-447d-ae59-12f08acfa8bb,draft,manual,Paediatric Surgery,"In a child under the age of 3 months, what is the most common (though non-surgical) cause of screaming and withdrawing the legs?"
drafts/b456464c-88d3-4d8f-8e40-97c8329cbac5.json,b456464c-88d3-4d8f-8e40-97c8329cbac5,draft,manual,Paediatric Sub-specialties,"A 10-day-old infant presents with bilateral red eyes and discharge that began on day 9. Based on the timing of onset, which diagnosis is most likely?"
drafts/b463044f-2664-41e1-a3a5-cf75e331087e.json,b463044f-2664-41e1-a3a5-cf75e331087e,draft,manual,Paediatric Sub-specialties,"If a CT scan is normal in a child suspected of having a subarachnoid hemorrhage, what is the next diagnostic step and specific finding to look for?"
drafts/b4704cf4-eec0-4578-bc79-2beabd29fcf8.json,b4704cf4-eec0-4578-bc79-2beabd29fcf8,draft,ai,Emergency Paediatrics,A child with a known or suspected malignancy develops **acute urinary and bowel problems with new lower-limb symptoms**. Which next step is most urgent?
drafts/b4a06e56-ccbf-4d98-a76b-d2ee91ced502.json,b4a06e56-ccbf-4d98-a76b-d2ee91ced502,draft,ai,Paediatric Sub-specialties,"A toddler with a broad flat nose and prominent epicanthal folds appears cross-eyed to the family, but no obvious abnormality is found on initial observation. Which explanation from the notes is most relevant?"
drafts/b4fa1d09-abb1-4389-b6fd-19919c208024.json,b4fa1d09-abb1-4389-b6fd-19919c208024,draft,manual,Emergency Paediatrics,An infant is classified as 'high-risk' for BRUE if they meet which of the following criteria?
drafts/b4fc7c5c-641b-45b0-a411-131753bcef22.json,b4fc7c5c-641b-45b0-a411-131753bcef22,draft,manual,Community-based Paediatrics,Which of these is considered an 'absolute indicator' for a referral regarding language development?
drafts/b56299eb-4ac4-4163-8625-f134ee276f14.json,b56299eb-4ac4-4163-8625-f134ee276f14,draft,manual,Community-based Paediatrics,"In the Asia-Pacific region, what was the approximate percentage increase in the prevalence of overweight and obesity among school-aged children between 2010 and 2016?"
drafts/b5adf4b9-40cc-456d-941b-7d3a45452858.json,b5adf4b9-40cc-456d-941b-7d3a45452858,draft,ai,Community-based Paediatrics,A general practitioner asks which observation would fit best under **impairment in communication** when considering autism spectrum disorder red flags in a preschool child. Which option is the best match?
drafts/b5e34f60-0d51-4a97-b310-3a99a43c3d36.json,b5e34f60-0d51-4a97-b310-3a99a43c3d36,draft,manual,Paediatric Surgery,Why is a diagnosis of Perthes disease in a child over $8$ years of age associated with a poor prognosis?
drafts/b66689a5-a417-43be-ad7e-9a9a38e47bea.json,b66689a5-a417-43be-ad7e-9a9a38e47bea,draft,ai,Paediatric Sub-specialties,A paediatric trainee is comparing chemotherapy schedules across common childhood cancers. Which diagnosis is the notable exception that usually requires about 2 years of treatment rather than a 6-12 month multi-agent protocol?
drafts/b6e39a89-e8a2-428b-a7aa-3b5f8940b06a.json,b6e39a89-e8a2-428b-a7aa-3b5f8940b06a,draft,ai,Paediatric Surgery,"A child with acute abdominal pain is lying very still with the hips flexed. In the notes, this posture is given as an example most suggestive of:"
drafts/b7598a74-319d-4d5f-aaba-63853439e70d.json,b7598a74-319d-4d5f-aaba-63853439e70d,draft,ai,Paediatric Sub-specialties,An 8-month-old with fever and cough has a chest X-ray showing a rounded airspace opacity. Which note-based explanation best accounts for this appearance in young children?
drafts/b814bbab-0e55-4cae-b392-7a7fcb140601.json,b814bbab-0e55-4cae-b392-7a7fcb140601,draft,manual,General Paediatrics,Why is Computed Tomography (CT) of the abdomen generally reserved for specific indications in pediatric imaging compared to adult practice?
drafts/b822ad53-fe23-4b41-aaf9-51ec6b4c1398.json,b822ad53-fe23-4b41-aaf9-51ec6b4c1398,draft,manual,Paediatric Sub-specialties,"Which condition is described as a common immune-mediated process in children where platelets are destroyed, leading to a low count?"
drafts/b85faa52-dd68-4a57-aaad-e8a49589f3ac.json,b85faa52-dd68-4a57-aaad-e8a49589f3ac,draft,ai,Adolescent Medicine,"During a follow-up consultation, a 16-year-old is trying to balance school, sport, casual work, and future study plans. Which consultation approach best uses the cognitive developmental changes described in the notes?"
drafts/b899d140-c2ca-46d4-aca3-8c539a0a6085.json,b899d140-c2ca-46d4-aca3-8c539a0a6085,draft,ai,Paediatric Sub-specialties,Which scenario is an explicit indication for an AXR in the source pack?
drafts/b8ecffc7-16b6-481d-9005-ddf82c513b19.json,b8ecffc7-16b6-481d-9005-ddf82c513b19,draft,ai,Paediatric Surgery,Which examination finding would make a **midline dermoid cyst** **less likely**?
drafts/b948814b-f1c4-475f-8ba3-aa6ac4a350a0.json,b948814b-f1c4-475f-8ba3-aa6ac4a350a0,draft,ai,Paediatric Sub-specialties,Which presentation should make you think specifically about delayed bleeding as a defining clue?
drafts/b9ae4b35-8a3e-423e-ae0f-20b0c8b1aaae.json,b9ae4b35-8a3e-423e-ae0f-20b0c8b1aaae,draft,manual,Paediatric Sub-specialties,Which clinical feature distinguishes the rash of meningococcal disease from many other common childhood viral exanthems?
drafts/b9faf609-d3f3-4542-91c4-29d54068badb.json,b9faf609-d3f3-4542-91c4-29d54068badb,draft,ai,Paediatric Sub-specialties,"During a teaching round, a junior doctor says that all paediatric conditions causing prominent upper-airway symptoms are classified as upper respiratory tract infections. Which diagnosis from the source pack shows that this statement is incorrect because it is grouped as a lower respiratory tract infection?"
drafts/ba313638-83e8-4eb2-8d6a-34b8876840d1.json,ba313638-83e8-4eb2-8d6a-34b8876840d1,draft,ai,Paediatric Sub-specialties,A 7-year-old with obesity has poor sleep and habitual snoring. Which finding from the provided notes is a **red flag feature** that should make the clinician cautious about assuming simple lifestyle-related obesity alone?
drafts/ba61437e-0a53-4126-be17-c275fd2ef371.json,ba61437e-0a53-4126-be17-c275fd2ef371,draft,manual,Emergency Paediatrics,Which of the following describes a 'Koala Hold' position of comfort?
drafts/ba6c9392-7966-49a8-925b-79c50f0fcebd.json,ba6c9392-7966-49a8-925b-79c50f0fcebd,draft,ai,Paediatric Sub-specialties,A GP can see an ear canal foreign body but is unsure whether removal in the office will be straightforward. What do the notes recommend?
drafts/ba914e59-a3a1-4d26-b997-3f2dc1484760.json,ba914e59-a3a1-4d26-b997-3f2dc1484760,draft,ai,General Paediatrics,A registrar is discussing assessment of a child with possible autism spectrum disorder. Which statement best reflects the notes?
drafts/ba97cdb2-984e-4a60-be3d-7f4e47a721c1.json,ba97cdb2-984e-4a60-be3d-7f4e47a721c1,draft,ai,Paediatric Sub-specialties,A parent asks how fluids should usually be offered when ketosis is suspected or confirmed at home while following the sick-day plan. Which option best reflects the notes?
drafts/baa0922f-b861-4b4d-8479-7c1217f32822.json,baa0922f-b861-4b4d-8479-7c1217f32822,draft,manual,Paediatric Sub-specialties,Which finding on a blood film is most indicative of a severe bacterial infection (toxic changes)?
drafts/baab27e9-e08e-4e8e-922c-5547eb78128b.json,baab27e9-e08e-4e8e-922c-5547eb78128b,draft,ai,Paediatric Sub-specialties,"A parent says, ""I had a lot of dental caries as a child, and now two of my children do as well. Does that mean it is just inherited?"" Which reply is **best supported** by the notes?"
drafts/bab13b43-7a70-4aab-848d-92d1219b11e9.json,bab13b43-7a70-4aab-848d-92d1219b11e9,draft,ai,Paediatric Sub-specialties,A 4-year-old with motor difficulties can walk in a straight line but seems awkward when changing direction quickly. Which manoeuvre from the paediatric motor examination most directly adds a turning challenge?
drafts/bb1072ba-c9f1-43e5-b11c-7e09928c4c5c.json,bb1072ba-c9f1-43e5-b11c-7e09928c4c5c,draft,manual,Paediatric Sub-specialties,"For a child presenting to the hospital with severe asthma, what is the appropriate dose of iotropium (Atrovent) for those aged 6 years and older?"
drafts/bb6775e5-ecd3-46d0-beeb-84ff2ea3e7e6.json,bb6775e5-ecd3-46d0-beeb-84ff2ea3e7e6,draft,manual,Paediatric Sub-specialties,What is the primary goal of treating childhood arthritis to prevent long-term disability?
drafts/bb95fc28-2e4d-4712-8e62-1d6b93c3dc53.json,bb95fc28-2e4d-4712-8e62-1d6b93c3dc53,draft,ai,Adolescent Medicine,A 17-year-old denies cannabis or other drug use but describes repeated heavy drinking on weekends. You want to add an alcohol-specific screen for dependence rather than a broad mixed-substance screen. Which tool **best matches** that aim?
drafts/bb9685bc-b762-4567-b484-e711ca686abe.json,bb9685bc-b762-4567-b484-e711ca686abe,draft,manual,Community-based Paediatrics,What is the most common side effect of stimulant medications mentioned in the presentation?
drafts/bbb743ac-96f1-49c3-8628-201351e1168d.json,bbb743ac-96f1-49c3-8628-201351e1168d,draft,manual,Adolescent Medicine,Which of the following is a hallmark symptom of cataplexy often seen in adolescent narcolepsy?
drafts/bbb873d9-00ed-46ae-b2f6-0310dcd21937.json,bbb873d9-00ed-46ae-b2f6-0310dcd21937,draft,ai,Adolescent Medicine,A 14-year-old is seen alone during a general paediatric review. She says she has never been sexually active but feels increasingly distressed about being attracted to girls and asks whether sexual health even applies to her. Which response is **most appropriate**?
drafts/bbbd8bb0-56bc-404e-9e4c-8278dfa965fa.json,bbbd8bb0-56bc-404e-9e4c-8278dfa965fa,draft,manual,Emergency Paediatrics,"In a 3-week-old infant presenting with jaundice, which clinical sign is most indicative of a failure of bile to enter the intestine?"
drafts/bbe03e4a-513b-4f6d-9543-c3ac40324a4d.json,bbe03e4a-513b-4f6d-9543-c3ac40324a4d,draft,ai,Emergency Paediatrics,A 4-year-old with fever has a seizure affecting one arm and one side of the face. Which single feature from the source pack makes this concerning?
drafts/bc05294b-d9c7-4f4a-b071-743dd174ab92.json,bc05294b-d9c7-4f4a-b071-743dd174ab92,draft,manual,Paediatric Sub-specialties,A child presents with watery diarrhea and a calculated stool osmotic gap of $120 \text{ mOsm/kg}$. Which clinical feature is most likely associated with this finding?
drafts/bcb7ebbf-69f1-48ca-97f6-80ca91a09bd0.json,bcb7ebbf-69f1-48ca-97f6-80ca91a09bd0,draft,ai,Paediatric Sub-specialties,"A genetics registrar says a child's disorder is a ""complex"" rather than a ""sequence"". In the notes, what does the term ""complex"" mean?"
drafts/bcf034b9-18f1-4625-bec9-5fe13c07853e.json,bcf034b9-18f1-4625-bec9-5fe13c07853e,draft,manual,Paediatric Surgery,"According to the lecture, what is the 'gold standard' for irrigation of a standard, non-grossly contaminated burn wound?"
drafts/bd40bd94-8c91-463e-8bc5-17f714bac1e5.json,bd40bd94-8c91-463e-8bc5-17f714bac1e5,draft,ai,Adolescent Medicine,Which scenario is **least consistent** with the note-based definition of risky sexual behaviour?
drafts/bd48aac2-bbf4-40d7-9054-8983977fd0fd.json,bd48aac2-bbf4-40d7-9054-8983977fd0fd,draft,ai,Paediatric Sub-specialties,A clinician educator wants to signpost trainees toward likely associated-anomaly thinking without overreaching beyond the allowed source pack. Which section title provides the most defensible primary anchor?
drafts/bddb5678-047c-4e49-8040-e543017190a1.json,bddb5678-047c-4e49-8040-e543017190a1,draft,ai,Community-based Paediatrics,A family asks what extra laboratory step may help define the **type of immune cells** involved in a child with suspected immunodeficiency. Which investigation is directly listed in the notes?
drafts/be31ad8f-72f6-444b-ba15-55d701a04d06.json,be31ad8f-72f6-444b-ba15-55d701a04d06,draft,ai,Emergency Paediatrics,"An 8-week-old infant has fever and is being considered for sepsis workup. In the 4-12 week age group, what explicitly guides the threshold for that workup in the notes?"
drafts/be3b134f-e0c9-43d2-9564-4fc04f568311.json,be3b134f-e0c9-43d2-9564-4fc04f568311,draft,ai,Paediatric Sub-specialties,Why should follow-up and safety-netting in paediatric asthma remain cautious even when a child initially seems only mildly unwell?
drafts/be843cc5-8673-43a4-b126-56179eece8bd.json,be843cc5-8673-43a4-b126-56179eece8bd,draft,manual,Paediatric Sub-specialties,Which vaccination is specifically recommended for children with nephrotic syndrome due to their risk of infection by encapsulated organisms?
drafts/bec2204d-ef51-46f4-80f7-c2467fa7a7f5.json,bec2204d-ef51-46f4-80f7-c2467fa7a7f5,draft,ai,Adolescent Medicine,"A 13-year-old arrives in the Emergency Department with a life-threatening condition and no parent can be contacted. According to the notes, what is the **best next step**?"
drafts/bee6c6e3-04d4-472a-9ffc-be21d7ff4701.json,bee6c6e3-04d4-472a-9ffc-be21d7ff4701,draft,manual,General Paediatrics,"What is described as the highest cause of morbidity among Australian children, often overlooked by clinicians?"
drafts/bf341250-b6d2-4adc-a0e5-b84f469a4297.json,bf341250-b6d2-4adc-a0e5-b84f469a4297,draft,manual,Paediatric Sub-specialties,What is the primary anatomical definition of conjunctivitis as described in the lecture?
drafts/bf4edb92-ad11-4492-9c1b-8246db8a4735.json,bf4edb92-ad11-4492-9c1b-8246db8a4735,draft,manual,Paediatric Sub-specialties,Which of the following is listed as a significant risk factor for a child developing strabismus?
drafts/bf58a55b-95f8-458f-97c3-342058b5606c.json,bf58a55b-95f8-458f-97c3-342058b5606c,draft,manual,Paediatric Sub-specialties,"In the management of acute nephritis, which treatment is considered the most effective for managing hypertension caused by fluid retention?"
drafts/bf63c696-66cb-4971-9fbe-b65b6667c8e9.json,bf63c696-66cb-4971-9fbe-b65b6667c8e9,draft,manual,Paediatric Sub-specialties,A $4$-year-old child presents with a sudden limp and morning stiffness in the hip but otherwise looks well. The symptoms resolve within $10$ days. What is the most likely diagnosis?
drafts/bfa0651b-cdbd-4777-9ef3-7d76daa7152a.json,bfa0651b-cdbd-4777-9ef3-7d76daa7152a,draft,manual,Paediatric Sub-specialties,Within what timeframe do $\text{IgE}$-mediated food allergic reactions typically occur?
drafts/bfa7d1c5-ba92-4e69-8d45-85eebd3b58a8.json,bfa7d1c5-ba92-4e69-8d45-85eebd3b58a8,draft,manual,Community-based Paediatrics,What is a distinguishing characteristic of the onset of Otitis Media in Aboriginal children compared to non-Aboriginal children?
drafts/c00d8f24-5005-43c2-988a-11b4c6b7a69d.json,c00d8f24-5005-43c2-988a-11b4c6b7a69d,draft,ai,Community-based Paediatrics,A GP registrar is preparing counselling for an Aboriginal child in a remote community who is at risk of iron deficiency. Which note-based point best explains why dietary advice alone may be hard for some families to follow?
drafts/c0393273-a060-4e6e-8d2e-65206209153f.json,c0393273-a060-4e6e-8d2e-65206209153f,draft,ai,Paediatric Sub-specialties,A resident asks why relatively small changes in upper-airway calibre can matter more in infants than in adults. Which note-based explanation is best?
drafts/c05dee08-a5d0-4c35-8bce-f0354d62985e.json,c05dee08-a5d0-4c35-8bce-f0354d62985e,draft,manual,Paediatric Sub-specialties,How is the fever pattern in systemic juvenile idiopathic arthritis (sJIA) uniquely characterized?
drafts/c06896e9-06b8-46e8-a5bf-b4ca7cb8f716.json,c06896e9-06b8-46e8-a5bf-b4ca7cb8f716,draft,ai,Paediatric Sub-specialties,A child with nephritis has complement testing performed. Which complement pattern is most concerning for lupus rather than IgA vasculitis nephritis or uncomplicated post-streptococcal glomerulonephritis?
drafts/c117ef4a-3edd-4498-b00a-5935813e2343.json,c117ef4a-3edd-4498-b00a-5935813e2343,draft,ai,General Paediatrics,A child initially thought to have gastroenteritis is found to have diabetic ketoacidosis (DKA). A resident suggests using the usual gastroenteritis-style deficit shortcut without modification. What is the best response based on the source pack?
drafts/c15f2aa7-ca38-4dc8-bb54-425ce8083acd.json,c15f2aa7-ca38-4dc8-bb54-425ce8083acd,draft,manual,Paediatric Surgery,"In Hirschsprung's disease, what is the fundamental pathological defect in the affected segment of the intestine?"
drafts/c1a86a75-2301-42cf-99c2-ae16844842fc.json,c1a86a75-2301-42cf-99c2-ae16844842fc,draft,manual,Paediatric Surgery,"In the pediatric population, what is the primary cause of burns for children under the age of four?"
drafts/c1b3cee0-5f27-40e1-8cc0-442115ae216c.json,c1b3cee0-5f27-40e1-8cc0-442115ae216c,draft,manual,Paediatric Sub-specialties,How does pediatric dermatomyositis differ significantly from the condition when it presents in adults?
drafts/c22b22c8-ced0-4106-8cf6-93d7dc6172b4.json,c22b22c8-ced0-4106-8cf6-93d7dc6172b4,draft,manual,Paediatric Sub-specialties,When does the most rapid proliferative growth phase of an infantile hemangioma usually occur?
drafts/c28c6cfc-55d1-422a-902e-6fd01b9cc099.json,c28c6cfc-55d1-422a-902e-6fd01b9cc099,draft,ai,Paediatric Surgery,Which counselling point is most accurate for parents after a child is diagnosed with a buckle fracture?
drafts/c2b14e88-065a-431e-913d-2b0f3bbbd31b.json,c2b14e88-065a-431e-913d-2b0f3bbbd31b,draft,ai,Paediatric Sub-specialties,"An adolescent is being assessed for delayed puberty. He is short for age and sex, has maintained a normal growth rate, has not yet had his pubertal growth spurt, and his bone age is delayed. Which diagnosis best fits this pattern?"
drafts/c2bc5a7e-42db-4700-ac9c-16687521c77b.json,c2bc5a7e-42db-4700-ac9c-16687521c77b,draft,ai,General Paediatrics,An 8-month-old infant is being followed for jaundice beyond the newborn period. Which set of measurements is included in the growth assessment described in the source pack?
drafts/c2c9db2a-3b17-4342-a219-a060ec521111.json,c2c9db2a-3b17-4342-a219-a060ec521111,draft,manual,Adolescent Medicine,"What physiological factor, besides enlarged tonsils and adenoids, contributes to the development of OSA in children?"
drafts/c2e72526-3a9e-42c3-b02c-c2ebfcf37798.json,c2e72526-3a9e-42c3-b02c-c2ebfcf37798,draft,manual,Paediatric Surgery,Why is the presentation of ambiguous external genitalia in a neonate considered a medical emergency?
drafts/c3020ab0-d84f-4b5c-9aa4-b43e4c57dd3d.json,c3020ab0-d84f-4b5c-9aa4-b43e4c57dd3d,draft,ai,Community-based Paediatrics,"During a developmental review, which behaviour best fits the **restricted behaviour / interests / activities** domain of ASD described in the notes?"
drafts/c34402a5-c75c-42ee-833c-ddca9b95f2a1.json,c34402a5-c75c-42ee-833c-ddca9b95f2a1,draft,ai,General Paediatrics,A 10 kg toddler with gastroenteritis has no documented premorbid weight. The team estimates 5% dehydration. What is the calculated deficit from the alternative formula?
drafts/c3630b73-aca3-48cc-9dda-302792b81142.json,c3630b73-aca3-48cc-9dda-302792b81142,draft,ai,Paediatric Sub-specialties,"A 7-month-old infant is brought to clinic because the parents have noticed a **bluish swelling over the gum where a tooth seems about to come through**. Feeding has become more difficult over the past 2 days, but the infant is otherwise well. Which explanation and next step is **most appropriate**?"
drafts/c3bcdb12-ec54-4d93-87b8-78f27f945bcf.json,c3bcdb12-ec54-4d93-87b8-78f27f945bcf,draft,manual,Emergency Paediatrics,Why is 'Planning' specifically emphasized for a procedure like a lumbar puncture on a two-year-old?
drafts/c3c25aa5-58ef-4864-9031-824ff80b8b63.json,c3c25aa5-58ef-4864-9031-824ff80b8b63,draft,manual,Paediatric Sub-specialties,Which of the following statements is true regarding the size of a skin prick test wheel?
drafts/c3d882ab-d8be-41e9-9d00-b39e3279adb4.json,c3d882ab-d8be-41e9-9d00-b39e3279adb4,draft,manual,Adolescent Medicine,Which of the following additional 'S' topics should be included in a comprehensive HEADS assessment according to the source material?
drafts/c3f54af1-26c1-4d8b-a147-6054700e3731.json,c3f54af1-26c1-4d8b-a147-6054700e3731,draft,ai,Paediatric Sub-specialties,"An adolescent boy has recurrent, **unilateral, severe** nosebleeds. Which condition do the notes say to beware of?"
drafts/c42dc440-7f2e-4572-ac89-e78dc70a94b7.json,c42dc440-7f2e-4572-ac89-e78dc70a94b7,draft,manual,Paediatric Sub-specialties,A $9\text{-month-old}$ child has a large head but is developmentally normal and non-dysmorphic. The mother also has a large head circumference ($58\text{ cm}$). What is the most likely diagnosis?
drafts/c4354093-51df-4910-8d05-24b8249bfe34.json,c4354093-51df-4910-8d05-24b8249bfe34,draft,manual,Paediatric Sub-specialties,Why is an MRI with contrast sometimes performed during the workup for suspected Guillain-Barré Syndrome?
drafts/c4766111-521b-4ef0-8c0f-0a48cae8b8a4.json,c4766111-521b-4ef0-8c0f-0a48cae8b8a4,draft,ai,Paediatric Surgery,"A 6-year-old boy is examined because his parent says one testis ""keeps disappearing."" On examination, the testis is initially high but can be milked down into the scrotum and remains there for a substantial period. Which description best fits this finding?"
drafts/c4b09bd9-8b75-4e1a-b4c7-c6f41346dd31.json,c4b09bd9-8b75-4e1a-b4c7-c6f41346dd31,draft,manual,Paediatric Surgery,What is the recommended practice regarding rinsing after brushing teeth for two minutes?
drafts/c4b4523b-4592-4a23-a5e6-4cf9c99c4a3c.json,c4b4523b-4592-4a23-a5e6-4cf9c99c4a3c,draft,ai,Adolescent Medicine,"An 18-year-old transferred from paediatric to adult diabetes care 6 months ago. He has not engaged with the adult team, has no regular primary care follow-up, and now presents to the emergency department with diabetic ketoacidosis. Which outcome of poor transition does this most closely illustrate?"
drafts/c4b8a2e7-8839-4b3b-b1e6-84aa40429360.json,c4b8a2e7-8839-4b3b-b1e6-84aa40429360,draft,manual,Paediatric Surgery,What is the 'gold standard' diagnostic study for identifying malrotation in an infant presenting with bilious vomiting?
drafts/c5047ca7-ec5d-456f-b938-f0f9097e27c7.json,c5047ca7-ec5d-456f-b938-f0f9097e27c7,draft,manual,Emergency Paediatrics,An infant with a history of maternal Vitamin D deficiency presents with twitching and seizures. Which metabolic cause should be suspected?
drafts/c5051ef7-0875-475a-955d-8dbdc9f823a7.json,c5051ef7-0875-475a-955d-8dbdc9f823a7,draft,ai,Paediatric Sub-specialties,A learner wants to know whether detailed recurrent-febrile-UTI imaging pathways can be taught from this source pack alone. What is the best answer?
drafts/c505d90e-9ebc-4bf9-b3f2-a7146052c765.json,c505d90e-9ebc-4bf9-b3f2-a7146052c765,draft,manual,Paediatric Surgery,What common surgical complication involves a post-operative leak following the repair of hypospadias?
drafts/c51aa882-eea3-4fb9-a0cb-70fea5ac00cd.json,c51aa882-eea3-4fb9-a0cb-70fea5ac00cd,draft,manual,Paediatric Sub-specialties,"To satisfy the classification criteria for juvenile idiopathic arthritis, symptoms must persist for at least how long?"
drafts/c563cf4d-74da-4e30-b2af-35831d07cf79.json,c563cf4d-74da-4e30-b2af-35831d07cf79,draft,ai,Paediatric Sub-specialties,Which epidemiological pattern from the notes should inform seasonal vigilance for acute respiratory tract infections in paediatrics?
drafts/c5dc24d3-b17e-43b0-b7ba-b4222b1621e9.json,c5dc24d3-b17e-43b0-b7ba-b4222b1621e9,draft,ai,Community-based Paediatrics,Which statement about child protection pathways is best supported by the source pack?
drafts/c65da458-d917-4b9a-8527-4d50a2264bfc.json,c65da458-d917-4b9a-8527-4d50a2264bfc,draft,ai,General Paediatrics,"During strict-internal drafting, a teammate suggests filling missing BRUE counselling content from memory because the topic is common in paediatrics. What is the best response?"
drafts/c66dddcf-af5b-4b11-8c69-297bdb704850.json,c66dddcf-af5b-4b11-8c69-297bdb704850,draft,ai,Paediatric Sub-specialties,"A 10-month-old with wheeze and crackles becomes drowsy, pale, and tachycardic during assessment. These changes are best interpreted as which part of the breathing assessment framework?"
drafts/c6c1b8ff-fee6-470a-9779-5f1a3b7c97b3.json,c6c1b8ff-fee6-470a-9779-5f1a3b7c97b3,draft,ai,Paediatric Sub-specialties,A practice plans extra anticipatory review messaging when asthma exacerbations tend to peak with rhinovirus circulation. Which period best matches the notes?
drafts/c703ec5c-c669-4be2-bcbb-eed84043d882.json,c703ec5c-c669-4be2-bcbb-eed84043d882,draft,manual,Paediatric Surgery,What is the statistically observed ratio of females to males affected by Developmental Dysplasia of the Hip (DDH)?
drafts/c729ce16-2985-4fa1-ba4b-997297fcdef2.json,c729ce16-2985-4fa1-ba4b-997297fcdef2,draft,manual,General Paediatrics,"In a child under $2$ months of age, what condition should be suspected if there is forceful, projectile vomiting?"
drafts/c77b0186-1e98-4efb-a747-435b4c5ddea6.json,c77b0186-1e98-4efb-a747-435b4c5ddea6,draft,manual,Paediatric Surgery,"During a physical examination, a patient with SCFE will demonstrate which specific hip joint limitation?"
drafts/c7aa1df9-dff8-4cfe-a359-22abbc9a6af5.json,c7aa1df9-dff8-4cfe-a359-22abbc9a6af5,draft,manual,Adolescent Medicine,What are the recommended logistical conditions for conducting a practice HEADS interview with an adolescent?
drafts/c7c16cf9-7306-43d7-8d9d-3c9f527737e9.json,c7c16cf9-7306-43d7-8d9d-3c9f527737e9,draft,ai,Paediatric Sub-specialties,A supine AXR is requested for suspected perforation. Which statement is correct according to the notes?
drafts/c7d73df5-06a0-468e-acd4-faf745a81dc4.json,c7d73df5-06a0-468e-acd4-faf745a81dc4,draft,ai,Paediatric Sub-specialties,A writer wants to keep the batch moving and proposes using the **question zip style** to reconstruct likely exanthem facts. Which response is most appropriate?
drafts/c80896a4-9bc7-43a2-bd2a-b56e790e26c2.json,c80896a4-9bc7-43a2-bd2a-b56e790e26c2,draft,ai,Adolescent Medicine,"A 16-year-old with delayed sleep phase disorder has already tried sleep hygiene, early morning light, gradual wake-time advancement, and melatonin, but continues to miss substantial amounts of school. Which management option is specifically supported in the notes for difficult cases?"
drafts/c835fbbb-745d-4b57-af38-790432cf4009.json,c835fbbb-745d-4b57-af38-790432cf4009,draft,ai,Paediatric Sub-specialties,A teenager is referred for delayed puberty and also reports anosmia. Which named condition from the source notes is most closely associated with this presentation?
drafts/c879b84e-1183-416b-890e-db483355d40b.json,c879b84e-1183-416b-890e-db483355d40b,draft,ai,Community-based Paediatrics,"An Aboriginal 3-year-old has had several episodes of otitis media, and his preschool educator is worried about delayed speech. Which follow-up priority is best supported by the source pack?"
drafts/c87d69cf-5ce0-4ed2-87a7-c7095a5b8ba8.json,c87d69cf-5ce0-4ed2-87a7-c7095a5b8ba8,draft,ai,Paediatric Sub-specialties,A baby has respiratory distress and imaging suggests a diaphragmatic hernia. Which associated description is supported by the source pack?
drafts/c8c5fd16-8a2b-4c9b-923e-def11f153ab3.json,c8c5fd16-8a2b-4c9b-923e-def11f153ab3,draft,ai,Emergency Paediatrics,"A 9-year-old child has a clearly localised soft tissue infection, is alert, well perfused, and not tachycardic. Which investigation strategy best aligns with the source pack?"
drafts/c8ca6248-b2c4-485b-ab9a-d1d91f77966f.json,c8ca6248-b2c4-485b-ab9a-d1d91f77966f,draft,ai,Community-based Paediatrics,"During vaccine preparation, a junior clinician asks which practice should be avoided. Which action is specifically listed as something not to do?"
drafts/c8e08b6d-8d6f-44b0-97b3-21b215a1e9dd.json,c8e08b6d-8d6f-44b0-97b3-21b215a1e9dd,draft,ai,Community-based Paediatrics,A parent asks why a clinician is concerned about **terminal complement deficiency (C5-C9)** after repeated Neisseria infections. Which explanation is most accurate?
drafts/c9136b3d-474d-4f72-bb81-e19bbb7148e6.json,c9136b3d-474d-4f72-bb81-e19bbb7148e6,draft,ai,Emergency Paediatrics,"A child weighing **18 kg** is being treated for anaphylaxis. Using the source pack dose for **adrenaline 1:1000 IM**, what volume should be given?"
drafts/c93e2bdd-f273-44e2-a8ad-0a0dd5ecee4b.json,c93e2bdd-f273-44e2-a8ad-0a0dd5ecee4b,draft,manual,Adolescent Medicine,How is the 'Authoritative' parenting style defined in the provided material?
drafts/ca35e8c0-6379-446a-b52c-1c5bf799c6bb.json,ca35e8c0-6379-446a-b52c-1c5bf799c6bb,draft,ai,General Paediatrics,A family asks whether their child's developmental workup should automatically include many further tests on the first visit. Which response is best supported by the source pack?
drafts/ca4b28c6-2226-40a4-b86d-2a69d814a0f3.json,ca4b28c6-2226-40a4-b86d-2a69d814a0f3,draft,ai,Paediatric Sub-specialties,"A parent reports that a child with otitis media with effusion seems to hear less well. According to the notes, what type of hearing problem is most expected?"
drafts/caa13bd5-e445-4f66-a74f-c445fa32533e.json,caa13bd5-e445-4f66-a74f-c445fa32533e,draft,ai,Community-based Paediatrics,"During an immunisation clinic in 2025, which child qualifies for NIP-funded influenza vaccination **because of age alone**, without needing another risk factor?"
drafts/cac251ae-ccbc-4593-842a-d4d9e07855aa.json,cac251ae-ccbc-4593-842a-d4d9e07855aa,draft,manual,Paediatric Surgery,What is the significance of a skull fracture in a pediatric patient regarding intracranial hemorrhage risk?
drafts/cc24269d-77e6-4eb2-82ec-4d3473f9c21b.json,cc24269d-77e6-4eb2-82ec-4d3473f9c21b,draft,manual,Paediatric Sub-specialties,"If a child presents with strabismus, such as exotropia or esotropia, why should a thorough ocular examination be performed?"
drafts/cc28a0d1-f692-4bf4-b7e9-904356802836.json,cc28a0d1-f692-4bf4-b7e9-904356802836,draft,ai,Paediatric Sub-specialties,"During dysmorphology teaching, a student is asked which **facial pattern** in the notes points toward **foetal alcohol syndrome**. Which option is best?"
drafts/cc6e9365-c678-4c42-ad67-f9681cc5b148.json,cc6e9365-c678-4c42-ad67-f9681cc5b148,draft,manual,Paediatric Sub-specialties,Primary microcephaly is often associated with which of the following etiologies?
drafts/ce972ad2-c610-4a2b-be4b-56458da55ac2.json,ce972ad2-c610-4a2b-be4b-56458da55ac2,draft,manual,Community-based Paediatrics,Which of the following statements is true regarding the Autism Diagnostic Observation Schedule (ADOS-2)?
drafts/ceb5c47f-1427-431e-9417-5da468ff4930.json,ceb5c47f-1427-431e-9417-5da468ff4930,draft,manual,Paediatric Surgery,Where is the abdominal wall defect typically located in a neonate diagnosed with gastroschisis?
drafts/cef8c9ef-6ec5-46f9-a807-6f59b49e5675.json,cef8c9ef-6ec5-46f9-a807-6f59b49e5675,draft,ai,Emergency Paediatrics,"Before using the note-based interim honey regimen for a swallowed foreign body, which combination must be present?"
drafts/cf4df763-cd4e-497f-9711-18a79e5caf1a.json,cf4df763-cd4e-497f-9711-18a79e5caf1a,draft,ai,Paediatric Sub-specialties,A child with 22q11.2 deletion syndrome is being reviewed before ENT surgery. Which note-based finding most directly supports avoiding adenoidectomy in this syndrome?
drafts/cf9c97a8-2bf3-4950-8610-4d13aed9f43f.json,cf9c97a8-2bf3-4950-8610-4d13aed9f43f,draft,ai,General Paediatrics,An infant with growth concerns arches her back repeatedly during feeds and has abnormal neck posturing. Which reflux-associated red flag best describes this presentation?
drafts/cfb5ba8f-b8b7-4dbb-afd3-1d8d9eeed421.json,cfb5ba8f-b8b7-4dbb-afd3-1d8d9eeed421,draft,ai,General Paediatrics,Which option is listed in the notes as an example of nutritional insufficiency contributing to short stature?
drafts/cfd0f4ae-57db-4d0b-bb82-c0e77ced6b18.json,cfd0f4ae-57db-4d0b-bb82-c0e77ced6b18,draft,ai,Paediatric Sub-specialties,"When discussing prevention of avoidable treatment harm in paediatric asthma, which concern supports avoiding **steroid overuse**?"
drafts/cfd965e7-44a1-47db-bb73-4e32c98a7fe9.json,cfd965e7-44a1-47db-bb73-4e32c98a7fe9,draft,manual,Paediatric Sub-specialties,What is the initial management for a child with SVT who is hemodynamically stable?
drafts/cff3de43-e816-4dbb-b35a-a3eb3c8b75d8.json,cff3de43-e816-4dbb-b35a-a3eb3c8b75d8,draft,manual,General Paediatrics,Infantile gastroesophageal reflux is typically managed with conservative measures. At what point is a surgical opinion usually sought?
drafts/d00e8257-638d-4e94-88b7-a2818cfdb1f5.json,d00e8257-638d-4e94-88b7-a2818cfdb1f5,draft,ai,Paediatric Sub-specialties,A blood film comment mentions **atypical (reactive) lymphocytes**. Which feature most supports a reactive lymphocyte rather than a leukaemic blast?
drafts/d08c1c26-0562-4e94-a430-67c99e90e4d1.json,d08c1c26-0562-4e94-a430-67c99e90e4d1,draft,ai,Paediatric Sub-specialties,A healthy term infant is 12 hours old. Which foetal shunt would normally be expected to be functionally closing around this time in response to increased oxygen tension and prostaglandin-related changes?
drafts/d0a21059-e8f5-4710-9224-4280128744f8.json,d0a21059-e8f5-4710-9224-4280128744f8,draft,ai,Paediatric Surgery,"A local health district is planning a community burn-prevention campaign for young families. Based on the notes, which setting should be prioritised because it accounts for most burns?"
drafts/d0d94619-3bef-498a-8c2b-94635d158800.json,d0d94619-3bef-498a-8c2b-94635d158800,draft,manual,Paediatric Sub-specialties,What does the Gower sign specifically help a clinician identify during a motor examination?
drafts/d0eff024-79e7-46ad-8725-f03bac3b9cb2.json,d0eff024-79e7-46ad-8725-f03bac3b9cb2,draft,ai,Paediatric Sub-specialties,"A 4-year-old child is being reviewed for anaemia. Using the red blood cell problem framework from the notes, iron deficiency anaemia is best classified as which type of problem?"
drafts/d10085eb-90d7-4eff-86d2-5bf1b2c196c5.json,d10085eb-90d7-4eff-86d2-5bf1b2c196c5,draft,ai,Paediatric Sub-specialties,"A 7-month-old is being assessed in an Australian ED for an acute upper-airway respiratory illness. When laid flat on the trolley, the infant's neck flexes and the assessment becomes less comfortable. Which anatomical feature best explains why airway positioning is an immediate priority?"
drafts/d18d3704-b7c0-4a65-bc72-87283dcb35a7.json,d18d3704-b7c0-4a65-bc72-87283dcb35a7,draft,manual,Emergency Paediatrics,Which anatomical feature of a young child necessitates placing a small lift under the shoulders to maintain a neutral airway position?
drafts/d1a7e0d3-a7e4-49fc-ba21-d43b34b44641.json,d1a7e0d3-a7e4-49fc-ba21-d43b34b44641,draft,ai,Paediatric Surgery,A child still has marked out-toeing beyond the usual time of spontaneous resolution. Which concern is specifically mentioned in the notes as a reason intervention might be needed?
drafts/d1b4861f-2133-4df4-af9a-3f8ff1e8b235.json,d1b4861f-2133-4df4-af9a-3f8ff1e8b235,draft,ai,Paediatric Sub-specialties,A child has a smooth plastic bead in the ear canal and office irrigation is being considered. Which point must be checked before irrigating?
drafts/d1c5bef4-126c-4abf-8d64-a4cf6846ca5b.json,d1c5bef4-126c-4abf-8d64-a4cf6846ca5b,draft,ai,Paediatric Sub-specialties,"A 7-year-old takes a very long time to finish meals, keeps sipping water with food, and gags on solids. Which diagnosis should this pattern particularly raise?"
drafts/d1d0b9f1-a532-4cea-b4b8-8fb423499716.json,d1d0b9f1-a532-4cea-b4b8-8fb423499716,draft,manual,Community-based Paediatrics,What is the recommended daily limit for recreational screen time for children and adolescents according to the lifestyle guidelines discussed?
drafts/d2a00473-30ed-4fd9-a298-a42e17d3a252.json,d2a00473-30ed-4fd9-a298-a42e17d3a252,draft,manual,Community-based Paediatrics,What does the 'Sisyphus' analogy by Pekka Pushka represent in the context of obesity prevention?
drafts/d2a97784-c746-4f56-be37-56f95b4ae46f.json,d2a97784-c746-4f56-be37-56f95b4ae46f,draft,ai,Paediatric Sub-specialties,Parents ask whether a nasopharyngeal aspirate (NPA) is needed to guide treatment for a toddler with suspected bronchiolitis/viral wheeze. Which response best matches the source pack?
drafts/d2fb7929-849f-474a-8933-f191df3525fb.json,d2fb7929-849f-474a-8933-f191df3525fb,draft,ai,Paediatric Sub-specialties,A 7-week-old infant is reviewed for a vascular skin lesion. Which diagnosis is described in the notes as the most common benign soft tissue tumour of childhood?
drafts/d3443db8-89c2-4499-96bc-b81bb6a0846f.json,d3443db8-89c2-4499-96bc-b81bb6a0846f,draft,ai,Paediatric Sub-specialties,"At follow-up review after a wheezy illness, which child is the best candidate for **pre- and post-bronchodilator spirometry**?"
drafts/d3800bce-bfa6-4fea-9522-884c04740e3d.json,d3800bce-bfa6-4fea-9522-884c04740e3d,draft,ai,Community-based Paediatrics,A family asks about a stimulant option expected to last around **10-12 hours**. Which medicine from the notes best matches that duration?
drafts/d3811d83-e859-4102-899b-a0f6606ac112.json,d3811d83-e859-4102-899b-a0f6606ac112,draft,ai,Paediatric Sub-specialties,An 8-year-old says there is something moving in the ear after camping. Otoscopy shows a live insect. What should be done first?
drafts/d42f3548-cf07-4fef-9aee-ba116586b715.json,d42f3548-cf07-4fef-9aee-ba116586b715,draft,ai,Community-based Paediatrics,"An Aboriginal family living in a very remote community has missed several follow-up appointments for their child's health check. The GP wants to discuss this in a non-blaming, culturally safe way by exploring system barriers. Which set of barriers is specifically highlighted in the notes as affecting access to health care?"
drafts/d45b15ed-8674-4e2d-b8cd-96175606db9b.json,d45b15ed-8674-4e2d-b8cd-96175606db9b,draft,manual,Adolescent Medicine,"In a study on driving simulators, how did sleep restriction affect adolescent performance compared to extended sleep?"
drafts/d483bd9a-5305-4f51-a7d1-dad91cfb6ca4.json,d483bd9a-5305-4f51-a7d1-dad91cfb6ca4,draft,manual,Paediatric Sub-specialties,What percentage of children with cerebral palsy are estimated to have an intellectual disability?
drafts/d49a2aa3-1b93-49e5-bd01-1e08e8ed2b1b.json,d49a2aa3-1b93-49e5-bd01-1e08e8ed2b1b,draft,manual,Paediatric Sub-specialties,What is the recommended timeframe for reviewing a child's asthma control after initiating or changing a preventer medication?
drafts/d4bbd5b6-2e6f-49c0-bc12-ec29fff9bff2.json,d4bbd5b6-2e6f-49c0-bc12-ec29fff9bff2,draft,ai,Paediatric Sub-specialties,A school-aged child has ongoing wheeze. Which pattern in the source pack most favours **asthma** over viral wheeze?
drafts/d512d895-3513-4cd2-a80b-39ed2980aa4f.json,d512d895-3513-4cd2-a80b-39ed2980aa4f,draft,manual,Paediatric Surgery,Which condition requires urgent admission for surgical drainage of the hip joint?
drafts/d51a4747-adcb-473f-8b89-e55261faee51.json,d51a4747-adcb-473f-8b89-e55261faee51,draft,ai,Paediatric Sub-specialties,An infant is being examined for a possible acyanotic congenital heart lesion after poor feeding and a persistent murmur were noted. Which additional examination step is explicitly included in the source-pack work-up and should not be skipped?
drafts/d605bcfb-55c1-4935-a691-4aa43c8e980b.json,d605bcfb-55c1-4935-a691-4aa43c8e980b,draft,manual,Community-based Paediatrics,"According to the summary of adult outcomes, what percentage of children with ADHD will continue to experience symptoms into adolescence?"
drafts/d6134c1f-95bb-42a4-bdfc-9974bc9c8fe5.json,d6134c1f-95bb-42a4-bdfc-9974bc9c8fe5,draft,ai,Paediatric Surgery,"A 6-year-old is assessed for parotid-region swelling. When inspecting the mouth, which additional structures should be checked as part of the examination described in the notes?"
drafts/d648fe23-d9d8-4a50-92b5-b52ece986e15.json,d648fe23-d9d8-4a50-92b5-b52ece986e15,draft,manual,Adolescent Medicine,"For resistant cases of night terrors, what is the recommended procedure for 'scheduled awakenings'?"
drafts/d6506796-cb9c-4e12-a305-cd9a87248d8b.json,d6506796-cb9c-4e12-a305-cd9a87248d8b,draft,manual,Paediatric Sub-specialties,"A 6-year-old child with a history of eczema and asthma presents with itchy, red eyes and a 'ropey' white discharge. What clinical sign would suggest a diagnosis of vernal conjunctivitis?"
drafts/d6573da2-e533-40d6-9c9a-fc20cc0b9431.json,d6573da2-e533-40d6-9c9a-fc20cc0b9431,draft,manual,Paediatric Sub-specialties,Which of these food allergies is most likely to persist into adulthood rather than being outgrown?
drafts/d65a3481-98bd-43ed-a656-5bc5441d7ef5.json,d65a3481-98bd-43ed-a656-5bc5441d7ef5,draft,manual,Paediatric Sub-specialties,What is the primary mode of inheritance for cystic fibrosis (CF)?
drafts/d69c84b4-fe2a-4c7f-a3b2-8bbf819f2440.json,d69c84b4-fe2a-4c7f-a3b2-8bbf819f2440,draft,ai,Paediatric Surgery,A 16-year-old presents after a risky bicycle stunt. He says he 'knew it would probably be fine'. Which developmental feature from the notes most directly aligns with this presentation?
drafts/d7150f2b-ecac-4fd6-8a0b-6c27b71f0686.json,d7150f2b-ecac-4fd6-8a0b-6c27b71f0686,draft,ai,General Paediatrics,"A draft writer wants to create a question asking for the definition of BRUE. Based on the provided excerpts, which justification best supports declining that item?"
drafts/d718a353-c498-4d45-9b1f-700b8a50cea1.json,d718a353-c498-4d45-9b1f-700b8a50cea1,draft,manual,Community-based Paediatrics,"To diagnose an intellectual disability, a cognitive assessment must be supplemented by which type of evaluation?"
drafts/d720f6ae-d17b-4348-9c09-22cde94acb3c.json,d720f6ae-d17b-4348-9c09-22cde94acb3c,draft,ai,Paediatric Sub-specialties,A child with neutropaenia is reviewed again and now also has low haemoglobin and low platelets. Which interpretation best fits the approach recommended in the notes?
drafts/d786bbee-85c9-4ebe-b690-e78a0d41f0b4.json,d786bbee-85c9-4ebe-b690-e78a0d41f0b4,draft,manual,Emergency Paediatrics,What is the recommended dose of Naloxone for reversing respiratory depression caused by opioids in a pediatric patient?
drafts/d7ab0757-e11b-43b9-8afb-8bace587c985.json,d7ab0757-e11b-43b9-8afb-8bace587c985,draft,ai,Community-based Paediatrics,Which counselling statement is most consistent with the source pack when discussing ASD recognition with a family in a community setting?
drafts/d7c7155a-965a-4349-872a-539617a82ccb.json,d7c7155a-965a-4349-872a-539617a82ccb,draft,manual,Paediatric Sub-specialties,What is the expected timeline for the natural involution (disappearance) of an infantile hemangioma?
drafts/d8209779-b6a5-4208-8712-6b51ac4e0341.json,d8209779-b6a5-4208-8712-6b51ac4e0341,draft,ai,Paediatric Sub-specialties,A family asks when preventive migraine medication should be considered for their 11-year-old. Which scenario most clearly matches the note's criteria?
drafts/d86935d7-f3e2-4ca8-a9d7-452e5e5f2ef3.json,d86935d7-f3e2-4ca8-a9d7-452e5e5f2ef3,draft,ai,Paediatric Sub-specialties,"A 3-year-old has isolated gross motor delay without other developmental concerns. Based on the notes, which referral is most appropriate?"
drafts/d8aba773-2948-4652-b848-b932988331b1.json,d8aba773-2948-4652-b848-b932988331b1,draft,ai,Paediatric Sub-specialties,A multidisciplinary meeting reviews prognosis language. Which scenario is explicitly listed in the source pack as one of the particularly poor-risk childhood cancer situations?
drafts/d9b50e9d-c50d-4fe3-99cb-2cee7b2ff26e.json,d9b50e9d-c50d-4fe3-99cb-2cee7b2ff26e,draft,manual,Paediatric Sub-specialties,What are the common side effects associated with the use of propranolol in infants?
drafts/d9cc5a6c-1aeb-4d6e-aa46-238a4735fc8f.json,d9cc5a6c-1aeb-4d6e-aa46-238a4735fc8f,draft,ai,Emergency Paediatrics,"In a teaching scenario about first-line assessment during suspected anaphylaxis, which paediatric chest feature helps explain why loss of lung volume is a concern?"
drafts/d9ebf266-e128-49d9-ae80-b526a9a01ecd.json,d9ebf266-e128-49d9-ae80-b526a9a01ecd,draft,manual,Emergency Paediatrics,Which of the following management strategies is supported by level A evidence for the treatment of croup?
drafts/d9f25205-61d4-42cb-b406-67613023cca2.json,d9f25205-61d4-42cb-b406-67613023cca2,draft,manual,Paediatric Surgery,What is a characteristic clinical finding on physical examination of a neonate with a large congenital diaphragmatic hernia?
drafts/da18338d-8319-4837-bc09-76839994cce1.json,da18338d-8319-4837-bc09-76839994cce1,draft,manual,Adolescent Medicine,"Regarding Indigenous youth, what health and social outcome is mentioned as being twice as likely compared to non-Indigenous youth?"
drafts/da497f02-3362-4dd8-a6aa-d28d6bf444cd.json,da497f02-3362-4dd8-a6aa-d28d6bf444cd,draft,ai,Emergency Paediatrics,A child in cardiac arrest has intraosseous access inserted after failed IV attempts. The team wants blood tests before giving medications. Which approach best matches the source pack?
drafts/da4e6a68-583e-4ce1-b097-6784bf7b5c58.json,da4e6a68-583e-4ce1-b097-6784bf7b5c58,draft,ai,Paediatric Sub-specialties,A school-aged child with motor difficulties uses their hands to help rise after lying supine on the floor. Which abnormality does this best suggest according to the notes?
drafts/daf82ff8-62a6-46f6-85f4-e1d0d40c668f.json,daf82ff8-62a6-46f6-85f4-e1d0d40c668f,draft,ai,Paediatric Sub-specialties,"A child has been labelled as having protracted bacterial bronchitis because of a chronic wet cough. Which additional feature would be least typical of protracted bacterial bronchitis alone, based on the source notes?"
drafts/db077613-0011-49b2-8667-a1088fd420e4.json,db077613-0011-49b2-8667-a1088fd420e4,draft,ai,Community-based Paediatrics,"A 9-year-old has repeatedly not been brought to important health appointments. The treating team is worried about accumulating neglect, but the information available does not currently indicate risk of significant harm needing an immediate statutory report. Which is the most appropriate pathway?"
drafts/db084857-0e21-4be9-b7c5-b6555c10a7d6.json,db084857-0e21-4be9-b7c5-b6555c10a7d6,draft,manual,Emergency Paediatrics,What is the standard recommended dose of Paracetamol for a child over the age of 3 months?
drafts/db145960-f273-4f59-af4e-d853ecc52640.json,db145960-f273-4f59-af4e-d853ecc52640,draft,manual,Paediatric Sub-specialties,What is the primary difference between 'primary snoring' and 'obstructive sleep apnea' (OSA)?
drafts/db239ab2-298b-47c8-9987-264c18d3a139.json,db239ab2-298b-47c8-9987-264c18d3a139,draft,manual,Adolescent Medicine,"In a pediatric sleep study, what Apnea-Hypopnia Index (AHI) value is typically considered normal?"
drafts/dbb185aa-e8ba-4290-974a-8c422c9091fc.json,dbb185aa-e8ba-4290-974a-8c422c9091fc,draft,ai,Paediatric Sub-specialties,A registrar explains that several anomalies can arise downstream from one primary anomaly or mechanical factor. Which embryological term matches this explanation?
drafts/dc12d5a9-9be8-48df-b4d2-0d2eed65f771.json,dc12d5a9-9be8-48df-b4d2-0d2eed65f771,draft,ai,Paediatric Sub-specialties,"A neonatal chest X-ray report describes diffuse, coarse densities. Which diagnosis best matches the note pack?"
drafts/dc1b4a9d-2aef-4f59-8f8c-0f408ed7c492.json,dc1b4a9d-2aef-4f59-8f8c-0f408ed7c492,draft,manual,Adolescent Medicine,What sleep hygiene recommendation is specifically suggested for managing the bed environment?
drafts/dc3fa306-5fb3-46f1-8b52-4ece68d22894.json,dc3fa306-5fb3-46f1-8b52-4ece68d22894,draft,ai,Community-based Paediatrics,"A child being assessed for possible ADHD repeatedly grabs materials before instructions are finished and acts immediately when tempted, despite reminders. Which symptom domain is best illustrated?"
drafts/dcab56c7-6250-4385-baa8-7f7f4b345240.json,dcab56c7-6250-4385-baa8-7f7f4b345240,draft,ai,Paediatric Sub-specialties,A junior doctor is struggling to identify the correct lumbar puncture site in a child who has been positioned on the side with the legs curled up under the chin. The registrar palpates both posterior-superior iliac crests and draws an imaginary line between them. What is the best interpretation of that landmark according to the notes?
drafts/dcafc3a1-0129-4938-8090-b35a77f4778c.json,dcafc3a1-0129-4938-8090-b35a77f4778c,draft,manual,Paediatric Surgery,In which scenario would the resection of a bony bar be a preferred treatment over an epiphysiodesis?
drafts/dcd3a700-67a5-4255-b8f7-1577fd641613.json,dcd3a700-67a5-4255-b8f7-1577fd641613,draft,manual,Community-based Paediatrics,"According to the DSM-$5$-TR, at what age must symptoms be present by to meet the diagnostic criteria for ADHD?"
drafts/dd6a7370-5378-4c92-8cee-045e9377675d.json,dd6a7370-5378-4c92-8cee-045e9377675d,draft,manual,Paediatric Sub-specialties,Why is it recommended to check the mucous membranes and conjunctiva rather than just skin complexion when assessing a child for anemia?
drafts/dd7a46e2-af83-4bd9-b041-cff15ddf7a0a.json,dd7a46e2-af83-4bd9-b041-cff15ddf7a0a,draft,ai,Paediatric Sub-specialties,"A child presents with a new acute focal neurological deficit. Which dangerous differential should still be actively considered in paediatrics, especially if there is a cardiac history or thrombophilia?"
drafts/dd9d92a3-5938-4107-ac17-5857fb2a8f52.json,dd9d92a3-5938-4107-ac17-5857fb2a8f52,draft,manual,Paediatric Sub-specialties,What is the characteristic clinical presentation of a seizure in Self-limited Epilepsy with Centrotemporal Spikes (SeLECTS)?
drafts/dd9e0745-089d-41fa-a135-d1fe5189d848.json,dd9e0745-089d-41fa-a135-d1fe5189d848,draft,manual,Adolescent Medicine,"According to the lecture, what is a positive benefit of social media for 'different' or marginalized adolescents?"
drafts/ddf3735f-6c4a-43bb-9828-62c8f2b42465.json,ddf3735f-6c4a-43bb-9828-62c8f2b42465,draft,manual,General Paediatrics,"On the Bristol stool chart, which types are most indicative of a constipated stool?"
drafts/de6515a5-20c6-4008-bb71-a0e1a4811b0c.json,de6515a5-20c6-4008-bb71-a0e1a4811b0c,draft,ai,Paediatric Sub-specialties,"A 7-year-old is found to have a low white cell count on a routine blood test. Before deciding that the result is abnormal, which principle is most important to apply first?"
drafts/deaf3971-7549-49ec-82c4-745d240fdaca.json,deaf3971-7549-49ec-82c4-745d240fdaca,draft,manual,General Paediatrics,What is the recommended objective method for addressing parental concerns regarding the size of their son's penis?
drafts/df544b9b-4c35-437a-833c-281706e1a8a8.json,df544b9b-4c35-437a-833c-281706e1a8a8,draft,ai,Adolescent Medicine,"A 17-year-old wants help stopping vaping. You have already asked about use, assessed readiness and dependence, and clearly advised quitting. Which next plan **best fits** the brief intervention model in the notes?"
drafts/df957774-4c85-4a8b-b138-d0ec014d5428.json,df957774-4c85-4a8b-b138-d0ec014d5428,draft,manual,Emergency Paediatrics,An EXIT (Ex Utero Intrapartum Treatment) procedure is most likely to be scheduled for which of the following scenarios?
drafts/dfdc9c78-18db-4c5f-a357-57be5e3eb8fc.json,dfdc9c78-18db-4c5f-a357-57be5e3eb8fc,draft,ai,Paediatric Sub-specialties,Which set of descriptors matches the classification of infantile haemangioma given in the notes?
drafts/dfe9dac4-b0b8-4c1e-ad5f-2a15bd9b180c.json,dfe9dac4-b0b8-4c1e-ad5f-2a15bd9b180c,draft,manual,Paediatric Sub-specialties,Which complication of infantile hemangiomas is described as being particularly painful and slow to heal?
drafts/e02355f9-f07d-4cbc-a666-f171c1c8fe50.json,e02355f9-f07d-4cbc-a666-f171c1c8fe50,draft,manual,Adolescent Medicine,How does the 'culture' of adult medicine typically differ from pediatric medicine according to the speaker?
drafts/e036de1b-8058-421f-b4af-d459a8dfb2e1.json,e036de1b-8058-421f-b4af-d459a8dfb2e1,draft,ai,Paediatric Sub-specialties,"A 10-month-old has an AP chest X-ray after a mild respiratory illness. The upper mediastinum looks broad, but the opacity is uniform, triangular, and causes no mass effect. Which interpretation best fits this film?"
drafts/e0811d57-00a4-4092-8153-cc9136f8913e.json,e0811d57-00a4-4092-8153-cc9136f8913e,draft,ai,Adolescent Medicine,A 17-year-old presents shortly after using cannabis. Which additional feature would support **acute cannabis effects** rather than cannabis withdrawal?
drafts/e0a105b7-49c1-4593-9abe-b51f73faa3d4.json,e0a105b7-49c1-4593-9abe-b51f73faa3d4,draft,manual,Paediatric Sub-specialties,"In pediatric patients, 'Atypical Lymphocytes' found on a blood film are most commonly:"
drafts/e0d53644-78bd-4482-b899-2107bf7c08aa.json,e0d53644-78bd-4482-b899-2107bf7c08aa,draft,manual,Emergency Paediatrics,Which pain assessment tool is most appropriate for a 1-year-old child or a child with developmental delay?
drafts/e14db95e-0d3d-4644-b4c2-a202636bcb75.json,e14db95e-0d3d-4644-b4c2-a202636bcb75,draft,manual,Paediatric Sub-specialties,"According to the source, at what age can a child consistently and correctly use a pressurized metered-dose inhaler ($PMDI$) without a spacer?"
drafts/e1af0037-4b38-4452-89a9-08bf894ad403.json,e1af0037-4b38-4452-89a9-08bf894ad403,draft,manual,Paediatric Sub-specialties,What is the current estimated prevalence of food allergy among children born today?
drafts/e1ee0085-58c3-49e0-8225-5a2ceec86fd6.json,e1ee0085-58c3-49e0-8225-5a2ceec86fd6,draft,ai,Paediatric Surgery,A rectal suction biopsy is performed in a child with suspected Hirschsprung disease. Which biopsy result best supports the diagnosis?
drafts/e25864ee-0861-4459-8c0b-44c994378f88.json,e25864ee-0861-4459-8c0b-44c994378f88,draft,ai,Paediatric Sub-specialties,"During an infant oral examination in Australian general practice, ankyloglossia is identified. The parents ask what this finding may mean for management. Which response is most consistent with the source notes?"
drafts/e298090a-003b-4186-af06-00a56f93c0a0.json,e298090a-003b-4186-af06-00a56f93c0a0,draft,manual,Paediatric Sub-specialties,What is the primary mechanism behind Alloimmune Neonatal Neutropenia?
drafts/e32742f9-09d2-401f-8725-b7ad4df7325f.json,e32742f9-09d2-401f-8725-b7ad4df7325f,draft,manual,Emergency Paediatrics,What does the source conclude about the use of 'pan scans' (head-to-pelvis CT) in pediatric trauma?
drafts/e334fc30-d9fe-4621-ac02-14782ea9a6b3.json,e334fc30-d9fe-4621-ac02-14782ea9a6b3,draft,ai,General Paediatrics,A ward round reviews a child assessed as more than 5% dehydrated from gastroenteritis. Which note-based plan best matches usual prescribing practice?
drafts/e3622cd0-b9be-4592-93f6-34d837e50526.json,e3622cd0-b9be-4592-93f6-34d837e50526,draft,manual,Community-based Paediatrics,What is identified as the most appropriate way to determine if a patient identifies as Aboriginal or Torres Strait Islander in a clinical setting?
drafts/e3ac3715-45ec-4f58-a6ac-b1026db663bd.json,e3ac3715-45ec-4f58-a6ac-b1026db663bd,draft,ai,Paediatric Sub-specialties,"A child presents with an eczema flare. Beyond dry skin, fine scale and poorly demarcated margins, which additional lesion type is noted in more severe eczema?"
drafts/e3b9f760-894b-4c16-93c5-1e9ce5f54f6c.json,e3b9f760-894b-4c16-93c5-1e9ce5f54f6c,draft,ai,General Paediatrics,Which citation practice best matches the instructions for this batch when factual support is limited?
drafts/e44bd245-c389-4d3c-ae02-ff57805bae1d.json,e44bd245-c389-4d3c-ae02-ff57805bae1d,draft,manual,Paediatric Sub-specialties,Which of the following is a primary indication to consider the administration of adrenaline in a child with a severe asthma presentation?
drafts/e520392d-961a-492f-8aa3-2361f9decf6a.json,e520392d-961a-492f-8aa3-2361f9decf6a,draft,ai,Paediatric Sub-specialties,Which condition is listed in the source pack as a leukocoria differential from the CAH Bible excerpt?
drafts/e53bcf40-5718-4ced-b31b-ee301d88e00e.json,e53bcf40-5718-4ced-b31b-ee301d88e00e,draft,manual,Paediatric Surgery,"When managing a child with suspected bowel obstruction, why is it recommended to commence antibiotics?"
drafts/e558f1e1-1099-4396-8bbb-0ac0b4e37c31.json,e558f1e1-1099-4396-8bbb-0ac0b4e37c31,draft,ai,Paediatric Sub-specialties,Which drug combination corresponds to **Trikafta** in the provided notes?
drafts/e5b308f3-5471-4d50-8cb4-b3d894e5a874.json,e5b308f3-5471-4d50-8cb4-b3d894e5a874,draft,manual,Community-based Paediatrics,What is a defining characteristic of the ABAS and Vineland-3 assessment tools?
drafts/e5e56fd8-5002-4c7d-b8a9-d1cb34612a71.json,e5e56fd8-5002-4c7d-b8a9-d1cb34612a71,draft,manual,Community-based Paediatrics,What characteristic of intellectual assessments makes them unsuitable for children who are non-verbal?
drafts/e60f1ced-4fa6-4173-945b-62b13605344b.json,e60f1ced-4fa6-4173-945b-62b13605344b,draft,ai,Paediatric Sub-specialties,A preschool child becomes increasingly unwell with wheeze but cannot describe symptoms clearly. Which change best supports clinical deterioration in paediatric asthma?
drafts/e65127c9-ac93-4b27-a771-45b73bb528fe.json,e65127c9-ac93-4b27-a771-45b73bb528fe,draft,ai,General Paediatrics,Which child best fits the note-based criterion for considering short stature secondary to being born small for gestational age (SGA) with no catch-up growth?
drafts/e6845141-7deb-4eea-a0c8-d66c3ee19632.json,e6845141-7deb-4eea-a0c8-d66c3ee19632,draft,ai,Paediatric Sub-specialties,A student tries to apply adult upper-airway anatomy directly to an infant assessment. Which paediatric airway feature from the notes most directly argues against assuming the infant epiglottis is adult-like?
drafts/e764b446-270d-4fa9-a87a-c5fff985f4a6.json,e764b446-270d-4fa9-a87a-c5fff985f4a6,draft,manual,Community-based Paediatrics,Which of the following is a characteristic disadvantage of inactivated vaccines?
drafts/e7666fae-c720-48aa-99cd-6f6991206c98.json,e7666fae-c720-48aa-99cd-6f6991206c98,draft,manual,Paediatric Sub-specialties,Which specific genetic mutation is found in approximately $85\%$ of Caucasian patients with cystic fibrosis?
drafts/e7cf705b-dceb-448e-8013-bf59b2997986.json,e7cf705b-dceb-448e-8013-bf59b2997986,draft,manual,Adolescent Medicine,Which pattern of decline is observed in Delta EEG power across the brain during adolescent development?
drafts/e7fe9d4d-3730-484f-82ea-db49ad475a25.json,e7fe9d4d-3730-484f-82ea-db49ad475a25,draft,ai,Paediatric Sub-specialties,"A 6-year-old develops widespread urticaria, facial angioedema, and respiratory difficulty within minutes of eating a suspected allergen. Which statement best fits the provided source pack?"
drafts/e81ccfa3-c549-41e8-a673-695cf28ea78f.json,e81ccfa3-c549-41e8-a673-695cf28ea78f,draft,ai,Paediatric Surgery,A clinician is documenting a gonadal examination in a child. They note that one testis is not in the scrotum and appears to be located **outside** the expected path from the kidney to the scrotum. Which term is most accurate?
drafts/e84f4af8-6737-44de-b664-38bae9103a83.json,e84f4af8-6737-44de-b664-38bae9103a83,draft,manual,Paediatric Surgery,Which of the following is the preferred modern management for a lateral cervical lymphatic malformation (cystic hygroma) to minimize morbidity?
drafts/e89865dd-9766-43c4-bec4-32577ef710aa.json,e89865dd-9766-43c4-bec4-32577ef710aa,draft,manual,Paediatric Sub-specialties,"In the neonatal unit, hypertension is frequently associated with which respiratory condition?"
drafts/e8a425f0-840d-458d-a03f-d17c1f671c85.json,e8a425f0-840d-458d-a03f-d17c1f671c85,draft,ai,General Paediatrics,A 10-week-old infant is back to baseline after a BRUE. Which feature of the history should most increase concern for non-accidental injury during the assessment?
drafts/e8e7315a-914b-4920-b1ab-a16fbf2a9551.json,e8e7315a-914b-4920-b1ab-a16fbf2a9551,draft,ai,Paediatric Sub-specialties,"A 7-month-old infant has a first episode of wheeze during a coryzal illness. The team is considering a bronchodilator trial. According to the source pack, which approach is most appropriate?"
drafts/e8eb6911-c30f-4898-93ac-fbab10ef2f33.json,e8eb6911-c30f-4898-93ac-fbab10ef2f33,draft,ai,Paediatric Surgery,"A child has an **upper neck swelling**. On further review, there is also a **fluctuant, bluish mass in the floor of the mouth**. What is the most likely diagnosis?"
drafts/e982a6cb-fae1-474a-8d75-4820b56de7a9.json,e982a6cb-fae1-474a-8d75-4820b56de7a9,draft,manual,Paediatric Sub-specialties,At what age is it generally considered appropriate to begin using 24-hour ambulatory blood pressure monitoring for a hypertensive child?
drafts/ea4b0716-c389-456a-a949-bdd0c15ddfd1.json,ea4b0716-c389-456a-a949-bdd0c15ddfd1,draft,ai,Paediatric Sub-specialties,A 12-year-old with migraine feels unwell during an attack and asks what non-drug measure might help immediately at home while awaiting medical review if needed. Which option best matches the source notes?
drafts/ea59fd9f-fc34-4164-9ead-6a234d4fd7f0.json,ea59fd9f-fc34-4164-9ead-6a234d4fd7f0,draft,manual,Paediatric Surgery,What is the primary purpose of the 'Kidsburns' consultative service mentioned by Dr. Harvey?
drafts/ea9a5c7a-1fc2-414b-8286-8356cda348d3.json,ea9a5c7a-1fc2-414b-8286-8356cda348d3,draft,ai,Paediatric Surgery,"A 3-year-old child presents after oro-facial trauma. During the dental examination, which tooth is most likely to be affected according to the source pack?"
drafts/eba77800-fcb6-4f87-a64b-e2cd2267e308.json,eba77800-fcb6-4f87-a64b-e2cd2267e308,draft,ai,Paediatric Sub-specialties,A 13-year-old is brought in after a first seizure. Friends report the child had taken unknown tablets from a relative's bag shortly beforehand. Which note-listed underlying cause should be prioritised?
drafts/ebc2d815-a4c0-4755-ba77-1559e380975f.json,ebc2d815-a4c0-4755-ba77-1559e380975f,draft,manual,Paediatric Surgery,"For a $9$ kg child under the age of two with a femoral shaft fracture, which immobilization method is most appropriate?"
drafts/ebd4e98f-4c49-43f1-a6ae-d597d25ce097.json,ebd4e98f-4c49-43f1-a6ae-d597d25ce097,draft,manual,Paediatric Sub-specialties,What is the primary concern regarding 'steroid phobia' in the management of atopic dermatitis?
drafts/ec4e9fb6-bfe4-4dac-8d0a-a9b10ef77ced.json,ec4e9fb6-bfe4-4dac-8d0a-a9b10ef77ced,draft,manual,Paediatric Sub-specialties,"In the treatment of acute otitis media, what has research suggested regarding the use of pain relief compared to antibiotics?"
drafts/ec65be3e-9e2f-4bfe-b1ce-42d72dbdc0f0.json,ec65be3e-9e2f-4bfe-b1ce-42d72dbdc0f0,draft,manual,Emergency Paediatrics,What is the primary risk associated with the prolonged use of hydrogels in major burns?
drafts/ecc90252-5860-4092-b444-0f310c66ffee.json,ecc90252-5860-4092-b444-0f310c66ffee,draft,ai,Paediatric Sub-specialties,"A child with recurrent paroxysmal abnormal episodes has already had an outpatient EEG, but the result is reported as **non-specific**. Based on the supplied source pack, which further investigation may be required next?"
drafts/ed6fe82d-7e30-41d0-a600-027a5997efa6.json,ed6fe82d-7e30-41d0-a600-027a5997efa6,draft,manual,Paediatric Sub-specialties,A 4-year-old child presents with a productive cough lasting for 3 weeks that clears up after a course of oral antibiotics. What is the most likely diagnosis?
drafts/edcfb6de-e43b-416a-9df9-f9ba86bc1108.json,edcfb6de-e43b-416a-9df9-f9ba86bc1108,draft,manual,Paediatric Sub-specialties,"According to the source material, a child presenting with leukocoria should be suspected of having which condition until proven otherwise?"
drafts/ee35ffb4-8e03-4fd6-b3d5-7568a4a66195.json,ee35ffb4-8e03-4fd6-b3d5-7568a4a66195,draft,ai,General Paediatrics,A 6-month-old infant is being evaluated for faltering growth. Which associated symptom cluster would most strongly raise concern for chronic anaemia as a contributing organic problem?
drafts/ee9f9560-8906-4b13-85f0-1e6c6fbae81a.json,ee9f9560-8906-4b13-85f0-1e6c6fbae81a,draft,ai,Paediatric Sub-specialties,A child with cystic fibrosis has a **Class III mutation**. Which therapy is specifically noted to be a good fit for this mutation class?
drafts/eefa99f5-b215-48fb-9a61-2b92472a26b5.json,eefa99f5-b215-48fb-9a61-2b92472a26b5,draft,ai,General Paediatrics,Which statement best reflects how the CAH Bible should be used in this specific call?
drafts/ef028030-9ad1-4a31-86c2-3c1ddf64a817.json,ef028030-9ad1-4a31-86c2-3c1ddf64a817,draft,manual,Paediatric Sub-specialties,Which two pathogens are identified as the most common causes of early onset sepsis in Australian neonates?
drafts/ef838c4b-e097-47bb-b125-5f6ca22de099.json,ef838c4b-e097-47bb-b125-5f6ca22de099,draft,manual,Adolescent Medicine,What is the primary conclusion regarding the relationship between exposure to sexual content online and adolescent behavior?
drafts/efbb2b63-8890-4e49-a433-6b9c27cfe9f2.json,efbb2b63-8890-4e49-a433-6b9c27cfe9f2,draft,manual,Emergency Paediatrics,"By age $5$, what percentage of children are estimated to have damaged their primary teeth?"
drafts/f02a74cc-67f9-4b3e-9728-1e66fb2c8629.json,f02a74cc-67f9-4b3e-9728-1e66fb2c8629,draft,manual,Paediatric Sub-specialties,Which form of psoriasis is commonly triggered by a throat infection or viral infection in children?
drafts/f02cb8c5-3c9b-4072-bae1-8d45c9d2ed9a.json,f02cb8c5-3c9b-4072-bae1-8d45c9d2ed9a,draft,manual,Paediatric Surgery,"Why is long-term psychological support critical for children with burn scars, even if they seem well-adjusted as toddlers?"
drafts/f0c4de32-922f-4a11-a4a0-cb6dce9f49f7.json,f0c4de32-922f-4a11-a4a0-cb6dce9f49f7,draft,ai,Paediatric Sub-specialties,A junior doctor asks what process in the source pack most directly explains bronchiolitis itself. Which answer is best?
drafts/f0c6269a-3148-4fda-b383-7358030bde35.json,f0c6269a-3148-4fda-b383-7358030bde35,draft,ai,Adolescent Medicine,"A 15-year-old asks a clinician in NSW, ""Does the law mean that any sexual activity before 16 is automatically a crime?"" Which reply best matches the notes?"
drafts/f0d1cd4d-a2e5-479c-88cb-602c114b2e61.json,f0d1cd4d-a2e5-479c-88cb-602c114b2e61,draft,ai,Community-based Paediatrics,"A school-aged child is reviewed for neurodevelopmental concerns. Examination shows a long face, long ears, and hypermobility, and the history includes behavioural challenges with autism spectrum features. Which associated syndrome best fits this pattern?"
drafts/f0e47398-e876-4991-a751-4c1f1304a96b.json,f0e47398-e876-4991-a751-4c1f1304a96b,draft,ai,Emergency Paediatrics,"When using the ABCD toxicity clues in an unwell child, which finding best fits **A**?"
drafts/f0fc1222-b9aa-4dda-a7d7-6161bf289557.json,f0fc1222-b9aa-4dda-a7d7-6161bf289557,draft,ai,Paediatric Sub-specialties,"During a teaching session, a junior doctor says, ""The renal ultrasound was normal, so significant cortical defects are unlikely."" Based on the source pack, which reply is most accurate?"
drafts/f111087d-153d-4d41-bd83-2c39114756cc.json,f111087d-153d-4d41-bd83-2c39114756cc,draft,manual,Adolescent Medicine,How does the source material distinguish between 'adolescence' and 'puberty'?
drafts/f174fdb8-f78b-4359-80ea-6ee93f5e1ac7.json,f174fdb8-f78b-4359-80ea-6ee93f5e1ac7,draft,ai,Adolescent Medicine,"A registrar assumes that most sexually active adolescents feel positive after sex unless there is a pregnancy scare, so emotional impact does not need to be asked about routinely. Which response best matches the notes?"
drafts/f21b5ef9-9433-4e14-a71b-74c89735ad77.json,f21b5ef9-9433-4e14-a71b-74c89735ad77,draft,ai,Community-based Paediatrics,"A parent asks why school information keeps being requested at ADHD reviews when home behaviour seems straightforward. According to the source notes, what is the best explanation?"
drafts/f21d3ab4-f885-4001-9adb-109b04a14a61.json,f21d3ab4-f885-4001-9adb-109b04a14a61,draft,manual,Paediatric Surgery,Which of the following describes the correct approach to managing infection in a major burn wound according to the source?
drafts/f22d75a1-3413-45a8-8245-764f26438549.json,f22d75a1-3413-45a8-8245-764f26438549,draft,manual,Paediatric Surgery,What clinical outcome is most likely if a bony bar forms on the medial side of the distal femoral physis while the lateral side continues to grow?
drafts/f24b494b-510d-4a17-a8bc-daa7404fbb20.json,f24b494b-510d-4a17-a8bc-daa7404fbb20,draft,ai,Adolescent Medicine,"A 15-year-old who uses cannabis regularly says, ""It might make people feel weird on the night, but it doesn't cause real longer-term mental health problems."" Which response is **most appropriate**?"
drafts/f31cf41e-8568-4639-8069-ad13827f39d9.json,f31cf41e-8568-4639-8069-ad13827f39d9,draft,manual,Paediatric Sub-specialties,Why is blood pressure measurement considered essential in a child presenting with an unexplained alteration of consciousness?
drafts/f32934fd-4b60-42bc-995b-9375f4fe5654.json,f32934fd-4b60-42bc-995b-9375f4fe5654,draft,manual,Paediatric Sub-specialties,"A patient presents with acute onset joint pain, fever, and a total refusal to weightbear. This presentation should be treated as which of the following until proven otherwise?"
drafts/f33c9f94-1f95-40fa-92ad-ff6710f537b6.json,f33c9f94-1f95-40fa-92ad-ff6710f537b6,draft,manual,Paediatric Surgery,"When managing an open fracture, which clinical priority takes precedence according to the principles mentioned in the source?"
drafts/f33eccad-3830-4575-9f39-4bde36daf256.json,f33eccad-3830-4575-9f39-4bde36daf256,draft,ai,Adolescent Medicine,"Parents keep asking to postpone a time-sensitive treatment for their 16-year-old by ""another few weeks"" while they think about it. Which communication point is **specifically listed** in the notes for this kind of consent conflict?"
drafts/f35a77bd-b2a8-48b4-be77-0a0c6f2cccb7.json,f35a77bd-b2a8-48b4-be77-0a0c6f2cccb7,draft,ai,Emergency Paediatrics,"A young infant looks unwell and has an apparent upper respiratory tract infection on examination. In the context of sepsis assessment, what is the best next step?"
drafts/f381534d-5632-4955-891a-93a8ce546c44.json,f381534d-5632-4955-891a-93a8ce546c44,draft,manual,Community-based Paediatrics,"When assessing for non-accidental injury (NAI), which of the following is considered a 'red flag' in the clinical history?"
drafts/f39c37c8-d6fd-4bc6-aea4-ea36e217980d.json,f39c37c8-d6fd-4bc6-aea4-ea36e217980d,draft,manual,Paediatric Sub-specialties,What is the primary difference between sensitization and a clinical food allergy?
drafts/f3f096e0-d121-48ba-b1cf-1817df34bb2b.json,f3f096e0-d121-48ba-b1cf-1817df34bb2b,draft,ai,Emergency Paediatrics,A child with DKA has marked dehydration and severe circulatory impairment on arrival to the emergency department. Which supportive measure is specifically indicated in the source pack for this situation?
drafts/f41f088d-6721-41fe-915d-b34b2362fc11.json,f41f088d-6721-41fe-915d-b34b2362fc11,draft,manual,Paediatric Sub-specialties,Molluscum contagiosum lesions are characterized by which of the following physical features?
drafts/f46c82ca-9526-4fb4-8de1-091b603c089e.json,f46c82ca-9526-4fb4-8de1-091b603c089e,draft,manual,Paediatric Sub-specialties,Which factor is associated with an increased risk of a fatal or severe allergic reaction?
drafts/f4714363-c94a-4614-be66-8b93e9e1adcc.json,f4714363-c94a-4614-be66-8b93e9e1adcc,draft,manual,Paediatric Sub-specialties,What is a primary benefit of biological agents like omalizumab in managing food allergies?
drafts/f4a9a7db-a37d-4d1f-94c9-2e74bba97f9f.json,f4a9a7db-a37d-4d1f-94c9-2e74bba97f9f,draft,ai,Community-based Paediatrics,A general paediatrician is seeking the most appropriate specialist service to involve for a child with suspected maltreatment where a forensic medical assessment may be required. Which option best describes the relevant service?
drafts/f4b3b6a6-1885-4b8d-ac99-81897af8c6c4.json,f4b3b6a6-1885-4b8d-ac99-81897af8c6c4,draft,manual,Paediatric Sub-specialties,Which of the following clinical indicators most strongly suggests a diagnosis of asthma over simple viral-induced wheeze?
drafts/f4e9b72c-5203-4d1a-b17f-cf3ba4b79162.json,f4e9b72c-5203-4d1a-b17f-cf3ba4b79162,draft,manual,Paediatric Sub-specialties,"In the emergency management of status epilepticus, after addressing airway, breathing, and circulation, what is the most critical immediate metabolic check?"
drafts/f50417ec-14d6-4199-92e4-0f3314c7fa50.json,f50417ec-14d6-4199-92e4-0f3314c7fa50,draft,manual,Paediatric Surgery,"Which type of burn is characterized by a pink appearance, brisk capillary return, and the presence of blisters?"
drafts/f5162541-8347-4d33-9564-2e4b5875c541.json,f5162541-8347-4d33-9564-2e4b5875c541,draft,ai,General Paediatrics,A 12-month-old is attending a routine review. Which fluid pattern is encouraged as the primary intake according to the notes?
drafts/f51656a4-b2c5-4c72-88bf-172e1a5c66cc.json,f51656a4-b2c5-4c72-88bf-172e1a5c66cc,draft,manual,Paediatric Surgery,What has been identified as the most important determinant of a successful outcome in the management of open fractures?
drafts/f516daee-7947-49b6-b29e-a4c9593199b4.json,f516daee-7947-49b6-b29e-a4c9593199b4,draft,manual,Paediatric Surgery,"Which medical condition can present with a rigid abdomen, mimicking a surgical emergency?"
drafts/f56e1f0e-9a87-4f41-a9b9-a875ef6157b1.json,f56e1f0e-9a87-4f41-a9b9-a875ef6157b1,draft,ai,General Paediatrics,Which feature most strongly supports **secondary** rather than **primary** nocturnal enuresis?
drafts/f5e71d4f-d873-4837-b0c4-c7377c36f6ca.json,f5e71d4f-d873-4837-b0c4-c7377c36f6ca,draft,manual,Community-based Paediatrics,Aboriginal and Torres Strait Islander infants receive an additional dose of the $13$-valent pneumococcal conjugate vaccine at what age?
drafts/f5f7023e-aa11-4100-a810-db6572bf203f.json,f5f7023e-aa11-4100-a810-db6572bf203f,draft,ai,Community-based Paediatrics,"In an immunisation teaching session, a student says that egg allergy usually means routine vaccines should be withheld. Which response best matches the notes excerpt?"
drafts/f6b755bf-4e53-4138-b3ae-17d21e5dcf3a.json,f6b755bf-4e53-4138-b3ae-17d21e5dcf3a,draft,manual,Paediatric Sub-specialties,Duchenne Muscular Dystrophy (DMD) follows which inheritance pattern?
drafts/f6c22cfe-91f9-4444-978b-dbf1bacacd99.json,f6c22cfe-91f9-4444-978b-dbf1bacacd99,draft,manual,Paediatric Sub-specialties,Which clinical feature is often the first noticed sign of juvenile arthritis in the lower limbs of a child?
drafts/f730dac7-ac2c-4208-aa50-c5723569d8ad.json,f730dac7-ac2c-4208-aa50-c5723569d8ad,draft,manual,Paediatric Sub-specialties,"In the context of SVT pathophysiology, what is an accessory pathway?"
drafts/f74b4dac-7130-423a-83be-ae946fcfa817.json,f74b4dac-7130-423a-83be-ae946fcfa817,draft,manual,Paediatric Sub-specialties,"In school-aged children, what is the most common bacterial cause of pneumonia?"
drafts/f765d0b8-184c-415b-97b6-253251ca0673.json,f765d0b8-184c-415b-97b6-253251ca0673,draft,ai,Paediatric Sub-specialties,"A school-aged child with pneumonia has worsening respiratory distress. On review of the chest X-ray, which additional description would most strongly support pleural effusion rather than atelectasis or collapse?"
drafts/f7a1aaa6-3e61-4191-b466-297ead7e7326.json,f7a1aaa6-3e61-4191-b466-297ead7e7326,draft,ai,Community-based Paediatrics,"A 9-month-old Aboriginal infant from a remote community is brought to clinic with fever, irritability, and repeated ear tugging. Which statement best guides the assessment?"
drafts/f7b2a529-3986-4c4e-aced-9aaefbca2c54.json,f7b2a529-3986-4c4e-aced-9aaefbca2c54,draft,manual,Paediatric Surgery,A complete cessation of growth in a physis following a Salter-Harris type V injury is known as:
drafts/f8266b0b-2470-4675-b0e2-649d8fa4c319.json,f8266b0b-2470-4675-b0e2-649d8fa4c319,draft,manual,Paediatric Sub-specialties,"What is the preferred route for administering sumatriptan to a child during an acute migraine attack, especially if they are experiencing nausea?"
drafts/f84a3a42-f6c3-4e4b-9926-5a255c1f477f.json,f84a3a42-f6c3-4e4b-9926-5a255c1f477f,draft,manual,Paediatric Sub-specialties,Why does the source material advise against treating asymptomatic bacteriuria in children?
drafts/f8992db4-23c0-4c22-bae6-0b13df835b45.json,f8992db4-23c0-4c22-bae6-0b13df835b45,draft,manual,Paediatric Sub-specialties,"According to the lecture, what is the leading cause of death in Australian children outside of the neonatal period?"
drafts/f89cfe92-8ebb-4bc9-b995-b1c35f28a07c.json,f89cfe92-8ebb-4bc9-b995-b1c35f28a07c,draft,manual,Paediatric Surgery,"In the $10\%$ of cases where Perthes disease is bilateral, what is the usual pattern of onset?"
drafts/f8cdbcdb-168c-4494-8e23-46456a0609a7.json,f8cdbcdb-168c-4494-8e23-46456a0609a7,draft,manual,Paediatric Surgery,"According to the Gross classification system for esophageal atresia, which type is characterized by a distal tracheoesophageal fistula?"
drafts/f98708a9-d5d2-4a95-99bb-7c54e9655db4.json,f98708a9-d5d2-4a95-99bb-7c54e9655db4,draft,ai,Adolescent Medicine,A GP is helping a 13-year-old recover after major family stress. Which single protective factor is most clearly identified in the notes as supporting adolescent resilience?
drafts/f98c0ee2-45bf-4697-96bd-da41916042d1.json,f98c0ee2-45bf-4697-96bd-da41916042d1,draft,manual,Paediatric Sub-specialties,Why are bleach baths recommended for some patients with atopic dermatitis?
drafts/fa794531-d75b-4892-815a-7bd03bcdc878.json,fa794531-d75b-4892-815a-7bd03bcdc878,draft,manual,Paediatric Surgery,The presence of a solitary median maxillary central incisor (SMMCI) in an infant should prompt immediate investigation for which of the following?
drafts/fa8b689d-c5e7-4f57-bc08-38e73c5b5671.json,fa8b689d-c5e7-4f57-bc08-38e73c5b5671,draft,ai,Community-based Paediatrics,"In a NSW community paediatrics clinic, a registrar asks which age group is covered in the notes for clinician prescribing of ADHD medication in children. Which option is correct?"
drafts/fadb2ca0-8590-46da-bd81-cdc4ada1c9fb.json,fadb2ca0-8590-46da-bd81-cdc4ada1c9fb,draft,ai,Adolescent Medicine,A 16-year-old reports several sexual partners over a short period and says condoms are used inconsistently. What is the **best focus for follow-up** based on the notes?
drafts/fb02208d-fe1f-48ec-8fe1-df9ec623f913.json,fb02208d-fe1f-48ec-8fe1-df9ec623f913,draft,ai,General Paediatrics,"A school-aged child with recurrent abdominal symptoms has had several clinic visits. According to the source pack, what makes growth assessment most useful in follow-up?"
drafts/fb1e653a-00b9-4e0b-8b19-85ce58a7a923.json,fb1e653a-00b9-4e0b-8b19-85ce58a7a923,draft,ai,Emergency Paediatrics,A febrile child remains persistently neurologically altered after the seizure has ended. Which complication is specifically flagged in the notes?
drafts/fb1fb4ca-9280-488e-a9e3-59787bc881b2.json,fb1fb4ca-9280-488e-a9e3-59787bc881b2,draft,manual,Adolescent Medicine,What is the primary hormonal mechanism behind 'pubertal gynecomastia' in boys?
drafts/fb8ef949-fa4c-4364-b5bf-1c48812a9a1d.json,fb8ef949-fa4c-4364-b5bf-1c48812a9a1d,draft,ai,Adolescent Medicine,"A 15-year-old asks why the paediatrician is asking about home, school, peers, alcohol, sex, mood, sleep, safety, spirituality, and social media during a review for abdominal pain. What is the best explanation?"
drafts/fba43b27-9b7a-4604-a548-1367a902f7bf.json,fba43b27-9b7a-4604-a548-1367a902f7bf,draft,manual,General Paediatrics,Which of the following is a role of 'hind milk' in the digestion of lactose in infants?
drafts/fbe1f2f1-68df-46ea-b8b4-0fb3ddef7f48.json,fbe1f2f1-68df-46ea-b8b4-0fb3ddef7f48,draft,ai,Paediatric Sub-specialties,A 10-year-old develops ear pain after frequent water exposure. Which examination finding from the source pack most strongly supports acute otitis externa rather than middle-ear disease?
drafts/fc4485ae-0b43-45ce-9649-19ed089ca1f2.json,fc4485ae-0b43-45ce-9649-19ed089ca1f2,draft,manual,Paediatric Sub-specialties,"When administering oral prednisolone for a severe exacerbation, what is the maximum daily dose that should be given to a child?"
drafts/fc93b30f-7651-489b-89b9-725cc33703d8.json,fc93b30f-7651-489b-89b9-725cc33703d8,draft,manual,Paediatric Sub-specialties,Which of the following describes the correct maintenance procedure for a standard (non-anti-static) spacer used daily?
drafts/fcbde8ae-4956-4816-8951-a2cda2c7b143.json,fcbde8ae-4956-4816-8951-a2cda2c7b143,draft,ai,General Paediatrics,A thriving breastfed infant with loose stools has a fresh stool sample tested. Reducing substances return at 0.4%. Which interpretation best matches the notes?
drafts/fcef9601-49e1-40fb-b562-9ad21884f17f.json,fcef9601-49e1-40fb-b562-9ad21884f17f,draft,ai,Adolescent Medicine,A 17-year-old learner driver has chronic weekday sleep restriction and daytime fatigue. He says poor sleep only matters for school marks. Which consequence of poor sleep is most directly relevant to highlight at this visit?
drafts/fdc024b2-89a0-44d6-9120-cf288f730d07.json,fdc024b2-89a0-44d6-9120-cf288f730d07,draft,manual,Paediatric Surgery,Which syndrome is specifically mentioned as being associated with both exomphalos and congenital diaphragmatic hernia?
drafts/fdf6f22f-da46-4e4a-8b87-bc6997fbf8d8.json,fdf6f22f-da46-4e4a-8b87-bc6997fbf8d8,draft,manual,Community-based Paediatrics,What does the abbreviation PECS stand for in the context of supporting non-verbal communication?
drafts/fe158521-5306-40e2-ba99-7eab62b17619.json,fe158521-5306-40e2-ba99-7eab62b17619,draft,manual,Paediatric Sub-specialties,Which of the following scenarios describes a 'complex' or 'complicated' febrile convulsion?
drafts/fecafa83-e1ee-45c8-93c1-6d6967949db6.json,fecafa83-e1ee-45c8-93c1-6d6967949db6,draft,manual,Community-based Paediatrics,"According to the source, approximately what percentage of child abuse cases have dental manifestations?"
drafts/feed2731-1cb3-4e17-ab70-a49f32159de1.json,feed2731-1cb3-4e17-ab70-a49f32159de1,draft,manual,Paediatric Surgery,"A preschool boy presents with a low-grade fever ($37-38^{\circ}C$), dark red discoloration of the foreskin, and purulent discharge. What is the most appropriate initial management?"
drafts/fef6e59a-6627-4500-88aa-107e0ced73aa.json,fef6e59a-6627-4500-88aa-107e0ced73aa,draft,ai,Paediatric Sub-specialties,"A 7-month-old infant has eczema affecting the cheeks, with relative sparing of the adjacent facial folds. Which term best describes this distribution pattern?"
drafts/ff1d3eb8-3b46-4d80-950a-27d3fb3baed3.json,ff1d3eb8-3b46-4d80-950a-27d3fb3baed3,draft,ai,Paediatric Sub-specialties,A medical student is revising neutropenia causes. Which pair is grouped together in the notes as examples of **bone marrow suppression/infiltration** causing acquired neutropenia?
drafts/ff987580-d591-4279-9371-41ded42d4bea.json,ff987580-d591-4279-9371-41ded42d4bea,draft,manual,Paediatric Surgery,"In terms of diagnostic sensitivity, what is considered the most effective tool for evaluating acute abdominal pain in children?"
drafts/ffa66ea0-953e-489f-85bb-38a68a7f4b73.json,ffa66ea0-953e-489f-85bb-38a68a7f4b73,draft,ai,Adolescent Medicine,Which adolescent is most clearly in a group that the notes say may have poorer health outcomes because of isolation and marginalisation?
drafts/ffd611f3-db0a-42fd-8f91-6bdf8f57691f.json,ffd611f3-db0a-42fd-8f91-6bdf8f57691f,draft,manual,Paediatric Sub-specialties,What is the clinical significance of finding iron deficiency in a child with frequent breath-holding spells?
drafts/fff7d92f-9f5b-4984-b491-30e004479e10.json,fff7d92f-9f5b-4984-b491-30e004479e10,draft,manual,Paediatric Sub-specialties,What is the primary mechanism of action for hypertonic saline in CF treatment?
