file,id,status,is_cah_kat,answerable,correct_option_count,reason,curriculum
questions/000c6a67-14b7-4045-82cb-6d0fcf875ac7.json,000c6a67-14b7-4045-82cb-6d0fcf875ac7,published,true,true,1,Answerable (exactly one correct option),General Paediatrics
questions/0042655d-4b73-483a-a517-2f466e69a325.json,0042655d-4b73-483a-a517-2f466e69a325,published,false,false,0,No option has isCorrect=true,Unclassified
questions/00502547-fcba-4c75-9dca-6ad2ddc94d72.json,00502547-fcba-4c75-9dca-6ad2ddc94d72,published,true,true,1,Answerable (exactly one correct option),General Paediatrics
questions/006dd8de-11a8-4ce9-a749-97ae18d1fcf4.json,006dd8de-11a8-4ce9-a749-97ae18d1fcf4,published,true,true,1,Answerable (exactly one correct option),General Paediatrics
questions/0179c444-f7c0-40cc-a77d-aef0013c5daf.json,0179c444-f7c0-40cc-a77d-aef0013c5daf,published,true,false,0,No option has isCorrect=true,Emergency Paediatrics
questions/0194fe90-c8be-4d07-ba60-b048a19dd69f.json,0194fe90-c8be-4d07-ba60-b048a19dd69f,published,true,true,1,Answerable (exactly one correct option),Emergency Paediatrics
questions/01966d29-333c-452d-92cb-9d2246e470fc.json,01966d29-333c-452d-92cb-9d2246e470fc,published,false,true,1,Answerable (exactly one correct option),Unclassified
questions/0197b071-a452-4b69-8731-6141664bccba.json,0197b071-a452-4b69-8731-6141664bccba,published,true,true,1,Answerable (exactly one correct option),General Paediatrics
questions/022ab903-5e19-4f32-bf0c-3cfb7f829d4c.json,022ab903-5e19-4f32-bf0c-3cfb7f829d4c,published,true,true,1,Answerable (exactly one correct option),Community-based Paediatrics
questions/025a99f4-5a36-49e3-8cb5-9e3be0558713.json,025a99f4-5a36-49e3-8cb5-9e3be0558713,published,true,true,1,Answerable (exactly one correct option),Community-based Paediatrics
questions/027128a9-85e6-4953-9ddb-66fd11bc5e43.json,027128a9-85e6-4953-9ddb-66fd11bc5e43,published,true,true,1,Answerable (exactly one correct option),General Paediatrics
questions/02791e78-3629-4587-9a59-5a940b03417c.json,02791e78-3629-4587-9a59-5a940b03417c,published,true,true,1,Answerable (exactly one correct option),Community-based Paediatrics
questions/0289abd1-9de1-4625-b3ab-9a865d0f8f84.json,0289abd1-9de1-4625-b3ab-9a865d0f8f84,published,true,true,1,Answerable (exactly one correct option),General Paediatrics
questions/02903c27-b3e7-46e2-b66d-f0a5bda6cfa0.json,02903c27-b3e7-46e2-b66d-f0a5bda6cfa0,published,true,true,1,Answerable (exactly one correct option),Community-based Paediatrics
questions/02a217d5-6d31-41e8-9817-761dcffa0a5e.json,02a217d5-6d31-41e8-9817-761dcffa0a5e,published,true,true,1,Answerable (exactly one correct option),Paediatric Surgery
questions/02a5bf09-ec76-403e-9d30-00e7d69f588f.json,02a5bf09-ec76-403e-9d30-00e7d69f588f,published,true,true,1,Answerable (exactly one correct option),Emergency Paediatrics
questions/0381b515-73d5-47f5-94a6-f32cffc32bc7.json,0381b515-73d5-47f5-94a6-f32cffc32bc7,published,true,true,1,Answerable (exactly one correct option),General Paediatrics
questions/048e145f-8ed6-4206-9198-0afc1f991d64.json,048e145f-8ed6-4206-9198-0afc1f991d64,published,true,true,1,Answerable (exactly one correct option),General Paediatrics
questions/049674cf-e4a8-4d50-a2fe-bc9951b23bc5.json,049674cf-e4a8-4d50-a2fe-bc9951b23bc5,published,true,true,1,Answerable (exactly one correct option),General Paediatrics
questions/04ecfc18-846d-428d-8fe1-5b3064fbbece.json,04ecfc18-846d-428d-8fe1-5b3064fbbece,published,true,true,1,Answerable (exactly one correct option),Paediatric Surgery
questions/05437216-ac00-4c1d-ba40-abfadcb59538.json,05437216-ac00-4c1d-ba40-abfadcb59538,published,false,true,1,Answerable (exactly one correct option),Unclassified
questions/0544831e-c005-4e4f-a786-2c9ef56ad4e2.json,0544831e-c005-4e4f-a786-2c9ef56ad4e2,published,true,true,1,Answerable (exactly one correct option),Emergency Paediatrics
questions/05589365-e0ea-4d87-a73d-9e64766cba51.json,05589365-e0ea-4d87-a73d-9e64766cba51,published,true,true,1,Answerable (exactly one correct option),Community-based Paediatrics
questions/05ec50fd-3ffe-4108-afe6-7a7b0709d1cc.json,05ec50fd-3ffe-4108-afe6-7a7b0709d1cc,published,true,true,1,Answerable (exactly one correct option),Paediatric Surgery
questions/061327d1-857a-4fb8-9612-69b439a52270.json,061327d1-857a-4fb8-9612-69b439a52270,published,true,false,0,No option has isCorrect=true,Emergency Paediatrics
questions/061ca428-fc3f-4e96-a8e6-72cc70a333f0.json,061ca428-fc3f-4e96-a8e6-72cc70a333f0,published,true,true,1,Answerable (exactly one correct option),General Paediatrics
questions/0653ead0-2207-4cf8-868b-91732cc39991.json,0653ead0-2207-4cf8-868b-91732cc39991,published,false,true,1,Answerable (exactly one correct option),Unclassified
questions/06cdc310-129c-4a1f-be7e-83ccc6bdf175.json,06cdc310-129c-4a1f-be7e-83ccc6bdf175,published,true,true,1,Answerable (exactly one correct option),Adolescent Medicine
questions/06d5a720-9077-4628-aede-d194e8e00ca7.json,06d5a720-9077-4628-aede-d194e8e00ca7,published,false,false,0,No option has isCorrect=true,Unclassified
questions/06f69521-b37b-40a1-a63d-c04c3e571cc3.json,06f69521-b37b-40a1-a63d-c04c3e571cc3,published,false,false,0,No option has isCorrect=true,Unclassified
questions/07219d5b-74be-445f-9ad9-b6e1eb45308d.json,07219d5b-74be-445f-9ad9-b6e1eb45308d,published,true,true,1,Answerable (exactly one correct option),Community-based Paediatrics
questions/07344dc7-e795-4d71-9fb2-665f664185d0.json,07344dc7-e795-4d71-9fb2-665f664185d0,published,true,true,1,Answerable (exactly one correct option),Community-based Paediatrics
questions/0749a602-7d7e-4f1c-b894-99d7812358d3.json,0749a602-7d7e-4f1c-b894-99d7812358d3,published,true,true,1,Answerable (exactly one correct option),Adolescent Medicine
questions/078b25e5-419b-4eee-819f-fe6bd070ff18.json,078b25e5-419b-4eee-819f-fe6bd070ff18,published,true,true,1,Answerable (exactly one correct option),Community-based Paediatrics
questions/07d98f25-e109-4f72-9246-987cebb1bc33.json,07d98f25-e109-4f72-9246-987cebb1bc33,published,true,true,1,Answerable (exactly one correct option),Paediatric Surgery
questions/08325073-1de2-4c22-b460-aee674221c19.json,08325073-1de2-4c22-b460-aee674221c19,published,true,true,1,Answerable (exactly one correct option),General Paediatrics
questions/0891d5aa-d2be-4528-a66e-2554ca479df3.json,0891d5aa-d2be-4528-a66e-2554ca479df3,published,false,false,0,No option has isCorrect=true,Unclassified
questions/08946a6c-dbe0-4381-9548-ec44eaa3e04a.json,08946a6c-dbe0-4381-9548-ec44eaa3e04a,published,true,true,1,Answerable (exactly one correct option),Paediatric Surgery
questions/08c07908-cee4-4a16-a582-839fa170435b.json,08c07908-cee4-4a16-a582-839fa170435b,published,true,true,1,Answerable (exactly one correct option),Paediatric Surgery
questions/08d5bb66-31a8-4175-84ad-c9f1ef8d652c.json,08d5bb66-31a8-4175-84ad-c9f1ef8d652c,published,true,true,1,Answerable (exactly one correct option),General Paediatrics
questions/090204f2-f482-48f5-bb8f-a328c2e30957.json,090204f2-f482-48f5-bb8f-a328c2e30957,published,true,true,1,Answerable (exactly one correct option),Community-based Paediatrics
questions/0996a8a8-433e-4649-916e-16774238e4ec.json,0996a8a8-433e-4649-916e-16774238e4ec,published,false,true,1,Answerable (exactly one correct option),Unclassified
questions/09ac3049-c5b0-4f9b-b5f0-3523952d6e2b.json,09ac3049-c5b0-4f9b-b5f0-3523952d6e2b,published,false,true,1,Answerable (exactly one correct option),Unclassified
questions/09e31afe-ec09-4349-88ba-a2bdf3d40bf5.json,09e31afe-ec09-4349-88ba-a2bdf3d40bf5,published,true,true,1,Answerable (exactly one correct option),General Paediatrics
questions/0a482394-c14a-4112-b5c7-ebf0bdf72301.json,0a482394-c14a-4112-b5c7-ebf0bdf72301,published,true,true,1,Answerable (exactly one correct option),Emergency Paediatrics
questions/0aff5d67-098c-431c-b61d-0deff775dc19.json,0aff5d67-098c-431c-b61d-0deff775dc19,published,false,false,0,No option has isCorrect=true,Unclassified
questions/0b153494-ed3d-45ad-bcdb-e5f1fe9db438.json,0b153494-ed3d-45ad-bcdb-e5f1fe9db438,published,false,false,0,No option has isCorrect=true,Unclassified
questions/0b4a2d33-4b1e-46e1-95bb-cf9b4ecc648d.json,0b4a2d33-4b1e-46e1-95bb-cf9b4ecc648d,published,true,true,1,Answerable (exactly one correct option),General Paediatrics
questions/0b8b4d6e-773b-4584-849d-529ce5a68721.json,0b8b4d6e-773b-4584-849d-529ce5a68721,published,false,true,1,Answerable (exactly one correct option),Unclassified
questions/0b9ade53-8a80-4029-b7b0-2bdc4fa967ad.json,0b9ade53-8a80-4029-b7b0-2bdc4fa967ad,published,true,true,1,Answerable (exactly one correct option),General Paediatrics
questions/0c8bf192-398c-4215-b3e2-f57f34ba1ca7.json,0c8bf192-398c-4215-b3e2-f57f34ba1ca7,published,true,true,1,Answerable (exactly one correct option),Community-based Paediatrics
questions/0d2e3d5d-42cf-4e67-9365-d535ae05cda5.json,0d2e3d5d-42cf-4e67-9365-d535ae05cda5,published,true,true,1,Answerable (exactly one correct option),Paediatric Surgery
questions/0de4a127-04a8-44f6-a25a-b6382c4fccf2.json,0de4a127-04a8-44f6-a25a-b6382c4fccf2,published,true,true,1,Answerable (exactly one correct option),Emergency Paediatrics
questions/0ded2b7f-23b7-4eb8-9d2b-2df580dcbd76.json,0ded2b7f-23b7-4eb8-9d2b-2df580dcbd76,published,true,true,1,Answerable (exactly one correct option),Community-based Paediatrics
questions/0e71425c-0fc6-4cc2-b668-c1ae40183a07.json,0e71425c-0fc6-4cc2-b668-c1ae40183a07,published,true,true,1,Answerable (exactly one correct option),General Paediatrics
questions/0e788b33-5632-4858-870f-41efc5a3b18d.json,0e788b33-5632-4858-870f-41efc5a3b18d,published,true,true,1,Answerable (exactly one correct option),General Paediatrics
questions/0e9eac4b-9f4e-4d52-8563-a6d6413d9b30.json,0e9eac4b-9f4e-4d52-8563-a6d6413d9b30,published,true,true,1,Answerable (exactly one correct option),Paediatric Surgery
questions/0e9f0f43-0696-428a-b968-424ead3c0a4e.json,0e9f0f43-0696-428a-b968-424ead3c0a4e,published,true,true,1,Answerable (exactly one correct option),General Paediatrics
questions/0eb60d3d-1fc3-441d-aa9d-98ef14a8697d.json,0eb60d3d-1fc3-441d-aa9d-98ef14a8697d,published,true,true,1,Answerable (exactly one correct option),Adolescent Medicine
questions/0ebc1599-7a12-411f-84e9-724ec3531891.json,0ebc1599-7a12-411f-84e9-724ec3531891,published,false,true,1,Answerable (exactly one correct option),Unclassified
questions/0ee889d3-d10a-4765-9583-97ff856bf645.json,0ee889d3-d10a-4765-9583-97ff856bf645,published,false,true,1,Answerable (exactly one correct option),Unclassified
questions/0ef77d5e-81ff-4b8f-963e-94bd8d66052c.json,0ef77d5e-81ff-4b8f-963e-94bd8d66052c,published,true,true,1,Answerable (exactly one correct option),Emergency Paediatrics
questions/0f08e870-e3e3-4550-ba80-e48e87258aa9.json,0f08e870-e3e3-4550-ba80-e48e87258aa9,published,true,true,1,Answerable (exactly one correct option),General Paediatrics
questions/0f16ede8-83e0-458f-911b-559131ea5aad.json,0f16ede8-83e0-458f-911b-559131ea5aad,published,true,false,0,No option has isCorrect=true,Paediatric Sub-specialties
questions/0f2013a6-9b77-491e-8570-b7da23d5343c.json,0f2013a6-9b77-491e-8570-b7da23d5343c,published,false,false,0,No option has isCorrect=true,Unclassified
questions/0f826bb0-4c5d-49ca-b04e-2ca622957368.json,0f826bb0-4c5d-49ca-b04e-2ca622957368,published,true,true,1,Answerable (exactly one correct option),General Paediatrics
questions/106934c3-17cd-4ff5-9e5a-f060de3c1c96.json,106934c3-17cd-4ff5-9e5a-f060de3c1c96,published,true,true,1,Answerable (exactly one correct option),Paediatric Surgery
questions/10db2a36-2108-4c78-9433-297e02825e10.json,10db2a36-2108-4c78-9433-297e02825e10,published,true,false,0,No option has isCorrect=true,Emergency Paediatrics
questions/11166fdb-884c-4657-88bd-029c8017471e.json,11166fdb-884c-4657-88bd-029c8017471e,published,true,true,1,Answerable (exactly one correct option),Paediatric Surgery
questions/1174c60b-0fd2-4bec-a124-fbef3c6312a1.json,1174c60b-0fd2-4bec-a124-fbef3c6312a1,published,false,false,0,No option has isCorrect=true,Unclassified
questions/1182516d-8f6a-4d51-bc83-66acf6624c2b.json,1182516d-8f6a-4d51-bc83-66acf6624c2b,published,true,true,1,Answerable (exactly one correct option),General Paediatrics
questions/119b73ad-55a6-405b-9421-bc31510c7df3.json,119b73ad-55a6-405b-9421-bc31510c7df3,published,true,true,1,Answerable (exactly one correct option),General Paediatrics
questions/11c1c91f-c752-41a7-a943-4fe3971478c8.json,11c1c91f-c752-41a7-a943-4fe3971478c8,published,true,false,0,No option has isCorrect=true,Emergency Paediatrics
questions/11c496f6-2a74-4e75-aa5e-3e12f8b13e73.json,11c496f6-2a74-4e75-aa5e-3e12f8b13e73,published,true,true,1,Answerable (exactly one correct option),Paediatric Surgery
questions/11d07162-8046-4765-ad2f-6e7f3f22c58b.json,11d07162-8046-4765-ad2f-6e7f3f22c58b,published,true,true,1,Answerable (exactly one correct option),General Paediatrics
questions/11e0bbc1-e846-43ac-87ef-9a0084bb6a90.json,11e0bbc1-e846-43ac-87ef-9a0084bb6a90,published,true,true,1,Answerable (exactly one correct option),General Paediatrics
questions/12113178-0986-4312-9255-c76096f8c5d8.json,12113178-0986-4312-9255-c76096f8c5d8,published,true,true,1,Answerable (exactly one correct option),General Paediatrics
questions/12358eb4-de0a-43cc-a6c8-e7f67a657965.json,12358eb4-de0a-43cc-a6c8-e7f67a657965,published,true,true,1,Answerable (exactly one correct option),Paediatric Surgery
questions/12733798-ab35-442f-be78-f4b01b97b191.json,12733798-ab35-442f-be78-f4b01b97b191,published,true,true,1,Answerable (exactly one correct option),Paediatric Surgery
questions/135b6f2b-47f1-4a36-8e77-f453e2fd3340.json,135b6f2b-47f1-4a36-8e77-f453e2fd3340,published,true,true,1,Answerable (exactly one correct option),General Paediatrics
questions/13a59355-5c02-4f2a-b174-ea51ee0c29c7.json,13a59355-5c02-4f2a-b174-ea51ee0c29c7,published,true,true,1,Answerable (exactly one correct option),General Paediatrics
questions/13e2c145-73c1-45aa-bbd6-479c1b05377b.json,13e2c145-73c1-45aa-bbd6-479c1b05377b,published,true,true,1,Answerable (exactly one correct option),General Paediatrics
questions/14948d27-378e-46b1-8053-0dad8eef6e15.json,14948d27-378e-46b1-8053-0dad8eef6e15,published,true,true,1,Answerable (exactly one correct option),General Paediatrics
questions/14aa2750-c4ac-4aa2-9500-09a36c407892.json,14aa2750-c4ac-4aa2-9500-09a36c407892,published,false,true,1,Answerable (exactly one correct option),Unclassified
questions/14c80c11-bffb-49bc-8dba-34952a82732b.json,14c80c11-bffb-49bc-8dba-34952a82732b,published,true,true,1,Answerable (exactly one correct option),General Paediatrics
questions/14d77d8a-42e8-45e5-9ebd-4b6e419a8387.json,14d77d8a-42e8-45e5-9ebd-4b6e419a8387,published,true,true,1,Answerable (exactly one correct option),Adolescent Medicine
questions/14d7919c-6e66-4e94-950d-a20cacfc77f8.json,14d7919c-6e66-4e94-950d-a20cacfc77f8,published,true,true,1,Answerable (exactly one correct option),Community-based Paediatrics
questions/14ecc84e-448f-43e7-bb09-6cff47e89b18.json,14ecc84e-448f-43e7-bb09-6cff47e89b18,published,false,true,1,Answerable (exactly one correct option),Unclassified
questions/15be61de-14a3-4f4f-9fdc-06c9c8bc780b.json,15be61de-14a3-4f4f-9fdc-06c9c8bc780b,published,true,true,1,Answerable (exactly one correct option),General Paediatrics
questions/15e8daf2-c79c-49d2-9fcd-2bd4bec73da2.json,15e8daf2-c79c-49d2-9fcd-2bd4bec73da2,published,true,true,1,Answerable (exactly one correct option),General Paediatrics
questions/165e8ffd-c503-4cc2-9972-986361d33484.json,165e8ffd-c503-4cc2-9972-986361d33484,published,true,true,1,Answerable (exactly one correct option),Community-based Paediatrics
questions/1698abdf-9fd2-4e3e-a2e3-55a9ae91ee86.json,1698abdf-9fd2-4e3e-a2e3-55a9ae91ee86,published,true,true,1,Answerable (exactly one correct option),Emergency Paediatrics
questions/16bbf485-ddfe-4ef6-ae5a-bbfffdad3f69.json,16bbf485-ddfe-4ef6-ae5a-bbfffdad3f69,published,true,true,1,Answerable (exactly one correct option),Community-based Paediatrics
questions/16ddb41b-5b89-44f9-a4f8-0a125f11d40c.json,16ddb41b-5b89-44f9-a4f8-0a125f11d40c,published,true,true,1,Answerable (exactly one correct option),General Paediatrics
questions/16e5e63b-fdd2-46cf-9f00-145961a72403.json,16e5e63b-fdd2-46cf-9f00-145961a72403,published,true,true,1,Answerable (exactly one correct option),Emergency Paediatrics
questions/175d620c-bb2f-43a5-94c4-c103261652c8.json,175d620c-bb2f-43a5-94c4-c103261652c8,published,true,true,1,Answerable (exactly one correct option),General Paediatrics
questions/176738b0-31bc-4219-a838-0a42f0c2d752.json,176738b0-31bc-4219-a838-0a42f0c2d752,published,false,true,1,Answerable (exactly one correct option),Unclassified
questions/17af322e-eb97-46d9-a9d2-fad9976e2ec8.json,17af322e-eb97-46d9-a9d2-fad9976e2ec8,published,true,true,1,Answerable (exactly one correct option),Community-based Paediatrics
questions/17e3b467-8159-45c9-b95f-704ca77c049b.json,17e3b467-8159-45c9-b95f-704ca77c049b,published,false,false,0,No option has isCorrect=true,Unclassified
questions/184a9116-0ea3-49b5-bb5c-37f6dc3c49ea.json,184a9116-0ea3-49b5-bb5c-37f6dc3c49ea,published,true,true,1,Answerable (exactly one correct option),General Paediatrics
questions/1870d4cd-eeb5-4694-8f5b-1877e6f749d3.json,1870d4cd-eeb5-4694-8f5b-1877e6f749d3,published,false,false,0,No option has isCorrect=true,Unclassified
questions/18c82304-8215-4b37-93e0-021bbb1dc647.json,18c82304-8215-4b37-93e0-021bbb1dc647,published,true,false,0,No option has isCorrect=true,Emergency Paediatrics
questions/18d3d4e7-967f-4653-bec5-9e9da6e3cb4c.json,18d3d4e7-967f-4653-bec5-9e9da6e3cb4c,published,true,true,1,Answerable (exactly one correct option),General Paediatrics
questions/18e17808-3ea6-42a6-9334-e615fb8017b5.json,18e17808-3ea6-42a6-9334-e615fb8017b5,published,true,true,1,Answerable (exactly one correct option),Paediatric Surgery
questions/18e95833-476e-4a08-9249-e993a5374ed1.json,18e95833-476e-4a08-9249-e993a5374ed1,published,false,false,0,No option has isCorrect=true,Unclassified
questions/18f403fb-d277-48e5-a9e9-f31eeb6e8bf8.json,18f403fb-d277-48e5-a9e9-f31eeb6e8bf8,published,false,false,0,No option has isCorrect=true,Unclassified
questions/19388ca6-afea-4604-bfc2-0d7c0f6f04b8.json,19388ca6-afea-4604-bfc2-0d7c0f6f04b8,published,false,false,0,No option has isCorrect=true,Unclassified
questions/19397ebe-b9eb-49ed-ba72-d5ab0ae74515.json,19397ebe-b9eb-49ed-ba72-d5ab0ae74515,published,true,false,0,No option has isCorrect=true,Emergency Paediatrics
questions/197fcba6-ffe6-4ae2-b0b5-ee83509cba8b.json,197fcba6-ffe6-4ae2-b0b5-ee83509cba8b,published,false,true,1,Answerable (exactly one correct option),Unclassified
questions/19fb81fa-d767-4225-9ae4-8406889e6e4c.json,19fb81fa-d767-4225-9ae4-8406889e6e4c,published,true,true,1,Answerable (exactly one correct option),General Paediatrics
questions/1a0f28d0-1e8e-45bf-8d6e-095bd8a28d83.json,1a0f28d0-1e8e-45bf-8d6e-095bd8a28d83,published,false,true,1,Answerable (exactly one correct option),Unclassified
questions/1a762751-82c3-42f5-8f53-14ef69988872.json,1a762751-82c3-42f5-8f53-14ef69988872,published,true,true,1,Answerable (exactly one correct option),General Paediatrics
questions/1ac68ed8-9c4c-4fb5-bb2c-10eb5528e673.json,1ac68ed8-9c4c-4fb5-bb2c-10eb5528e673,published,true,true,1,Answerable (exactly one correct option),Paediatric Surgery
questions/1ac979cc-8f62-40e5-8ac1-43df305c3b76.json,1ac979cc-8f62-40e5-8ac1-43df305c3b76,published,false,false,0,No option has isCorrect=true,Unclassified
questions/1ae95d28-2468-431b-9338-d4d5b3b80443.json,1ae95d28-2468-431b-9338-d4d5b3b80443,published,true,true,1,Answerable (exactly one correct option),General Paediatrics
questions/1b1362c5-a0da-4fd6-97c6-8faeae92cab5.json,1b1362c5-a0da-4fd6-97c6-8faeae92cab5,published,true,true,1,Answerable (exactly one correct option),Adolescent Medicine
questions/1b3cb28a-fa6a-4a3a-ac00-86037f46b100.json,1b3cb28a-fa6a-4a3a-ac00-86037f46b100,published,true,true,1,Answerable (exactly one correct option),Emergency Paediatrics
questions/1b77a4a0-a725-4d9e-b35a-cb638833c841.json,1b77a4a0-a725-4d9e-b35a-cb638833c841,published,true,true,1,Answerable (exactly one correct option),General Paediatrics
questions/1be61753-18a6-47cc-8440-fb9c2947a304.json,1be61753-18a6-47cc-8440-fb9c2947a304,published,true,true,1,Answerable (exactly one correct option),Emergency Paediatrics
questions/1bf75886-0c7c-42d8-8a26-9b00542b3ff3.json,1bf75886-0c7c-42d8-8a26-9b00542b3ff3,published,true,false,0,No option has isCorrect=true,General Paediatrics
questions/1c0a7504-2fdd-4e8b-9e3b-460938861be8.json,1c0a7504-2fdd-4e8b-9e3b-460938861be8,published,true,false,0,No option has isCorrect=true,Paediatric Sub-specialties
questions/1cb61378-a15d-4144-806e-ee0acd283fde.json,1cb61378-a15d-4144-806e-ee0acd283fde,published,true,true,1,Answerable (exactly one correct option),General Paediatrics
questions/1cc00549-c2ef-4bbf-87fe-3aa9917dc193.json,1cc00549-c2ef-4bbf-87fe-3aa9917dc193,published,true,true,1,Answerable (exactly one correct option),Emergency Paediatrics
questions/1ce8362a-7177-4f39-bbdb-5becec79097b.json,1ce8362a-7177-4f39-bbdb-5becec79097b,published,true,true,1,Answerable (exactly one correct option),General Paediatrics
questions/1d57d20b-4630-4e98-b926-dc5ee943c6ba.json,1d57d20b-4630-4e98-b926-dc5ee943c6ba,published,true,true,1,Answerable (exactly one correct option),Paediatric Surgery
questions/1e3b79f6-26ff-4e61-b673-a4c3d5a07dbb.json,1e3b79f6-26ff-4e61-b673-a4c3d5a07dbb,published,true,true,1,Answerable (exactly one correct option),General Paediatrics
questions/1e5f7cd7-703f-4945-8c41-f45e68eb4429.json,1e5f7cd7-703f-4945-8c41-f45e68eb4429,published,true,true,1,Answerable (exactly one correct option),General Paediatrics
questions/1effa773-c74d-44cb-8e6f-4a3eb78f0663.json,1effa773-c74d-44cb-8e6f-4a3eb78f0663,published,true,true,1,Answerable (exactly one correct option),General Paediatrics
questions/1f241386-ed53-4c1e-a401-f0943c00944a.json,1f241386-ed53-4c1e-a401-f0943c00944a,published,false,false,0,No option has isCorrect=true,Unclassified
questions/1f410602-df7d-4c1f-8f8c-3da5f33dc62b.json,1f410602-df7d-4c1f-8f8c-3da5f33dc62b,published,true,true,1,Answerable (exactly one correct option),General Paediatrics
questions/1f85e703-a7ef-4e8e-8a3f-376bb7cd5103.json,1f85e703-a7ef-4e8e-8a3f-376bb7cd5103,published,true,true,1,Answerable (exactly one correct option),General Paediatrics
questions/1fc5cf85-53a0-4d99-b1db-996790c139a5.json,1fc5cf85-53a0-4d99-b1db-996790c139a5,published,true,true,1,Answerable (exactly one correct option),Emergency Paediatrics
questions/200df83d-ac25-42e3-8599-14b4bfc11df9.json,200df83d-ac25-42e3-8599-14b4bfc11df9,published,true,true,1,Answerable (exactly one correct option),Community-based Paediatrics
questions/2063be61-1dba-442f-ae7f-1c976ff41bc4.json,2063be61-1dba-442f-ae7f-1c976ff41bc4,published,false,true,1,Answerable (exactly one correct option),Unclassified
questions/206ca0d7-0d8c-4d91-8c1d-213587e68a6e.json,206ca0d7-0d8c-4d91-8c1d-213587e68a6e,published,true,true,1,Answerable (exactly one correct option),General Paediatrics
questions/207a7b12-484c-47d0-b9c2-f8d7bf3391a0.json,207a7b12-484c-47d0-b9c2-f8d7bf3391a0,published,true,true,1,Answerable (exactly one correct option),General Paediatrics
questions/209ad875-d29a-4fa8-861a-6e2d47afe410.json,209ad875-d29a-4fa8-861a-6e2d47afe410,published,false,true,1,Answerable (exactly one correct option),Unclassified
questions/20f2aee8-eb4a-476c-adca-71fb215e5a90.json,20f2aee8-eb4a-476c-adca-71fb215e5a90,published,false,true,1,Answerable (exactly one correct option),Unclassified
questions/21587e72-0f2f-4632-a770-9aa744f3dd9d.json,21587e72-0f2f-4632-a770-9aa744f3dd9d,published,false,true,1,Answerable (exactly one correct option),Unclassified
questions/219229cf-ef6c-464c-a815-aa323b4946c2.json,219229cf-ef6c-464c-a815-aa323b4946c2,published,true,true,1,Answerable (exactly one correct option),General Paediatrics
questions/21ccb79a-68b2-4017-80e1-91f992b4ac95.json,21ccb79a-68b2-4017-80e1-91f992b4ac95,published,true,true,1,Answerable (exactly one correct option),Community-based Paediatrics
questions/21df3d2e-ef7b-4b91-89af-2955e5476fbe.json,21df3d2e-ef7b-4b91-89af-2955e5476fbe,published,true,true,1,Answerable (exactly one correct option),General Paediatrics
questions/227398cb-3df4-4967-bed1-da59a1fdf9dd.json,227398cb-3df4-4967-bed1-da59a1fdf9dd,published,true,true,1,Answerable (exactly one correct option),Emergency Paediatrics
questions/228fb4a8-d7b2-4de5-ac15-15e3fa0e28e5.json,228fb4a8-d7b2-4de5-ac15-15e3fa0e28e5,published,true,true,1,Answerable (exactly one correct option),General Paediatrics
questions/22e461fb-887a-4b67-9173-d3e3bf77802e.json,22e461fb-887a-4b67-9173-d3e3bf77802e,published,true,false,0,No option has isCorrect=true,Emergency Paediatrics
questions/23550e93-4324-4082-ad66-65a1da6e5b2b.json,23550e93-4324-4082-ad66-65a1da6e5b2b,published,false,true,1,Answerable (exactly one correct option),Unclassified
questions/2378f7a7-0f7a-43b2-9bbe-ea899d6dcca4.json,2378f7a7-0f7a-43b2-9bbe-ea899d6dcca4,published,true,true,1,Answerable (exactly one correct option),Emergency Paediatrics
questions/23843fb5-45cc-4d0a-bd2d-a3137dbc1661.json,23843fb5-45cc-4d0a-bd2d-a3137dbc1661,published,true,true,1,Answerable (exactly one correct option),General Paediatrics
questions/23c1f740-533d-4a27-a231-8ff93b589fca.json,23c1f740-533d-4a27-a231-8ff93b589fca,published,true,true,1,Answerable (exactly one correct option),Emergency Paediatrics
questions/23f0855a-cf5d-4d6e-8767-a34d5b9e4043.json,23f0855a-cf5d-4d6e-8767-a34d5b9e4043,published,true,true,1,Answerable (exactly one correct option),General Paediatrics
questions/2489d11f-fbc0-488c-819b-49121337e356.json,2489d11f-fbc0-488c-819b-49121337e356,published,false,false,0,No option has isCorrect=true,Unclassified
questions/24c575d3-4d56-43fa-ba59-7ec8a7cc47cf.json,24c575d3-4d56-43fa-ba59-7ec8a7cc47cf,published,true,true,1,Answerable (exactly one correct option),Paediatric Surgery
questions/24c974dd-1058-4ecf-bf3b-70fa70fd33eb.json,24c974dd-1058-4ecf-bf3b-70fa70fd33eb,published,true,true,1,Answerable (exactly one correct option),General Paediatrics
questions/24cb87fa-29f1-42a0-bf1a-2be57a1f24aa.json,24cb87fa-29f1-42a0-bf1a-2be57a1f24aa,published,false,false,0,No option has isCorrect=true,Unclassified
questions/2575cad2-5a0e-4e56-a23d-1f3858f315bd.json,2575cad2-5a0e-4e56-a23d-1f3858f315bd,published,true,true,1,Answerable (exactly one correct option),Emergency Paediatrics
questions/25c80bba-f6c3-46a8-b2d3-e45baf2cc279.json,25c80bba-f6c3-46a8-b2d3-e45baf2cc279,published,true,true,1,Answerable (exactly one correct option),General Paediatrics
questions/25f4a973-f45b-41dc-873f-64ce02a14764.json,25f4a973-f45b-41dc-873f-64ce02a14764,published,false,false,0,No option has isCorrect=true,Unclassified
questions/25f5e5a8-3a78-4c7e-a870-a7bc21326ce3.json,25f5e5a8-3a78-4c7e-a870-a7bc21326ce3,published,false,true,1,Answerable (exactly one correct option),Unclassified
questions/26d72115-dbec-4b4a-a362-f75ecdc5b62a.json,26d72115-dbec-4b4a-a362-f75ecdc5b62a,published,true,true,1,Answerable (exactly one correct option),General Paediatrics
questions/2717c3dd-3554-450a-89cd-387202cfd064.json,2717c3dd-3554-450a-89cd-387202cfd064,published,false,true,1,Answerable (exactly one correct option),Unclassified
questions/272896a3-59f3-435f-a512-0a3b21400481.json,272896a3-59f3-435f-a512-0a3b21400481,published,true,true,1,Answerable (exactly one correct option),General Paediatrics
questions/2739ab1b-5855-41bb-8796-3f2ac40be866.json,2739ab1b-5855-41bb-8796-3f2ac40be866,published,true,true,1,Answerable (exactly one correct option),General Paediatrics
questions/276252b5-88df-4f80-98a0-0abcef88cedf.json,276252b5-88df-4f80-98a0-0abcef88cedf,published,true,true,1,Answerable (exactly one correct option),Emergency Paediatrics
questions/278d86d5-728d-4401-a2b5-2278c9a2489e.json,278d86d5-728d-4401-a2b5-2278c9a2489e,published,true,true,1,Answerable (exactly one correct option),Community-based Paediatrics
questions/2802cbfd-20d2-4bcc-ab8f-9a929cd2bb4b.json,2802cbfd-20d2-4bcc-ab8f-9a929cd2bb4b,published,false,true,1,Answerable (exactly one correct option),Unclassified
questions/283274e3-6f3b-4507-b25d-7207c8f7bd71.json,283274e3-6f3b-4507-b25d-7207c8f7bd71,published,true,true,1,Answerable (exactly one correct option),Adolescent Medicine
questions/288e8aac-d00a-4891-ba69-d1ef1584caa4.json,288e8aac-d00a-4891-ba69-d1ef1584caa4,published,true,true,1,Answerable (exactly one correct option),General Paediatrics
questions/28996322-0d43-435d-ac92-8090cabd5a50.json,28996322-0d43-435d-ac92-8090cabd5a50,published,false,false,0,No option has isCorrect=true,Unclassified
questions/28b27e2c-9d6b-4335-862d-dba17fe971b0.json,28b27e2c-9d6b-4335-862d-dba17fe971b0,published,true,true,1,Answerable (exactly one correct option),Emergency Paediatrics
questions/2982b3ae-3223-4b21-8d2f-350dd80c4886.json,2982b3ae-3223-4b21-8d2f-350dd80c4886,published,true,true,1,Answerable (exactly one correct option),General Paediatrics
questions/298aa21d-9896-4bd6-acfc-f540464bb1ea.json,298aa21d-9896-4bd6-acfc-f540464bb1ea,published,true,true,1,Answerable (exactly one correct option),Paediatric Surgery
questions/29f03ec6-cf6d-40c3-afa9-fbd4c5d06a47.json,29f03ec6-cf6d-40c3-afa9-fbd4c5d06a47,published,true,true,1,Answerable (exactly one correct option),General Paediatrics
questions/2a291876-23aa-4223-8767-9f9e5d6b0935.json,2a291876-23aa-4223-8767-9f9e5d6b0935,published,true,false,0,No option has isCorrect=true,Emergency Paediatrics
questions/2a6fc101-4e3b-481a-bb63-c5db8fdd7251.json,2a6fc101-4e3b-481a-bb63-c5db8fdd7251,published,true,true,1,Answerable (exactly one correct option),General Paediatrics
questions/2abc4c9e-53e0-4ad0-a51d-f1d64b3070b5.json,2abc4c9e-53e0-4ad0-a51d-f1d64b3070b5,published,true,true,1,Answerable (exactly one correct option),General Paediatrics
questions/2b353616-c5f0-49de-ba00-addb4f63823d.json,2b353616-c5f0-49de-ba00-addb4f63823d,published,true,true,1,Answerable (exactly one correct option),Adolescent Medicine
questions/2b94dd7b-0412-4766-b022-3368677ad06e.json,2b94dd7b-0412-4766-b022-3368677ad06e,published,true,true,1,Answerable (exactly one correct option),General Paediatrics
questions/2b96ede0-c175-4ab8-aeb9-6bcc16d57291.json,2b96ede0-c175-4ab8-aeb9-6bcc16d57291,published,false,true,1,Answerable (exactly one correct option),Unclassified
questions/2bb24800-8c5c-4628-811c-822e6270038c.json,2bb24800-8c5c-4628-811c-822e6270038c,published,true,true,1,Answerable (exactly one correct option),General Paediatrics
questions/2bc76ef1-bbfd-47e1-85af-39e18f1b6c2a.json,2bc76ef1-bbfd-47e1-85af-39e18f1b6c2a,published,true,true,1,Answerable (exactly one correct option),General Paediatrics
questions/2bf94879-1d55-4dde-89a8-0da50f9ed588.json,2bf94879-1d55-4dde-89a8-0da50f9ed588,published,true,true,1,Answerable (exactly one correct option),General Paediatrics
questions/2c0f472a-a831-4d1b-b8a9-4d7a36134153.json,2c0f472a-a831-4d1b-b8a9-4d7a36134153,published,false,true,1,Answerable (exactly one correct option),Unclassified
questions/2c12ec94-5763-4265-a09c-a9ec82f5cb46.json,2c12ec94-5763-4265-a09c-a9ec82f5cb46,published,true,true,1,Answerable (exactly one correct option),General Paediatrics
questions/2c664a4f-82aa-492c-886d-8ace9bf8245e.json,2c664a4f-82aa-492c-886d-8ace9bf8245e,published,true,true,1,Answerable (exactly one correct option),Adolescent Medicine
questions/2c95b1a5-852c-42f1-8d22-a696dabf17e3.json,2c95b1a5-852c-42f1-8d22-a696dabf17e3,published,true,false,0,No option has isCorrect=true,Paediatric Surgery
questions/2cbe9010-ffc1-4589-ac7b-523cbdd2572b.json,2cbe9010-ffc1-4589-ac7b-523cbdd2572b,published,true,true,1,Answerable (exactly one correct option),Emergency Paediatrics
questions/2cc1217e-b7f5-4a57-aabc-5f3bd3f7e902.json,2cc1217e-b7f5-4a57-aabc-5f3bd3f7e902,published,true,true,1,Answerable (exactly one correct option),General Paediatrics
questions/2d1bdc03-b06e-47e4-8c19-08486e9e7e05.json,2d1bdc03-b06e-47e4-8c19-08486e9e7e05,published,true,true,1,Answerable (exactly one correct option),General Paediatrics
questions/2d1e23fa-aef0-4712-98cc-80fce7dee4a5.json,2d1e23fa-aef0-4712-98cc-80fce7dee4a5,published,true,true,1,Answerable (exactly one correct option),Paediatric Surgery
questions/2d1f4f85-8ed8-41f3-a6f2-818886582e7a.json,2d1f4f85-8ed8-41f3-a6f2-818886582e7a,published,true,true,1,Answerable (exactly one correct option),Adolescent Medicine
questions/2d56cfba-8d4b-422e-9380-4507ee4a4213.json,2d56cfba-8d4b-422e-9380-4507ee4a4213,published,true,false,0,No option has isCorrect=true,Emergency Paediatrics
questions/2d5ca55b-2fec-4a2c-9e7f-c162199d0deb.json,2d5ca55b-2fec-4a2c-9e7f-c162199d0deb,published,false,true,1,Answerable (exactly one correct option),Unclassified
questions/2d6050ee-411d-4c1a-9b48-e98c2edc3549.json,2d6050ee-411d-4c1a-9b48-e98c2edc3549,published,true,true,1,Answerable (exactly one correct option),Community-based Paediatrics
questions/2d892442-f03a-4a80-a5b8-4b730c420a7f.json,2d892442-f03a-4a80-a5b8-4b730c420a7f,published,true,true,1,Answerable (exactly one correct option),General Paediatrics
questions/2d89622a-76e0-4263-8941-6b39a951576c.json,2d89622a-76e0-4263-8941-6b39a951576c,published,true,true,1,Answerable (exactly one correct option),General Paediatrics
questions/2e582187-d8bc-4e18-bd8f-5e1f3c2acaa6.json,2e582187-d8bc-4e18-bd8f-5e1f3c2acaa6,published,false,false,0,No option has isCorrect=true,Unclassified
questions/2e7f7d82-0526-41f6-8c65-fad46a0b4489.json,2e7f7d82-0526-41f6-8c65-fad46a0b4489,published,false,false,0,No option has isCorrect=true,Unclassified
questions/2e9e0a66-e56c-43b9-863e-1a1e3d3e2b9d.json,2e9e0a66-e56c-43b9-863e-1a1e3d3e2b9d,published,false,true,1,Answerable (exactly one correct option),Unclassified
questions/2f20e603-94e9-4dfd-b021-22e928b39e49.json,2f20e603-94e9-4dfd-b021-22e928b39e49,published,false,true,1,Answerable (exactly one correct option),Unclassified
questions/2f7e7450-0fd1-4f6d-950b-7c391de99464.json,2f7e7450-0fd1-4f6d-950b-7c391de99464,published,true,true,1,Answerable (exactly one correct option),Paediatric Surgery
questions/2fab40c0-2a49-4d77-9f5c-d347a6c953e4.json,2fab40c0-2a49-4d77-9f5c-d347a6c953e4,published,false,false,0,No option has isCorrect=true,Unclassified
questions/2fb73b59-f264-4971-bdf6-253b11ce3a6e.json,2fb73b59-f264-4971-bdf6-253b11ce3a6e,published,true,true,1,Answerable (exactly one correct option),General Paediatrics
questions/300d1e8a-2660-42b5-8348-c1b4c362d2bc.json,300d1e8a-2660-42b5-8348-c1b4c362d2bc,published,true,true,1,Answerable (exactly one correct option),General Paediatrics
questions/304bf056-b2e8-4483-8870-b96492b44bb0.json,304bf056-b2e8-4483-8870-b96492b44bb0,published,true,true,1,Answerable (exactly one correct option),General Paediatrics
questions/3097ede2-069e-488c-a7ff-5ef33d6ddb8a.json,3097ede2-069e-488c-a7ff-5ef33d6ddb8a,published,true,true,1,Answerable (exactly one correct option),Paediatric Surgery
questions/31535ede-f3b0-4415-8d07-7b1ebbc0a144.json,31535ede-f3b0-4415-8d07-7b1ebbc0a144,published,true,true,1,Answerable (exactly one correct option),Adolescent Medicine
questions/3157746c-1bbd-45a4-8f6e-0b09d4350283.json,3157746c-1bbd-45a4-8f6e-0b09d4350283,published,true,true,1,Answerable (exactly one correct option),Paediatric Surgery
questions/315f0156-671c-4f82-a4ab-0a0938bedb0a.json,315f0156-671c-4f82-a4ab-0a0938bedb0a,published,true,true,1,Answerable (exactly one correct option),Emergency Paediatrics
questions/31b0d30e-0701-4c3f-8b2b-feec765300f8.json,31b0d30e-0701-4c3f-8b2b-feec765300f8,published,false,true,1,Answerable (exactly one correct option),Unclassified
questions/31b3dbd4-a542-44b7-8ae2-abbbe9b44176.json,31b3dbd4-a542-44b7-8ae2-abbbe9b44176,published,false,true,1,Answerable (exactly one correct option),Unclassified
questions/31d7644a-d7ff-493c-8eb1-a0a01307d076.json,31d7644a-d7ff-493c-8eb1-a0a01307d076,published,true,true,1,Answerable (exactly one correct option),General Paediatrics
questions/322ed2cd-cff2-4baa-a528-79494d7f90c6.json,322ed2cd-cff2-4baa-a528-79494d7f90c6,published,true,true,1,Answerable (exactly one correct option),Paediatric Surgery
questions/325060de-de5d-4954-aa4d-90e075888daa.json,325060de-de5d-4954-aa4d-90e075888daa,published,false,true,1,Answerable (exactly one correct option),Unclassified
questions/325cbd03-9e2f-4113-b498-1e2ad291b0e7.json,325cbd03-9e2f-4113-b498-1e2ad291b0e7,published,false,false,0,No option has isCorrect=true,Unclassified
questions/32be2ee1-3c8b-49ff-8aa3-f23394b01ccc.json,32be2ee1-3c8b-49ff-8aa3-f23394b01ccc,published,true,true,1,Answerable (exactly one correct option),General Paediatrics
questions/32c056a7-a0c3-4996-a075-0ecf78fe8fed.json,32c056a7-a0c3-4996-a075-0ecf78fe8fed,published,false,true,1,Answerable (exactly one correct option),Unclassified
questions/3322d2d7-61a3-44f0-ac28-fc727323ce48.json,3322d2d7-61a3-44f0-ac28-fc727323ce48,published,false,true,1,Answerable (exactly one correct option),Unclassified
questions/33260907-4ef0-40e9-9ea6-733d12ce6a71.json,33260907-4ef0-40e9-9ea6-733d12ce6a71,published,true,true,1,Answerable (exactly one correct option),General Paediatrics
questions/33667771-6548-4eea-bf26-fd96c0e5e9a5.json,33667771-6548-4eea-bf26-fd96c0e5e9a5,published,true,true,1,Answerable (exactly one correct option),Paediatric Surgery
questions/339ef308-96b9-4bc3-a044-558206b4e2f5.json,339ef308-96b9-4bc3-a044-558206b4e2f5,published,true,true,1,Answerable (exactly one correct option),General Paediatrics
questions/33d0b364-ac4f-4932-ba41-05e71626a3f7.json,33d0b364-ac4f-4932-ba41-05e71626a3f7,published,false,false,0,No option has isCorrect=true,Unclassified
questions/342819c2-640e-488b-8192-f7faa7d8e2c5.json,342819c2-640e-488b-8192-f7faa7d8e2c5,published,true,true,1,Answerable (exactly one correct option),General Paediatrics
questions/34690a0f-b5da-4293-b245-88537dd38de1.json,34690a0f-b5da-4293-b245-88537dd38de1,published,true,true,1,Answerable (exactly one correct option),General Paediatrics
questions/34b1a033-fe00-4c4b-b080-9a1f715afbc7.json,34b1a033-fe00-4c4b-b080-9a1f715afbc7,published,true,true,1,Answerable (exactly one correct option),Paediatric Surgery
questions/34ec32a2-37e2-482d-981c-86a5a4827492.json,34ec32a2-37e2-482d-981c-86a5a4827492,published,true,true,1,Answerable (exactly one correct option),General Paediatrics
questions/3563abce-5827-44eb-91ee-03faafdab23e.json,3563abce-5827-44eb-91ee-03faafdab23e,published,true,true,1,Answerable (exactly one correct option),General Paediatrics
questions/3569ab26-f7ec-4240-bac6-c51b4a5a2f0a.json,3569ab26-f7ec-4240-bac6-c51b4a5a2f0a,published,true,true,1,Answerable (exactly one correct option),Community-based Paediatrics
questions/35e1abb4-05ff-4a71-b789-24c325396c46.json,35e1abb4-05ff-4a71-b789-24c325396c46,published,true,true,1,Answerable (exactly one correct option),General Paediatrics
questions/35f3a69c-2f2f-4b8b-9b8a-0ab8262376db.json,35f3a69c-2f2f-4b8b-9b8a-0ab8262376db,published,true,true,1,Answerable (exactly one correct option),Emergency Paediatrics
questions/366f17ed-1cdf-4c27-8d3f-3709e90d5d50.json,366f17ed-1cdf-4c27-8d3f-3709e90d5d50,published,true,true,1,Answerable (exactly one correct option),Emergency Paediatrics
questions/3680bd2b-8d67-4ab1-9a3e-ce6f357729f6.json,3680bd2b-8d67-4ab1-9a3e-ce6f357729f6,published,true,true,1,Answerable (exactly one correct option),Emergency Paediatrics
questions/3729f02b-008a-4003-85bf-f3601a8dd630.json,3729f02b-008a-4003-85bf-f3601a8dd630,published,false,true,1,Answerable (exactly one correct option),Unclassified
questions/3734c6f9-ea2b-4d7a-a28f-5b7c52b37ff1.json,3734c6f9-ea2b-4d7a-a28f-5b7c52b37ff1,published,true,true,1,Answerable (exactly one correct option),Adolescent Medicine
questions/3777f824-f50d-4200-880c-2fd81cace663.json,3777f824-f50d-4200-880c-2fd81cace663,published,true,true,1,Answerable (exactly one correct option),General Paediatrics
questions/37a85910-e5c3-45ae-80c6-28de430d9573.json,37a85910-e5c3-45ae-80c6-28de430d9573,published,false,true,1,Answerable (exactly one correct option),Unclassified
questions/37e767e9-47fa-435c-ac3c-a2174f43b7b3.json,37e767e9-47fa-435c-ac3c-a2174f43b7b3,published,true,true,1,Answerable (exactly one correct option),General Paediatrics
questions/37ed728a-effa-437b-91b3-c86b3ddee08f.json,37ed728a-effa-437b-91b3-c86b3ddee08f,published,false,false,0,No option has isCorrect=true,Unclassified
questions/385d88bf-d65d-4937-baf2-70a1c5219eaa.json,385d88bf-d65d-4937-baf2-70a1c5219eaa,published,true,true,1,Answerable (exactly one correct option),General Paediatrics
questions/3908838a-83e0-42e7-b51e-6bb4a05fc173.json,3908838a-83e0-42e7-b51e-6bb4a05fc173,published,true,false,0,No option has isCorrect=true,General Paediatrics
questions/391e028b-fd09-4f1f-b56d-b960afac8d08.json,391e028b-fd09-4f1f-b56d-b960afac8d08,published,true,true,1,Answerable (exactly one correct option),General Paediatrics
questions/39ba1032-7c97-4bb7-8725-03091942bef8.json,39ba1032-7c97-4bb7-8725-03091942bef8,published,false,false,0,No option has isCorrect=true,Unclassified
questions/39d54f02-115c-41ea-8af8-a4deff322748.json,39d54f02-115c-41ea-8af8-a4deff322748,published,true,true,1,Answerable (exactly one correct option),General Paediatrics
questions/3a1bcd0f-3bc1-4ea5-a495-d2d19b8df4a6.json,3a1bcd0f-3bc1-4ea5-a495-d2d19b8df4a6,published,false,true,1,Answerable (exactly one correct option),Unclassified
questions/3a253580-4ad3-4c1c-8125-5100de414f17.json,3a253580-4ad3-4c1c-8125-5100de414f17,published,true,true,1,Answerable (exactly one correct option),General Paediatrics
questions/3a5953be-c1ee-43af-a870-761e2a3623f2.json,3a5953be-c1ee-43af-a870-761e2a3623f2,published,true,true,1,Answerable (exactly one correct option),General Paediatrics
questions/3a687865-72a8-44fb-8301-2c0ab55194cf.json,3a687865-72a8-44fb-8301-2c0ab55194cf,published,false,true,1,Answerable (exactly one correct option),Unclassified
questions/3a932ebf-2917-4161-b4eb-628e0e46194d.json,3a932ebf-2917-4161-b4eb-628e0e46194d,published,false,false,0,No option has isCorrect=true,Unclassified
questions/3ace41b5-429f-41a0-bc50-2f66db2b66b1.json,3ace41b5-429f-41a0-bc50-2f66db2b66b1,published,false,false,0,No option has isCorrect=true,Unclassified
questions/3af93de1-6d29-412e-90c6-1298355fdb65.json,3af93de1-6d29-412e-90c6-1298355fdb65,published,true,true,1,Answerable (exactly one correct option),General Paediatrics
questions/3b08fcf3-6bfc-4d04-896f-ea58635fc713.json,3b08fcf3-6bfc-4d04-896f-ea58635fc713,published,true,false,0,No option has isCorrect=true,Paediatric Surgery
questions/3b77a78a-8397-4901-af80-bd2b2d777b91.json,3b77a78a-8397-4901-af80-bd2b2d777b91,published,true,true,1,Answerable (exactly one correct option),Paediatric Surgery
questions/3bc3adff-3067-447f-9a61-5bfd03be3536.json,3bc3adff-3067-447f-9a61-5bfd03be3536,published,true,true,1,Answerable (exactly one correct option),Community-based Paediatrics
questions/3c38ca88-83a4-40df-8307-6167743ea9e5.json,3c38ca88-83a4-40df-8307-6167743ea9e5,published,false,true,1,Answerable (exactly one correct option),Unclassified
questions/3cbf800c-761c-402c-bf7e-9fe43e21cd5a.json,3cbf800c-761c-402c-bf7e-9fe43e21cd5a,published,true,true,1,Answerable (exactly one correct option),General Paediatrics
questions/3cc8cc92-c93e-41be-81fc-d3df29fbbbdb.json,3cc8cc92-c93e-41be-81fc-d3df29fbbbdb,published,true,true,1,Answerable (exactly one correct option),General Paediatrics
questions/3ce6e0fe-5794-4f64-b79c-a33bf8708d7c.json,3ce6e0fe-5794-4f64-b79c-a33bf8708d7c,published,false,true,1,Answerable (exactly one correct option),Unclassified
questions/3d06bc37-4e9e-4d96-a473-dac9671badde.json,3d06bc37-4e9e-4d96-a473-dac9671badde,published,true,true,1,Answerable (exactly one correct option),General Paediatrics
questions/3d712465-88ee-4819-9325-e0db8927611e.json,3d712465-88ee-4819-9325-e0db8927611e,published,true,true,1,Answerable (exactly one correct option),General Paediatrics
questions/3de343e2-4012-4e2f-9daa-0e254583d808.json,3de343e2-4012-4e2f-9daa-0e254583d808,published,true,true,1,Answerable (exactly one correct option),Emergency Paediatrics
questions/3e429748-a0c9-4d3e-b209-8ace42819dc3.json,3e429748-a0c9-4d3e-b209-8ace42819dc3,published,false,true,1,Answerable (exactly one correct option),Unclassified
questions/3e607aed-2aec-45b7-b71d-0d5ea3cd1fcd.json,3e607aed-2aec-45b7-b71d-0d5ea3cd1fcd,published,true,true,1,Answerable (exactly one correct option),General Paediatrics
questions/3ea1a5a7-c3cc-4320-a659-ecf9616e357d.json,3ea1a5a7-c3cc-4320-a659-ecf9616e357d,published,false,true,1,Answerable (exactly one correct option),Unclassified
questions/3ed06848-9785-494a-92f2-950906ea10b7.json,3ed06848-9785-494a-92f2-950906ea10b7,published,true,true,1,Answerable (exactly one correct option),General Paediatrics
questions/3f0dd1f2-4fcb-4c72-8229-77c4250c144b.json,3f0dd1f2-4fcb-4c72-8229-77c4250c144b,published,true,true,1,Answerable (exactly one correct option),General Paediatrics
questions/3f13dee8-eeab-40de-9ed7-f7e62c7912b5.json,3f13dee8-eeab-40de-9ed7-f7e62c7912b5,published,false,false,0,No option has isCorrect=true,Unclassified
questions/3f1a108d-1676-494e-8da6-7ee8dd47d72b.json,3f1a108d-1676-494e-8da6-7ee8dd47d72b,published,true,true,1,Answerable (exactly one correct option),General Paediatrics
questions/3f28dda9-60c4-4344-915d-f2f398a498c5.json,3f28dda9-60c4-4344-915d-f2f398a498c5,published,true,true,1,Answerable (exactly one correct option),Paediatric Surgery
questions/3f56ca71-4ccc-44b4-a742-00f39599adb7.json,3f56ca71-4ccc-44b4-a742-00f39599adb7,published,true,true,1,Answerable (exactly one correct option),General Paediatrics
questions/3f8c5319-cb3e-4d5c-adc3-5c7e627ebfbb.json,3f8c5319-cb3e-4d5c-adc3-5c7e627ebfbb,published,true,false,0,No option has isCorrect=true,Paediatric Surgery
questions/3fbd42b3-2159-4449-ac7a-858edeaeede6.json,3fbd42b3-2159-4449-ac7a-858edeaeede6,published,true,true,1,Answerable (exactly one correct option),Community-based Paediatrics
questions/3fe05eef-98e1-4116-95e5-df779c43ea64.json,3fe05eef-98e1-4116-95e5-df779c43ea64,published,true,true,1,Answerable (exactly one correct option),Adolescent Medicine
questions/3ff0fc9d-ae63-4a62-a035-df0e9b852dee.json,3ff0fc9d-ae63-4a62-a035-df0e9b852dee,published,false,false,0,No option has isCorrect=true,Unclassified
questions/4078da6f-7106-478d-a496-c63bab779899.json,4078da6f-7106-478d-a496-c63bab779899,published,true,true,1,Answerable (exactly one correct option),General Paediatrics
questions/408c48e2-f669-4464-be42-16910bfa44d2.json,408c48e2-f669-4464-be42-16910bfa44d2,published,false,true,1,Answerable (exactly one correct option),Unclassified
questions/40a410f6-ea01-4897-9c70-504032662ad9.json,40a410f6-ea01-4897-9c70-504032662ad9,published,true,true,1,Answerable (exactly one correct option),General Paediatrics
questions/40e9d48f-339c-489d-b232-12699233b73f.json,40e9d48f-339c-489d-b232-12699233b73f,published,true,true,1,Answerable (exactly one correct option),General Paediatrics
questions/410f49c0-582a-463d-b945-75883f5cc00d.json,410f49c0-582a-463d-b945-75883f5cc00d,published,true,true,1,Answerable (exactly one correct option),Paediatric Surgery
questions/41cd676b-4e39-45f1-949c-441d96fee2be.json,41cd676b-4e39-45f1-949c-441d96fee2be,published,true,true,1,Answerable (exactly one correct option),General Paediatrics
questions/41d3699a-d5a4-48a0-ac5d-a046c48fd9ac.json,41d3699a-d5a4-48a0-ac5d-a046c48fd9ac,published,true,true,1,Answerable (exactly one correct option),General Paediatrics
questions/41d4aa97-5b91-4150-b792-737934cd948b.json,41d4aa97-5b91-4150-b792-737934cd948b,published,false,true,1,Answerable (exactly one correct option),Unclassified
questions/420472d4-c998-488c-b5fd-4423a3286e5f.json,420472d4-c998-488c-b5fd-4423a3286e5f,published,true,true,1,Answerable (exactly one correct option),Community-based Paediatrics
questions/4226be0c-b7e1-4324-8ebb-f2b39ccdcd21.json,4226be0c-b7e1-4324-8ebb-f2b39ccdcd21,published,true,true,1,Answerable (exactly one correct option),General Paediatrics
questions/42290543-5deb-4489-b55e-aee77262bcbd.json,42290543-5deb-4489-b55e-aee77262bcbd,published,true,true,1,Answerable (exactly one correct option),General Paediatrics
questions/4244aaa3-c85b-4c82-865f-53ea23f65dc2.json,4244aaa3-c85b-4c82-865f-53ea23f65dc2,published,false,true,1,Answerable (exactly one correct option),Unclassified
questions/424ddc68-dc8c-414a-8c5a-a1a57d9f13cc.json,424ddc68-dc8c-414a-8c5a-a1a57d9f13cc,published,true,true,1,Answerable (exactly one correct option),General Paediatrics
questions/426be17a-ef69-4cbe-a337-2cbc34ea0d6f.json,426be17a-ef69-4cbe-a337-2cbc34ea0d6f,published,false,true,1,Answerable (exactly one correct option),Unclassified
questions/4282796d-fbb6-45d0-94c4-46976cf48834.json,4282796d-fbb6-45d0-94c4-46976cf48834,published,true,true,1,Answerable (exactly one correct option),General Paediatrics
questions/43846fcd-d897-4fe5-8f92-64b9cda93163.json,43846fcd-d897-4fe5-8f92-64b9cda93163,published,true,true,1,Answerable (exactly one correct option),Adolescent Medicine
questions/43aa6508-9522-4ab9-950f-42df435ea560.json,43aa6508-9522-4ab9-950f-42df435ea560,published,false,false,0,No option has isCorrect=true,Unclassified
questions/43b00587-627e-4215-b0cb-ffdbf1a7122a.json,43b00587-627e-4215-b0cb-ffdbf1a7122a,published,true,true,1,Answerable (exactly one correct option),General Paediatrics
questions/43bbefb6-e2b7-4e2e-b25e-c0c130741448.json,43bbefb6-e2b7-4e2e-b25e-c0c130741448,published,true,true,1,Answerable (exactly one correct option),Emergency Paediatrics
questions/43eb8c68-e8e4-4843-a77e-b689e11e37bb.json,43eb8c68-e8e4-4843-a77e-b689e11e37bb,published,false,true,1,Answerable (exactly one correct option),Unclassified
questions/446e95e8-b9ad-4139-b844-536a4d893d31.json,446e95e8-b9ad-4139-b844-536a4d893d31,published,true,false,0,No option has isCorrect=true,Adolescent Medicine
questions/44b55a22-f585-40c8-b83d-8946f6d7e64c.json,44b55a22-f585-40c8-b83d-8946f6d7e64c,published,true,true,1,Answerable (exactly one correct option),Emergency Paediatrics
questions/45520a32-befd-49e6-b95c-d5aca017cb30.json,45520a32-befd-49e6-b95c-d5aca017cb30,published,true,true,1,Answerable (exactly one correct option),Community-based Paediatrics
questions/4564375f-435d-495d-8281-b8e7080c2bf0.json,4564375f-435d-495d-8281-b8e7080c2bf0,published,true,true,1,Answerable (exactly one correct option),Emergency Paediatrics
questions/45a11e2b-b486-4a7d-89fc-e0cb1f843f89.json,45a11e2b-b486-4a7d-89fc-e0cb1f843f89,published,true,false,0,No option has isCorrect=true,Emergency Paediatrics
questions/45fdf293-ac7e-4e17-befc-6f0ab5cd83fa.json,45fdf293-ac7e-4e17-befc-6f0ab5cd83fa,published,false,true,1,Answerable (exactly one correct option),Unclassified
questions/461f267c-0950-4289-ae1c-c143af6cf7d6.json,461f267c-0950-4289-ae1c-c143af6cf7d6,published,true,true,1,Answerable (exactly one correct option),Emergency Paediatrics
questions/4624ddd4-8ee4-4d75-b5c0-a0e6a602cbcb.json,4624ddd4-8ee4-4d75-b5c0-a0e6a602cbcb,published,true,true,1,Answerable (exactly one correct option),Paediatric Surgery
questions/4635b88a-6277-468a-9e59-2a27f75cca99.json,4635b88a-6277-468a-9e59-2a27f75cca99,published,true,true,1,Answerable (exactly one correct option),Adolescent Medicine
questions/46684402-ca38-4610-a548-2b187fa9a90a.json,46684402-ca38-4610-a548-2b187fa9a90a,published,true,true,1,Answerable (exactly one correct option),General Paediatrics
questions/4670bfaa-16a3-4a65-8b93-2f7a927a39b5.json,4670bfaa-16a3-4a65-8b93-2f7a927a39b5,published,false,false,0,No option has isCorrect=true,Unclassified
questions/46dc856d-8e13-414d-8bb4-cb97fa2d78c5.json,46dc856d-8e13-414d-8bb4-cb97fa2d78c5,published,true,true,1,Answerable (exactly one correct option),Emergency Paediatrics
questions/4744d27c-b24a-4f75-bdcd-3caeb45fc09c.json,4744d27c-b24a-4f75-bdcd-3caeb45fc09c,published,true,true,1,Answerable (exactly one correct option),Paediatric Surgery
questions/476d710f-d4b6-49a5-9cbf-ffdc45dbfa40.json,476d710f-d4b6-49a5-9cbf-ffdc45dbfa40,published,true,true,1,Answerable (exactly one correct option),Emergency Paediatrics
questions/47b99aac-8268-4d2e-9145-60dc32a76d9e.json,47b99aac-8268-4d2e-9145-60dc32a76d9e,published,true,true,1,Answerable (exactly one correct option),General Paediatrics
questions/489ece26-40e1-4e85-9088-8b44bd8f64e2.json,489ece26-40e1-4e85-9088-8b44bd8f64e2,published,true,true,1,Answerable (exactly one correct option),Paediatric Surgery
questions/48d9d22b-b329-449f-996d-cc1c9dbdfc6c.json,48d9d22b-b329-449f-996d-cc1c9dbdfc6c,published,true,false,0,No option has isCorrect=true,Emergency Paediatrics
questions/48e74de3-df5d-46b0-9894-d8fa285ace83.json,48e74de3-df5d-46b0-9894-d8fa285ace83,published,true,true,1,Answerable (exactly one correct option),Emergency Paediatrics
questions/490a8777-4aa6-4580-88c1-441f673ba5f8.json,490a8777-4aa6-4580-88c1-441f673ba5f8,published,true,true,1,Answerable (exactly one correct option),Emergency Paediatrics
questions/49532168-4b3a-4912-aec7-abdfbba44f7c.json,49532168-4b3a-4912-aec7-abdfbba44f7c,published,false,false,0,No option has isCorrect=true,Unclassified
questions/4974dcec-c6c3-47d0-96f8-b6e809dbecbf.json,4974dcec-c6c3-47d0-96f8-b6e809dbecbf,published,true,true,1,Answerable (exactly one correct option),General Paediatrics
questions/497b8d18-001a-4151-9d0d-d4990d7e0751.json,497b8d18-001a-4151-9d0d-d4990d7e0751,published,false,false,0,No option has isCorrect=true,Unclassified
questions/49dc6a86-4a7c-4528-aae2-ff1b5c60acc5.json,49dc6a86-4a7c-4528-aae2-ff1b5c60acc5,published,true,true,1,Answerable (exactly one correct option),Emergency Paediatrics
questions/49eab82e-cadb-4887-80b8-762e0b70c126.json,49eab82e-cadb-4887-80b8-762e0b70c126,published,true,true,1,Answerable (exactly one correct option),Emergency Paediatrics
questions/49f43026-6698-4d1e-b373-b578a098fada.json,49f43026-6698-4d1e-b373-b578a098fada,published,true,true,1,Answerable (exactly one correct option),Emergency Paediatrics
questions/4a12f85d-1371-432d-93fd-6bf745d76603.json,4a12f85d-1371-432d-93fd-6bf745d76603,published,true,false,0,No option has isCorrect=true,Community-based Paediatrics
questions/4a2b383c-2b3b-48ba-8035-54bdbe974816.json,4a2b383c-2b3b-48ba-8035-54bdbe974816,published,true,true,1,Answerable (exactly one correct option),General Paediatrics
questions/4a54264a-d1ea-475b-9fe5-9c256bdb7581.json,4a54264a-d1ea-475b-9fe5-9c256bdb7581,published,true,true,1,Answerable (exactly one correct option),General Paediatrics
questions/4b06454e-71ab-4f37-bdb2-44681bf860ba.json,4b06454e-71ab-4f37-bdb2-44681bf860ba,published,true,true,1,Answerable (exactly one correct option),Community-based Paediatrics
questions/4b96a493-84b3-48dc-9a01-cfbf9dd89851.json,4b96a493-84b3-48dc-9a01-cfbf9dd89851,published,false,false,0,No option has isCorrect=true,Unclassified
questions/4ba379c5-9e3f-469b-a435-47badcb27482.json,4ba379c5-9e3f-469b-a435-47badcb27482,published,false,false,0,No option has isCorrect=true,Unclassified
questions/4bb216bc-369c-4e7b-a0f5-87d87feb20a9.json,4bb216bc-369c-4e7b-a0f5-87d87feb20a9,published,false,true,1,Answerable (exactly one correct option),Unclassified
questions/4bb5964c-ff64-41a5-9581-15a3c08e61b9.json,4bb5964c-ff64-41a5-9581-15a3c08e61b9,published,true,true,1,Answerable (exactly one correct option),Emergency Paediatrics
questions/4bc5e014-6012-4a96-b6ea-947c66c2b065.json,4bc5e014-6012-4a96-b6ea-947c66c2b065,published,true,true,1,Answerable (exactly one correct option),Emergency Paediatrics
questions/4bf82cae-d685-4585-abf6-257f7e8d384c.json,4bf82cae-d685-4585-abf6-257f7e8d384c,published,false,false,0,No option has isCorrect=true,Unclassified
questions/4c5bfd49-d28a-4323-a6ca-14207d08507f.json,4c5bfd49-d28a-4323-a6ca-14207d08507f,published,true,true,1,Answerable (exactly one correct option),Emergency Paediatrics
questions/4c6319d6-f4c7-42b9-8399-8332eabf516f.json,4c6319d6-f4c7-42b9-8399-8332eabf516f,published,true,true,1,Answerable (exactly one correct option),Emergency Paediatrics
questions/4c68cc3c-e2a9-4967-a243-b10e50b833f5.json,4c68cc3c-e2a9-4967-a243-b10e50b833f5,published,true,true,1,Answerable (exactly one correct option),General Paediatrics
questions/4d7ff3c1-6894-40a5-8bd1-fc4cab3a9f52.json,4d7ff3c1-6894-40a5-8bd1-fc4cab3a9f52,published,true,true,1,Answerable (exactly one correct option),Emergency Paediatrics
questions/4e2f0a5d-2149-4cc9-8d53-69e9f5fb3074.json,4e2f0a5d-2149-4cc9-8d53-69e9f5fb3074,published,false,true,1,Answerable (exactly one correct option),Unclassified
questions/4e991487-ab39-459e-b27a-940fd2ca1f36.json,4e991487-ab39-459e-b27a-940fd2ca1f36,published,true,true,1,Answerable (exactly one correct option),Emergency Paediatrics
questions/4ec276b0-328e-444d-886f-e48e40bd21ac.json,4ec276b0-328e-444d-886f-e48e40bd21ac,published,true,true,1,Answerable (exactly one correct option),Emergency Paediatrics
questions/4ef5c468-93f2-4374-a7f4-090f78bd9d9c.json,4ef5c468-93f2-4374-a7f4-090f78bd9d9c,published,true,true,1,Answerable (exactly one correct option),Emergency Paediatrics
questions/4f45b921-6034-439a-95e8-a7a8ab8230d1.json,4f45b921-6034-439a-95e8-a7a8ab8230d1,published,true,true,1,Answerable (exactly one correct option),Paediatric Surgery
questions/4f6fd61b-0965-48dc-8891-d71cff35605d.json,4f6fd61b-0965-48dc-8891-d71cff35605d,published,false,false,0,No option has isCorrect=true,Unclassified
questions/5011714e-3619-4190-b403-71e78245eec9.json,5011714e-3619-4190-b403-71e78245eec9,published,true,false,0,No option has isCorrect=true,Paediatric Surgery
questions/50531db1-aa21-4122-a52a-c0cd8fc39b20.json,50531db1-aa21-4122-a52a-c0cd8fc39b20,published,true,true,1,Answerable (exactly one correct option),Adolescent Medicine
questions/50667ab2-476a-4981-aac7-335ec7392434.json,50667ab2-476a-4981-aac7-335ec7392434,published,true,true,1,Answerable (exactly one correct option),Emergency Paediatrics
questions/507fc34e-a387-4c16-b859-0f50a7a4dcf3.json,507fc34e-a387-4c16-b859-0f50a7a4dcf3,published,true,true,1,Answerable (exactly one correct option),Emergency Paediatrics
questions/51502497-7e93-4629-ade4-c4c086f124bd.json,51502497-7e93-4629-ade4-c4c086f124bd,published,true,true,1,Answerable (exactly one correct option),Emergency Paediatrics
questions/5190a0d2-82e5-4d51-809c-c1edb3332ccb.json,5190a0d2-82e5-4d51-809c-c1edb3332ccb,published,true,false,0,No option has isCorrect=true,General Paediatrics
questions/51f71da8-b83d-413f-befb-75cc09dab04f.json,51f71da8-b83d-413f-befb-75cc09dab04f,published,true,true,1,Answerable (exactly one correct option),Emergency Paediatrics
questions/5201fb36-5615-4c0a-b9c4-d3c0d9fb7f81.json,5201fb36-5615-4c0a-b9c4-d3c0d9fb7f81,published,true,true,1,Answerable (exactly one correct option),Emergency Paediatrics
questions/521b2ad1-e916-4f04-adc9-75f8cd59dbda.json,521b2ad1-e916-4f04-adc9-75f8cd59dbda,published,true,true,1,Answerable (exactly one correct option),Emergency Paediatrics
questions/52d82754-9132-460d-bf4a-68e9faa6910a.json,52d82754-9132-460d-bf4a-68e9faa6910a,published,true,true,1,Answerable (exactly one correct option),Adolescent Medicine
questions/535bed9a-f840-450f-af85-74da7d573d7f.json,535bed9a-f840-450f-af85-74da7d573d7f,published,true,true,1,Answerable (exactly one correct option),Adolescent Medicine
questions/538dcf77-d792-4bfe-917c-c440624a8d00.json,538dcf77-d792-4bfe-917c-c440624a8d00,published,false,false,0,No option has isCorrect=true,Unclassified
questions/53ec2406-90b9-4b72-9661-6aa49a630c96.json,53ec2406-90b9-4b72-9661-6aa49a630c96,published,true,true,1,Answerable (exactly one correct option),Emergency Paediatrics
questions/54092ad9-be4f-4150-a1eb-3e0c092295e1.json,54092ad9-be4f-4150-a1eb-3e0c092295e1,published,false,true,1,Answerable (exactly one correct option),Unclassified
questions/5425530f-3457-4ee4-9c17-e3f69a79dab9.json,5425530f-3457-4ee4-9c17-e3f69a79dab9,published,false,true,1,Answerable (exactly one correct option),Unclassified
questions/546e2d9a-12e0-42ba-b6ab-e0e00d86437f.json,546e2d9a-12e0-42ba-b6ab-e0e00d86437f,published,true,true,1,Answerable (exactly one correct option),Emergency Paediatrics
questions/548bad85-9d32-4876-88ea-622152fbd497.json,548bad85-9d32-4876-88ea-622152fbd497,published,true,true,1,Answerable (exactly one correct option),Emergency Paediatrics
questions/54d21f62-5c85-4e91-b84c-f908ca4dede6.json,54d21f62-5c85-4e91-b84c-f908ca4dede6,published,true,true,1,Answerable (exactly one correct option),Emergency Paediatrics
questions/553cd3e9-309a-44df-ba71-7c8cfe16a667.json,553cd3e9-309a-44df-ba71-7c8cfe16a667,published,false,false,0,No option has isCorrect=true,Unclassified
questions/55648727-199a-4fbb-9f2b-c1b42c4bc393.json,55648727-199a-4fbb-9f2b-c1b42c4bc393,published,true,true,1,Answerable (exactly one correct option),Emergency Paediatrics
questions/55709a1d-7fa7-4aea-ac46-d95c3a0889e0.json,55709a1d-7fa7-4aea-ac46-d95c3a0889e0,published,true,true,1,Answerable (exactly one correct option),Emergency Paediatrics
questions/55a78d05-bb59-4317-97d1-9a3a89fb06ea.json,55a78d05-bb59-4317-97d1-9a3a89fb06ea,published,false,true,1,Answerable (exactly one correct option),Unclassified
questions/55b5044a-6757-49c1-a7fc-92406e11a48a.json,55b5044a-6757-49c1-a7fc-92406e11a48a,published,true,true,1,Answerable (exactly one correct option),Community-based Paediatrics
questions/55cbabef-f585-4112-98c9-ce5f12e6f5ca.json,55cbabef-f585-4112-98c9-ce5f12e6f5ca,published,true,true,1,Answerable (exactly one correct option),Emergency Paediatrics
questions/560b6da7-64bf-4a20-a50e-4a116c07a6a3.json,560b6da7-64bf-4a20-a50e-4a116c07a6a3,published,true,true,1,Answerable (exactly one correct option),General Paediatrics
questions/5644411e-044d-4bb2-ab9b-d93b05b167c5.json,5644411e-044d-4bb2-ab9b-d93b05b167c5,published,false,true,1,Answerable (exactly one correct option),Unclassified
questions/5720e9a8-8db0-4c51-a250-67256279b750.json,5720e9a8-8db0-4c51-a250-67256279b750,published,true,true,1,Answerable (exactly one correct option),Emergency Paediatrics
questions/576309a6-32a7-4f9d-ad8f-c27768c51b2b.json,576309a6-32a7-4f9d-ad8f-c27768c51b2b,published,true,true,1,Answerable (exactly one correct option),Community-based Paediatrics
questions/57a0dde8-d941-44cb-9eb8-8c5136bc5042.json,57a0dde8-d941-44cb-9eb8-8c5136bc5042,published,false,false,0,No option has isCorrect=true,Unclassified
questions/57a76eb9-e13e-4e7e-a087-c9a40e4ac489.json,57a76eb9-e13e-4e7e-a087-c9a40e4ac489,published,true,true,1,Answerable (exactly one correct option),Emergency Paediatrics
questions/57f90a5f-2a2f-4960-855b-4cadc95704f0.json,57f90a5f-2a2f-4960-855b-4cadc95704f0,published,true,true,1,Answerable (exactly one correct option),Paediatric Surgery
questions/582997d6-b2b8-4306-9395-28cff61f2fa5.json,582997d6-b2b8-4306-9395-28cff61f2fa5,published,true,true,1,Answerable (exactly one correct option),Emergency Paediatrics
questions/5846a945-4020-4082-9aea-8bf6c643bd43.json,5846a945-4020-4082-9aea-8bf6c643bd43,published,true,true,1,Answerable (exactly one correct option),Emergency Paediatrics
questions/585ec9f9-797b-40ba-aa69-15ca7895d214.json,585ec9f9-797b-40ba-aa69-15ca7895d214,published,true,true,1,Answerable (exactly one correct option),Emergency Paediatrics
questions/5867cb31-7e25-4431-bf11-cfe15a8f404f.json,5867cb31-7e25-4431-bf11-cfe15a8f404f,published,true,true,1,Answerable (exactly one correct option),Paediatric Surgery
questions/587907be-3d48-45fe-acd6-db4c37949c88.json,587907be-3d48-45fe-acd6-db4c37949c88,published,true,true,1,Answerable (exactly one correct option),Paediatric Surgery
questions/58b49564-a826-479b-b588-68a6fc9f19dd.json,58b49564-a826-479b-b588-68a6fc9f19dd,published,true,true,1,Answerable (exactly one correct option),Emergency Paediatrics
questions/591c0b29-f9e4-4cf7-a6a1-2985bddea5e3.json,591c0b29-f9e4-4cf7-a6a1-2985bddea5e3,published,true,true,1,Answerable (exactly one correct option),Adolescent Medicine
questions/594192c4-a109-451a-a008-4d2c7d40201a.json,594192c4-a109-451a-a008-4d2c7d40201a,published,true,true,1,Answerable (exactly one correct option),Emergency Paediatrics
questions/594b2485-e1a1-4090-ae73-a7af269613f9.json,594b2485-e1a1-4090-ae73-a7af269613f9,published,false,false,0,No option has isCorrect=true,Unclassified
questions/5967a17c-2b10-4103-a310-21515a470666.json,5967a17c-2b10-4103-a310-21515a470666,published,true,true,1,Answerable (exactly one correct option),Emergency Paediatrics
questions/599ea106-b102-40d7-90a6-15b1334d1909.json,599ea106-b102-40d7-90a6-15b1334d1909,published,true,true,1,Answerable (exactly one correct option),General Paediatrics
questions/59a9a3f9-13c3-4636-8654-fb8f9df3e4d5.json,59a9a3f9-13c3-4636-8654-fb8f9df3e4d5,published,true,false,0,No option has isCorrect=true,Paediatric Sub-specialties
questions/5a0f72b2-f422-43fc-a5a4-ef1c049e0d74.json,5a0f72b2-f422-43fc-a5a4-ef1c049e0d74,published,true,false,0,No option has isCorrect=true,Paediatric Surgery
questions/5a3e3525-2793-45c4-9cd2-ef7979b6646a.json,5a3e3525-2793-45c4-9cd2-ef7979b6646a,published,false,false,0,No option has isCorrect=true,Unclassified
questions/5ac2a5a9-75fe-4a28-a170-6a91d4aec85b.json,5ac2a5a9-75fe-4a28-a170-6a91d4aec85b,published,false,true,1,Answerable (exactly one correct option),Unclassified
questions/5af48208-6800-4aac-a3e3-e87bd0501184.json,5af48208-6800-4aac-a3e3-e87bd0501184,published,true,true,1,Answerable (exactly one correct option),Paediatric Surgery
questions/5b1527d7-147e-48f5-9efb-a81512a15145.json,5b1527d7-147e-48f5-9efb-a81512a15145,published,true,true,1,Answerable (exactly one correct option),Paediatric Surgery
questions/5b216803-11b5-4174-8f26-6fc0d1facb46.json,5b216803-11b5-4174-8f26-6fc0d1facb46,published,true,true,1,Answerable (exactly one correct option),Emergency Paediatrics
questions/5b379d12-e1ad-4ea6-9bb5-864d46a6731b.json,5b379d12-e1ad-4ea6-9bb5-864d46a6731b,published,true,true,1,Answerable (exactly one correct option),Community-based Paediatrics
questions/5b69376a-a2e0-4cd2-9567-d942f6919ca0.json,5b69376a-a2e0-4cd2-9567-d942f6919ca0,published,true,true,1,Answerable (exactly one correct option),Paediatric Surgery
questions/5bf0820a-5540-430e-8319-d93bdb8aa2b9.json,5bf0820a-5540-430e-8319-d93bdb8aa2b9,published,false,true,1,Answerable (exactly one correct option),Unclassified
questions/5c6e5d99-d23b-4e10-a1ba-41305184773f.json,5c6e5d99-d23b-4e10-a1ba-41305184773f,published,true,true,1,Answerable (exactly one correct option),Emergency Paediatrics
questions/5c84c396-cd71-4fe8-bf23-685312b6bf3a.json,5c84c396-cd71-4fe8-bf23-685312b6bf3a,published,true,true,1,Answerable (exactly one correct option),Adolescent Medicine
questions/5c8ad4cd-acf7-4a44-9512-d5867e7715b0.json,5c8ad4cd-acf7-4a44-9512-d5867e7715b0,published,true,true,1,Answerable (exactly one correct option),Emergency Paediatrics
questions/5cb8ceb6-d2d7-4afd-b49e-9f76ecb78151.json,5cb8ceb6-d2d7-4afd-b49e-9f76ecb78151,published,true,true,1,Answerable (exactly one correct option),Paediatric Surgery
questions/5cc6febf-6d16-4ec2-8d11-6cc9e80949f0.json,5cc6febf-6d16-4ec2-8d11-6cc9e80949f0,published,true,true,1,Answerable (exactly one correct option),Paediatric Surgery
questions/5d0b7f88-fd09-4ece-aa7e-51789f2e612e.json,5d0b7f88-fd09-4ece-aa7e-51789f2e612e,published,true,true,1,Answerable (exactly one correct option),Paediatric Surgery
questions/5d26a071-19c5-454d-ae68-af7b75b67657.json,5d26a071-19c5-454d-ae68-af7b75b67657,published,true,true,1,Answerable (exactly one correct option),Community-based Paediatrics
questions/5d2b264f-b1d4-473a-9327-69a81dab8ec8.json,5d2b264f-b1d4-473a-9327-69a81dab8ec8,published,true,true,1,Answerable (exactly one correct option),Paediatric Surgery
questions/5d6b9337-cc31-4717-85ba-e3b11d276c5f.json,5d6b9337-cc31-4717-85ba-e3b11d276c5f,published,true,true,1,Answerable (exactly one correct option),Emergency Paediatrics
questions/5d8c52a3-910a-4269-989c-a618604f9775.json,5d8c52a3-910a-4269-989c-a618604f9775,published,true,true,1,Answerable (exactly one correct option),Emergency Paediatrics
questions/5d9b4df5-a56d-42bd-9469-10d3455d9669.json,5d9b4df5-a56d-42bd-9469-10d3455d9669,published,true,false,0,No option has isCorrect=true,Emergency Paediatrics
questions/5db1e08f-7b07-41d5-a9c9-1af2eb1bf8d9.json,5db1e08f-7b07-41d5-a9c9-1af2eb1bf8d9,published,true,true,1,Answerable (exactly one correct option),Adolescent Medicine
questions/5dc1cb04-e3c3-42f4-9e99-90d3f647d6bb.json,5dc1cb04-e3c3-42f4-9e99-90d3f647d6bb,published,true,true,1,Answerable (exactly one correct option),Emergency Paediatrics
questions/5de47587-7374-44be-86e2-8b6f6ab35546.json,5de47587-7374-44be-86e2-8b6f6ab35546,published,false,true,1,Answerable (exactly one correct option),Unclassified
questions/5dfc1313-2784-436b-80b1-5d60da83e545.json,5dfc1313-2784-436b-80b1-5d60da83e545,published,false,false,0,No option has isCorrect=true,Unclassified
questions/5e02930f-631c-4961-84f5-5b1d16344463.json,5e02930f-631c-4961-84f5-5b1d16344463,published,true,true,1,Answerable (exactly one correct option),Paediatric Surgery
questions/5e2e13aa-32f4-4c4a-b502-af116dee0f48.json,5e2e13aa-32f4-4c4a-b502-af116dee0f48,published,true,true,1,Answerable (exactly one correct option),Paediatric Surgery
questions/5eb4c270-c3a0-444d-8970-b27a4fb44aa2.json,5eb4c270-c3a0-444d-8970-b27a4fb44aa2,published,false,true,1,Answerable (exactly one correct option),Unclassified
questions/5ed18917-2ce3-4427-8300-f3183e00078c.json,5ed18917-2ce3-4427-8300-f3183e00078c,published,true,true,1,Answerable (exactly one correct option),Emergency Paediatrics
questions/5f37bd22-2667-4822-8887-16d6b73444ce.json,5f37bd22-2667-4822-8887-16d6b73444ce,published,true,true,1,Answerable (exactly one correct option),Emergency Paediatrics
questions/5f46c643-a9c5-4663-8dd7-f8ef934a01b2.json,5f46c643-a9c5-4663-8dd7-f8ef934a01b2,published,true,true,1,Answerable (exactly one correct option),General Paediatrics
questions/5f48a5e9-ccb0-410d-9c9b-5edf1b9b8358.json,5f48a5e9-ccb0-410d-9c9b-5edf1b9b8358,published,true,true,1,Answerable (exactly one correct option),Community-based Paediatrics
questions/5f68173d-f101-46af-88ac-24852867d2ff.json,5f68173d-f101-46af-88ac-24852867d2ff,published,false,true,1,Answerable (exactly one correct option),Unclassified
questions/5fb3a9ce-0156-40ff-a9af-3e2fe187cc98.json,5fb3a9ce-0156-40ff-a9af-3e2fe187cc98,published,true,true,1,Answerable (exactly one correct option),Emergency Paediatrics
questions/5fe2cb44-b8dc-449a-ada6-c527f398310d.json,5fe2cb44-b8dc-449a-ada6-c527f398310d,published,true,true,1,Answerable (exactly one correct option),Paediatric Surgery
questions/600f8b73-7e98-4da0-a15b-3d0b62ac6e2e.json,600f8b73-7e98-4da0-a15b-3d0b62ac6e2e,published,true,true,1,Answerable (exactly one correct option),Adolescent Medicine
questions/60146770-8ee8-476b-9714-2bfe826bd2e6.json,60146770-8ee8-476b-9714-2bfe826bd2e6,published,true,true,1,Answerable (exactly one correct option),Emergency Paediatrics
questions/603929f5-226a-4865-bb27-919bc209ff33.json,603929f5-226a-4865-bb27-919bc209ff33,published,true,true,1,Answerable (exactly one correct option),Emergency Paediatrics
questions/6075a2ea-874b-4dcd-a9a2-d8059df33725.json,6075a2ea-874b-4dcd-a9a2-d8059df33725,published,true,true,1,Answerable (exactly one correct option),Adolescent Medicine
questions/6077ae60-6cf3-410d-9316-23443f8d496d.json,6077ae60-6cf3-410d-9316-23443f8d496d,published,true,false,0,No option has isCorrect=true,General Paediatrics
questions/614d1533-a4c6-426a-98b1-ebd8cd57205c.json,614d1533-a4c6-426a-98b1-ebd8cd57205c,published,true,true,1,Answerable (exactly one correct option),Adolescent Medicine
questions/61615bfc-766f-4097-b373-9722052abc6e.json,61615bfc-766f-4097-b373-9722052abc6e,published,true,true,1,Answerable (exactly one correct option),Paediatric Surgery
questions/6182d257-8fb5-46f6-87cf-e6e62dff91ae.json,6182d257-8fb5-46f6-87cf-e6e62dff91ae,published,true,true,1,Answerable (exactly one correct option),Adolescent Medicine
questions/618b692f-d90e-4e59-91d1-9cf5f00cc13a.json,618b692f-d90e-4e59-91d1-9cf5f00cc13a,published,true,true,1,Answerable (exactly one correct option),Community-based Paediatrics
questions/61a272b8-c50c-4989-9bbe-9748553edd86.json,61a272b8-c50c-4989-9bbe-9748553edd86,published,false,true,1,Answerable (exactly one correct option),Unclassified
questions/6253cc75-e147-408b-9917-db088f13eeaf.json,6253cc75-e147-408b-9917-db088f13eeaf,published,false,true,1,Answerable (exactly one correct option),Unclassified
questions/627cb88b-f754-4150-83a5-a603523993ce.json,627cb88b-f754-4150-83a5-a603523993ce,published,false,false,0,No option has isCorrect=true,Unclassified
questions/62b7d9a9-00f3-4e90-8c91-6790ce9dd11a.json,62b7d9a9-00f3-4e90-8c91-6790ce9dd11a,published,true,true,1,Answerable (exactly one correct option),Emergency Paediatrics
questions/6305315c-7669-4015-9e6f-38cf93496bb3.json,6305315c-7669-4015-9e6f-38cf93496bb3,published,true,true,1,Answerable (exactly one correct option),Adolescent Medicine
questions/631c8bdf-3b7d-4419-8bd5-9bf66dad4fcb.json,631c8bdf-3b7d-4419-8bd5-9bf66dad4fcb,published,true,false,0,No option has isCorrect=true,Paediatric Sub-specialties
questions/6370e6cf-beb3-46a4-836f-cd01f86a1ce2.json,6370e6cf-beb3-46a4-836f-cd01f86a1ce2,published,false,true,1,Answerable (exactly one correct option),Unclassified
questions/63d61411-747b-4be8-9a6a-2198a37452eb.json,63d61411-747b-4be8-9a6a-2198a37452eb,published,true,true,1,Answerable (exactly one correct option),Paediatric Surgery
questions/6400f38b-a910-4f22-9fdc-b6176896b675.json,6400f38b-a910-4f22-9fdc-b6176896b675,published,true,true,1,Answerable (exactly one correct option),Community-based Paediatrics
questions/64820f4c-67cd-4cbc-bb0d-c70e6523836f.json,64820f4c-67cd-4cbc-bb0d-c70e6523836f,published,true,true,1,Answerable (exactly one correct option),General Paediatrics
questions/64d80dbf-41af-40b3-be96-3e250b59f8b3.json,64d80dbf-41af-40b3-be96-3e250b59f8b3,published,true,true,1,Answerable (exactly one correct option),Adolescent Medicine
questions/64f1f2cf-2ace-4915-869b-0bbbe9b70ee2.json,64f1f2cf-2ace-4915-869b-0bbbe9b70ee2,published,false,false,0,No option has isCorrect=true,Unclassified
questions/65595384-0bff-439a-a491-2c3f4406a471.json,65595384-0bff-439a-a491-2c3f4406a471,published,true,true,1,Answerable (exactly one correct option),Community-based Paediatrics
questions/6594932b-222e-4b6f-ac70-ae8692affd3f.json,6594932b-222e-4b6f-ac70-ae8692affd3f,published,true,true,1,Answerable (exactly one correct option),Emergency Paediatrics
questions/65d8703a-3a28-45a1-8dde-e28eb0b1f24f.json,65d8703a-3a28-45a1-8dde-e28eb0b1f24f,published,true,true,1,Answerable (exactly one correct option),Paediatric Surgery
questions/66020551-5f73-45e8-a5ea-3b90ccaa1d02.json,66020551-5f73-45e8-a5ea-3b90ccaa1d02,published,true,true,1,Answerable (exactly one correct option),Paediatric Surgery
questions/66090801-2df2-4233-a808-d5535c83ada1.json,66090801-2df2-4233-a808-d5535c83ada1,published,true,false,0,No option has isCorrect=true,Adolescent Medicine
questions/661ff02f-2d88-4b6d-8a54-4500e811a8da.json,661ff02f-2d88-4b6d-8a54-4500e811a8da,published,true,true,1,Answerable (exactly one correct option),Paediatric Surgery
questions/6625a064-dccb-4fd6-9b4c-c6a4d115c828.json,6625a064-dccb-4fd6-9b4c-c6a4d115c828,published,true,true,1,Answerable (exactly one correct option),Adolescent Medicine
questions/66546473-678c-4216-a64f-cc7493fbd5af.json,66546473-678c-4216-a64f-cc7493fbd5af,published,false,true,1,Answerable (exactly one correct option),Unclassified
questions/6692cf35-bf8e-4a00-867a-fbf9baab1690.json,6692cf35-bf8e-4a00-867a-fbf9baab1690,published,false,false,0,No option has isCorrect=true,Unclassified
questions/673eafaa-a08f-4f53-bf06-7c12b62a255b.json,673eafaa-a08f-4f53-bf06-7c12b62a255b,published,true,true,1,Answerable (exactly one correct option),Adolescent Medicine
questions/674a8b73-1f22-40b6-9fc1-f1388500621a.json,674a8b73-1f22-40b6-9fc1-f1388500621a,published,true,true,1,Answerable (exactly one correct option),Community-based Paediatrics
questions/677c10bf-bb5d-44e8-b1f8-984a9ff35c14.json,677c10bf-bb5d-44e8-b1f8-984a9ff35c14,published,true,true,1,Answerable (exactly one correct option),General Paediatrics
questions/6796f1e4-cf54-4f23-8e08-a5214fa4d063.json,6796f1e4-cf54-4f23-8e08-a5214fa4d063,published,true,true,1,Answerable (exactly one correct option),Community-based Paediatrics
questions/679b883c-c08a-4da5-b0a6-b25443334fdb.json,679b883c-c08a-4da5-b0a6-b25443334fdb,published,true,true,1,Answerable (exactly one correct option),Adolescent Medicine
questions/67c489dc-9006-475d-b4d2-177cfd85ab90.json,67c489dc-9006-475d-b4d2-177cfd85ab90,published,true,true,1,Answerable (exactly one correct option),Adolescent Medicine
questions/67c5a124-b521-425d-a56f-875061cab857.json,67c5a124-b521-425d-a56f-875061cab857,published,true,true,1,Answerable (exactly one correct option),Adolescent Medicine
questions/67cfda8f-4b3f-4cd6-bd00-9f4e47215395.json,67cfda8f-4b3f-4cd6-bd00-9f4e47215395,published,true,true,1,Answerable (exactly one correct option),General Paediatrics
questions/67fb18ec-106f-4374-bdfb-fc7ef790f7ab.json,67fb18ec-106f-4374-bdfb-fc7ef790f7ab,published,false,false,0,No option has isCorrect=true,Unclassified
questions/687bde9e-74f4-4dba-b1c0-050352c33586.json,687bde9e-74f4-4dba-b1c0-050352c33586,published,false,false,0,No option has isCorrect=true,Unclassified
questions/688e53ca-2b3f-4899-9147-0fa5589896c7.json,688e53ca-2b3f-4899-9147-0fa5589896c7,published,true,true,1,Answerable (exactly one correct option),Adolescent Medicine
questions/68d5cf8f-1d64-4d99-bbb9-084287e446d7.json,68d5cf8f-1d64-4d99-bbb9-084287e446d7,published,false,false,0,No option has isCorrect=true,Unclassified
questions/68d68a5e-0e86-47b5-be50-69ffff43b45e.json,68d68a5e-0e86-47b5-be50-69ffff43b45e,published,true,true,1,Answerable (exactly one correct option),Community-based Paediatrics
questions/69673980-62c4-4c7e-9357-7f494e3ce541.json,69673980-62c4-4c7e-9357-7f494e3ce541,published,true,true,1,Answerable (exactly one correct option),Emergency Paediatrics
questions/697f0541-0cd7-4a18-88f7-48856ea44254.json,697f0541-0cd7-4a18-88f7-48856ea44254,published,true,true,1,Answerable (exactly one correct option),Community-based Paediatrics
questions/69c58260-2048-4d24-8d40-1ee5aec6abdd.json,69c58260-2048-4d24-8d40-1ee5aec6abdd,published,true,true,1,Answerable (exactly one correct option),Paediatric Surgery
questions/69fbdf6f-dbe5-4463-a34e-93625ffc597d.json,69fbdf6f-dbe5-4463-a34e-93625ffc597d,published,true,true,1,Answerable (exactly one correct option),Adolescent Medicine
questions/6a51cd06-8a3a-4044-a625-ad8e864fa23a.json,6a51cd06-8a3a-4044-a625-ad8e864fa23a,published,true,true,1,Answerable (exactly one correct option),Paediatric Surgery
questions/6a51e037-ce70-4fa1-a103-cdc2dadb7552.json,6a51e037-ce70-4fa1-a103-cdc2dadb7552,published,true,true,1,Answerable (exactly one correct option),Emergency Paediatrics
questions/6a565adb-5940-4774-a9eb-f406aa30094b.json,6a565adb-5940-4774-a9eb-f406aa30094b,published,true,true,1,Answerable (exactly one correct option),Paediatric Surgery
questions/6a7b0e6b-b23e-42fa-b34e-f10362872a70.json,6a7b0e6b-b23e-42fa-b34e-f10362872a70,published,true,true,1,Answerable (exactly one correct option),General Paediatrics
questions/6a80f5f4-68c6-420e-aed2-722e7ad2607d.json,6a80f5f4-68c6-420e-aed2-722e7ad2607d,published,true,true,1,Answerable (exactly one correct option),Adolescent Medicine
questions/6ae22339-9c80-4431-af49-745235a0fbe0.json,6ae22339-9c80-4431-af49-745235a0fbe0,published,false,true,1,Answerable (exactly one correct option),Unclassified
questions/6afef2d6-c969-4f9d-9291-04a7ff5d7223.json,6afef2d6-c969-4f9d-9291-04a7ff5d7223,published,true,true,1,Answerable (exactly one correct option),Paediatric Surgery
questions/6b3b50b6-020b-448e-aa3e-ac721e365b12.json,6b3b50b6-020b-448e-aa3e-ac721e365b12,published,true,true,1,Answerable (exactly one correct option),General Paediatrics
questions/6b5d7df6-41fe-404a-b6d1-447963fa8e1a.json,6b5d7df6-41fe-404a-b6d1-447963fa8e1a,published,true,false,0,No option has isCorrect=true,General Paediatrics
questions/6b6e8a0d-af95-4835-9d52-2a25843dcf56.json,6b6e8a0d-af95-4835-9d52-2a25843dcf56,published,true,false,0,No option has isCorrect=true,Emergency Paediatrics
questions/6b7b101f-fae7-4eb1-8730-0592ef4aba17.json,6b7b101f-fae7-4eb1-8730-0592ef4aba17,published,false,true,1,Answerable (exactly one correct option),Unclassified
questions/6b7f4b80-3f0d-44b1-a332-0e8a5d568c34.json,6b7f4b80-3f0d-44b1-a332-0e8a5d568c34,published,true,true,1,Answerable (exactly one correct option),Emergency Paediatrics
questions/6b887b1c-82e9-4236-b7fb-6d8c5978d56c.json,6b887b1c-82e9-4236-b7fb-6d8c5978d56c,published,true,true,1,Answerable (exactly one correct option),Adolescent Medicine
questions/6b9d4edd-8a5f-4f22-a025-24ea459f9280.json,6b9d4edd-8a5f-4f22-a025-24ea459f9280,published,false,true,1,Answerable (exactly one correct option),Unclassified
questions/6bad31d7-4b92-4782-bcb7-3c0344753b14.json,6bad31d7-4b92-4782-bcb7-3c0344753b14,published,true,true,1,Answerable (exactly one correct option),General Paediatrics
questions/6bccddb9-160f-4349-96fa-1a5c7a96fec3.json,6bccddb9-160f-4349-96fa-1a5c7a96fec3,published,true,true,1,Answerable (exactly one correct option),Adolescent Medicine
questions/6c3243cb-1bc3-4933-be5d-9d6c914d4077.json,6c3243cb-1bc3-4933-be5d-9d6c914d4077,published,false,false,0,No option has isCorrect=true,Unclassified
questions/6c737807-9bd2-4c91-bc85-7561114baad7.json,6c737807-9bd2-4c91-bc85-7561114baad7,published,true,false,0,No option has isCorrect=true,Emergency Paediatrics
questions/6d5dcee0-548f-4c71-94b0-e91f16bc23f5.json,6d5dcee0-548f-4c71-94b0-e91f16bc23f5,published,true,true,1,Answerable (exactly one correct option),General Paediatrics
questions/6d602204-ff76-4b64-aba0-5c2d6dcc6d2c.json,6d602204-ff76-4b64-aba0-5c2d6dcc6d2c,published,false,true,1,Answerable (exactly one correct option),Unclassified
questions/6dc0e485-74c1-4853-b2e7-b35ebca974ad.json,6dc0e485-74c1-4853-b2e7-b35ebca974ad,published,true,true,1,Answerable (exactly one correct option),Community-based Paediatrics
questions/6dd72a48-eb77-4bec-b279-6929b7f08fd1.json,6dd72a48-eb77-4bec-b279-6929b7f08fd1,published,true,false,0,No option has isCorrect=true,Emergency Paediatrics
questions/6de88abc-78dd-4c3d-9d22-0dd6435adcc9.json,6de88abc-78dd-4c3d-9d22-0dd6435adcc9,published,true,true,1,Answerable (exactly one correct option),Adolescent Medicine
questions/6e86119d-bde9-41d6-9216-54380b46af61.json,6e86119d-bde9-41d6-9216-54380b46af61,published,true,true,1,Answerable (exactly one correct option),Emergency Paediatrics
questions/6ec9c853-eb62-4cf0-83e1-37aad2c123ef.json,6ec9c853-eb62-4cf0-83e1-37aad2c123ef,published,true,true,1,Answerable (exactly one correct option),Community-based Paediatrics
questions/6f3462bb-79a8-4fd7-b5e1-0b27b4fd4792.json,6f3462bb-79a8-4fd7-b5e1-0b27b4fd4792,published,true,true,1,Answerable (exactly one correct option),Adolescent Medicine
questions/6fb44b53-052a-4b60-a9b6-a892e508cb18.json,6fb44b53-052a-4b60-a9b6-a892e508cb18,published,true,true,1,Answerable (exactly one correct option),Community-based Paediatrics
questions/6fe34569-4cca-487c-8c4f-0ebefc29502d.json,6fe34569-4cca-487c-8c4f-0ebefc29502d,published,false,true,1,Answerable (exactly one correct option),Unclassified
questions/7007044d-6456-4f04-a92c-ab0924858f53.json,7007044d-6456-4f04-a92c-ab0924858f53,published,false,true,1,Answerable (exactly one correct option),Unclassified
questions/7022a26b-221c-42e1-a2f0-514231d41c67.json,7022a26b-221c-42e1-a2f0-514231d41c67,published,true,true,1,Answerable (exactly one correct option),Adolescent Medicine
questions/70711fe7-ec46-4c25-badf-ea18ca7a5651.json,70711fe7-ec46-4c25-badf-ea18ca7a5651,published,false,false,0,No option has isCorrect=true,Unclassified
questions/70c518fe-0359-452d-97d4-3e1aa799bed6.json,70c518fe-0359-452d-97d4-3e1aa799bed6,published,true,true,1,Answerable (exactly one correct option),Adolescent Medicine
questions/70f16bde-29f0-40ec-b610-92edb6b29798.json,70f16bde-29f0-40ec-b610-92edb6b29798,published,true,true,1,Answerable (exactly one correct option),Paediatric Surgery
questions/7156b435-9623-4447-ac0f-9f7683b05629.json,7156b435-9623-4447-ac0f-9f7683b05629,published,true,true,1,Answerable (exactly one correct option),Adolescent Medicine
questions/717449de-df0d-4b33-8318-dabc4909a815.json,717449de-df0d-4b33-8318-dabc4909a815,published,true,true,1,Answerable (exactly one correct option),General Paediatrics
questions/718d81a7-e103-42b2-bcaf-210fad38fc9f.json,718d81a7-e103-42b2-bcaf-210fad38fc9f,published,true,true,1,Answerable (exactly one correct option),Paediatric Surgery
questions/7190d6e1-39eb-46e9-945c-e86f104c0f7c.json,7190d6e1-39eb-46e9-945c-e86f104c0f7c,published,false,false,0,No option has isCorrect=true,Unclassified
questions/71aa79f9-06b1-4736-84b5-8d82ab63595d.json,71aa79f9-06b1-4736-84b5-8d82ab63595d,published,true,false,0,No option has isCorrect=true,Paediatric Sub-specialties
questions/71cd54bc-de61-4bca-bfd0-abf538f22eb2.json,71cd54bc-de61-4bca-bfd0-abf538f22eb2,published,true,true,1,Answerable (exactly one correct option),General Paediatrics
questions/71ef1e9c-6d66-49a4-98c8-3f792b6ad6b1.json,71ef1e9c-6d66-49a4-98c8-3f792b6ad6b1,published,true,true,1,Answerable (exactly one correct option),Adolescent Medicine
questions/7213ee8a-b89c-49cf-bd37-e2f38a0a0c10.json,7213ee8a-b89c-49cf-bd37-e2f38a0a0c10,published,true,true,1,Answerable (exactly one correct option),Emergency Paediatrics
questions/721505d3-0511-49f2-acb6-df8e55630ede.json,721505d3-0511-49f2-acb6-df8e55630ede,published,true,true,1,Answerable (exactly one correct option),General Paediatrics
questions/72b91494-2cdc-4285-a121-a525f238289f.json,72b91494-2cdc-4285-a121-a525f238289f,published,true,true,1,Answerable (exactly one correct option),Adolescent Medicine
questions/72ec78d6-71f5-42a3-b258-b07a445d285a.json,72ec78d6-71f5-42a3-b258-b07a445d285a,published,false,false,0,No option has isCorrect=true,Unclassified
questions/735042ca-89a3-4f3d-95b7-6a9f09869e33.json,735042ca-89a3-4f3d-95b7-6a9f09869e33,published,true,true,1,Answerable (exactly one correct option),Emergency Paediatrics
questions/74187c1c-478e-4144-baef-a7cf11daf476.json,74187c1c-478e-4144-baef-a7cf11daf476,published,true,true,1,Answerable (exactly one correct option),General Paediatrics
questions/74b9572a-d89b-4e7f-894b-2e294063ef66.json,74b9572a-d89b-4e7f-894b-2e294063ef66,published,false,true,1,Answerable (exactly one correct option),Unclassified
questions/750b02ed-c295-426c-8fd8-c1b498dc5153.json,750b02ed-c295-426c-8fd8-c1b498dc5153,published,false,true,1,Answerable (exactly one correct option),Unclassified
questions/7517bbeb-7f32-49bc-a43f-0bb98ab63492.json,7517bbeb-7f32-49bc-a43f-0bb98ab63492,published,true,true,1,Answerable (exactly one correct option),Emergency Paediatrics
questions/7570724c-cac6-4190-9e97-73a7646d5c04.json,7570724c-cac6-4190-9e97-73a7646d5c04,published,true,true,1,Answerable (exactly one correct option),Adolescent Medicine
questions/75825a1a-7ab1-4c71-bd83-d925f3598ef9.json,75825a1a-7ab1-4c71-bd83-d925f3598ef9,published,true,true,1,Answerable (exactly one correct option),Adolescent Medicine
questions/75efa93e-d155-4f6d-96fd-b38bea3d6cc5.json,75efa93e-d155-4f6d-96fd-b38bea3d6cc5,published,true,true,1,Answerable (exactly one correct option),Adolescent Medicine
questions/75f8ff70-cc73-4cc0-97d0-d20cb4fef551.json,75f8ff70-cc73-4cc0-97d0-d20cb4fef551,published,false,true,1,Answerable (exactly one correct option),Unclassified
questions/765dba5c-729e-4e32-80fe-8143a7e43187.json,765dba5c-729e-4e32-80fe-8143a7e43187,published,true,true,1,Answerable (exactly one correct option),Adolescent Medicine
questions/767c764a-4e62-48ea-9011-40110bbc17ba.json,767c764a-4e62-48ea-9011-40110bbc17ba,published,true,true,1,Answerable (exactly one correct option),Adolescent Medicine
questions/769adb4d-966c-49f3-9594-bee9c8df9e8c.json,769adb4d-966c-49f3-9594-bee9c8df9e8c,published,false,true,1,Answerable (exactly one correct option),Unclassified
questions/76caa311-c844-4088-9b15-21f7fc35abee.json,76caa311-c844-4088-9b15-21f7fc35abee,published,false,true,1,Answerable (exactly one correct option),Unclassified
questions/76cd752e-2a37-4bac-8575-4d48ea3bb769.json,76cd752e-2a37-4bac-8575-4d48ea3bb769,published,true,true,1,Answerable (exactly one correct option),Paediatric Surgery
questions/7703530d-e784-43bd-8c09-244cbbca5bdb.json,7703530d-e784-43bd-8c09-244cbbca5bdb,published,false,true,1,Answerable (exactly one correct option),Unclassified
questions/772c42cd-748f-422c-9f21-8c9748931c7d.json,772c42cd-748f-422c-9f21-8c9748931c7d,published,true,true,1,Answerable (exactly one correct option),Paediatric Sub-specialties
questions/776d9593-5be0-4ad8-a3a7-df3d83ffd0b6.json,776d9593-5be0-4ad8-a3a7-df3d83ffd0b6,published,false,false,0,No option has isCorrect=true,Unclassified
questions/7791bb45-e576-4e47-a6e5-fe8489785eec.json,7791bb45-e576-4e47-a6e5-fe8489785eec,published,false,true,1,Answerable (exactly one correct option),Unclassified
questions/77df38e1-bd61-4f7d-8d39-b7745839883b.json,77df38e1-bd61-4f7d-8d39-b7745839883b,published,true,false,0,No option has isCorrect=true,Paediatric Surgery
questions/7841a104-a98b-4fd2-8c9a-16363e318c99.json,7841a104-a98b-4fd2-8c9a-16363e318c99,published,true,true,1,Answerable (exactly one correct option),Community-based Paediatrics
questions/78774b17-5313-4c26-96bf-7d3d168bccda.json,78774b17-5313-4c26-96bf-7d3d168bccda,published,true,true,1,Answerable (exactly one correct option),Community-based Paediatrics
questions/78d33a72-c39b-45f3-b4d5-00b259f6b650.json,78d33a72-c39b-45f3-b4d5-00b259f6b650,published,true,true,1,Answerable (exactly one correct option),Community-based Paediatrics
questions/78f18c9e-5dcd-4e85-a935-c303dd62ae3a.json,78f18c9e-5dcd-4e85-a935-c303dd62ae3a,published,true,true,1,Answerable (exactly one correct option),Paediatric Surgery
questions/78fb227c-d0b5-4432-9466-1b389b2eb791.json,78fb227c-d0b5-4432-9466-1b389b2eb791,published,true,true,1,Answerable (exactly one correct option),General Paediatrics
questions/790f4c70-ddae-4124-baae-11dfd9762aa3.json,790f4c70-ddae-4124-baae-11dfd9762aa3,published,true,true,1,Answerable (exactly one correct option),Paediatric Sub-specialties
questions/791bc3f1-4731-4845-949b-54650f965527.json,791bc3f1-4731-4845-949b-54650f965527,published,false,true,1,Answerable (exactly one correct option),Unclassified
questions/791e6cbf-88cc-42ce-a52e-814084826048.json,791e6cbf-88cc-42ce-a52e-814084826048,published,true,true,1,Answerable (exactly one correct option),General Paediatrics
questions/795ac13c-8457-4562-aa1a-dff66e4eb47c.json,795ac13c-8457-4562-aa1a-dff66e4eb47c,published,true,true,1,Answerable (exactly one correct option),Emergency Paediatrics
questions/799dd55c-17ab-40a4-a4b1-97ab818f344f.json,799dd55c-17ab-40a4-a4b1-97ab818f344f,published,true,true,1,Answerable (exactly one correct option),Paediatric Surgery
questions/79b4b610-9ad3-4958-b9c8-5c6c5e3b4ba4.json,79b4b610-9ad3-4958-b9c8-5c6c5e3b4ba4,published,true,true,1,Answerable (exactly one correct option),Community-based Paediatrics
questions/79bacd65-8de0-4dea-a890-0a6d887c9574.json,79bacd65-8de0-4dea-a890-0a6d887c9574,published,true,true,1,Answerable (exactly one correct option),General Paediatrics
questions/79ed6c8b-bd43-466c-a504-d0ceaf3b0ab8.json,79ed6c8b-bd43-466c-a504-d0ceaf3b0ab8,published,true,true,1,Answerable (exactly one correct option),Emergency Paediatrics
questions/7a4b24db-fc41-45dd-815c-e94338281071.json,7a4b24db-fc41-45dd-815c-e94338281071,published,false,true,1,Answerable (exactly one correct option),Unclassified
questions/7a632757-2974-401c-ae0c-b06caa4fe277.json,7a632757-2974-401c-ae0c-b06caa4fe277,published,true,true,1,Answerable (exactly one correct option),General Paediatrics
questions/7a9991cb-6a0d-4c8e-862f-91f5dd04a5e5.json,7a9991cb-6a0d-4c8e-862f-91f5dd04a5e5,published,false,true,1,Answerable (exactly one correct option),Unclassified
questions/7af00400-a436-4e34-b6c7-a9e7e3724827.json,7af00400-a436-4e34-b6c7-a9e7e3724827,published,true,true,1,Answerable (exactly one correct option),Adolescent Medicine
questions/7af7034d-fc5b-47b7-8a92-00d0cb0f85cf.json,7af7034d-fc5b-47b7-8a92-00d0cb0f85cf,published,true,true,1,Answerable (exactly one correct option),Adolescent Medicine
questions/7b15efb6-19c6-4d6a-bb35-40724d8ec2be.json,7b15efb6-19c6-4d6a-bb35-40724d8ec2be,published,true,true,1,Answerable (exactly one correct option),General Paediatrics
questions/7b20265d-4812-4ea4-be7c-103c0faf26cf.json,7b20265d-4812-4ea4-be7c-103c0faf26cf,published,true,true,1,Answerable (exactly one correct option),Paediatric Sub-specialties
questions/7b44fb16-170a-4a47-a494-1e98ebed2be3.json,7b44fb16-170a-4a47-a494-1e98ebed2be3,published,true,true,1,Answerable (exactly one correct option),Paediatric Sub-specialties
questions/7b669daf-32b0-40c0-9a28-4d276c81d875.json,7b669daf-32b0-40c0-9a28-4d276c81d875,published,true,true,1,Answerable (exactly one correct option),Paediatric Sub-specialties
questions/7b7584cb-7c65-4eeb-bb36-4ea6432eec3f.json,7b7584cb-7c65-4eeb-bb36-4ea6432eec3f,published,false,true,1,Answerable (exactly one correct option),Unclassified
questions/7b772ef5-b875-4cf6-8aa2-47f1b40a75c2.json,7b772ef5-b875-4cf6-8aa2-47f1b40a75c2,published,true,true,1,Answerable (exactly one correct option),General Paediatrics
questions/7bc25253-7ea8-4871-aa27-046e30cc95a0.json,7bc25253-7ea8-4871-aa27-046e30cc95a0,published,true,true,1,Answerable (exactly one correct option),Community-based Paediatrics
questions/7be642d3-7d10-47e7-a335-4cd123a4c378.json,7be642d3-7d10-47e7-a335-4cd123a4c378,published,true,true,1,Answerable (exactly one correct option),Community-based Paediatrics
questions/7c3ffd4c-1882-4f91-bc76-b1a25c5692cb.json,7c3ffd4c-1882-4f91-bc76-b1a25c5692cb,published,true,true,1,Answerable (exactly one correct option),General Paediatrics
questions/7c4ae03f-d901-4f12-9c5a-72a9ebf9fae7.json,7c4ae03f-d901-4f12-9c5a-72a9ebf9fae7,published,true,true,1,Answerable (exactly one correct option),Paediatric Surgery
questions/7c928b29-65b1-46b3-9857-2337bfbb8ff2.json,7c928b29-65b1-46b3-9857-2337bfbb8ff2,published,true,true,1,Answerable (exactly one correct option),Paediatric Sub-specialties
questions/7ca5aeb2-1b9a-460d-b264-6d7a074271b2.json,7ca5aeb2-1b9a-460d-b264-6d7a074271b2,published,true,true,1,Answerable (exactly one correct option),General Paediatrics
questions/7cf68acc-1668-43cf-bd44-6da0003281c2.json,7cf68acc-1668-43cf-bd44-6da0003281c2,published,true,true,1,Answerable (exactly one correct option),Community-based Paediatrics
questions/7d4ab24a-ed19-43de-a08a-fd50c63eac20.json,7d4ab24a-ed19-43de-a08a-fd50c63eac20,published,true,true,1,Answerable (exactly one correct option),Paediatric Sub-specialties
questions/7d67c900-b775-4634-b010-cd2f9ffdac73.json,7d67c900-b775-4634-b010-cd2f9ffdac73,published,true,true,1,Answerable (exactly one correct option),Community-based Paediatrics
questions/7dbf8d08-441e-4c89-adc3-9ca80e937590.json,7dbf8d08-441e-4c89-adc3-9ca80e937590,published,false,true,1,Answerable (exactly one correct option),Unclassified
questions/7dc86c47-00e8-4c32-811d-b5d5ff1f7786.json,7dc86c47-00e8-4c32-811d-b5d5ff1f7786,published,false,false,0,No option has isCorrect=true,Unclassified
questions/7e014b72-4e0f-43f5-8cf2-c3e095f72e4a.json,7e014b72-4e0f-43f5-8cf2-c3e095f72e4a,published,false,true,1,Answerable (exactly one correct option),Unclassified
questions/7e019a40-67ec-4d66-a498-5f5fc05303e2.json,7e019a40-67ec-4d66-a498-5f5fc05303e2,published,false,true,1,Answerable (exactly one correct option),Unclassified
questions/7e3968a6-4abb-42e5-a482-1465ff9768be.json,7e3968a6-4abb-42e5-a482-1465ff9768be,published,false,true,1,Answerable (exactly one correct option),Unclassified
questions/7e815bef-7f60-46a9-ac9b-589b0de701d6.json,7e815bef-7f60-46a9-ac9b-589b0de701d6,published,true,true,1,Answerable (exactly one correct option),Paediatric Sub-specialties
questions/7fa7385c-537f-4f72-863d-4943b3a81632.json,7fa7385c-537f-4f72-863d-4943b3a81632,published,true,true,1,Answerable (exactly one correct option),Community-based Paediatrics
questions/8046523e-d659-4b2b-89ef-39609c64faa0.json,8046523e-d659-4b2b-89ef-39609c64faa0,published,true,true,1,Answerable (exactly one correct option),Adolescent Medicine
questions/809655c1-b2ab-470c-9d60-b8996ed9583c.json,809655c1-b2ab-470c-9d60-b8996ed9583c,published,true,false,0,No option has isCorrect=true,Paediatric Sub-specialties
questions/80d805ae-b869-4d74-bb5f-981ed2e09d6a.json,80d805ae-b869-4d74-bb5f-981ed2e09d6a,published,false,true,1,Answerable (exactly one correct option),Unclassified
questions/80f95845-31b5-46e0-b1f9-7cd59b54b3e8.json,80f95845-31b5-46e0-b1f9-7cd59b54b3e8,published,true,true,1,Answerable (exactly one correct option),Paediatric Surgery
questions/81657cff-ed9a-4062-ae84-068d75c8ede1.json,81657cff-ed9a-4062-ae84-068d75c8ede1,published,true,true,1,Answerable (exactly one correct option),General Paediatrics
questions/816f1a17-0593-41f2-82cf-0a883dfd8e23.json,816f1a17-0593-41f2-82cf-0a883dfd8e23,published,true,false,0,No option has isCorrect=true,Paediatric Surgery
questions/81ec6e6f-70b2-4134-a11a-8b1ad968c21d.json,81ec6e6f-70b2-4134-a11a-8b1ad968c21d,published,true,true,1,Answerable (exactly one correct option),General Paediatrics
questions/821fb35f-579b-4e58-9ada-b6d5ad1ccf3f.json,821fb35f-579b-4e58-9ada-b6d5ad1ccf3f,published,true,true,1,Answerable (exactly one correct option),Adolescent Medicine
questions/828f5b21-481e-4ddd-af2e-beb649e0a566.json,828f5b21-481e-4ddd-af2e-beb649e0a566,published,true,false,0,No option has isCorrect=true,Emergency Paediatrics
questions/82ae363f-7602-4ad7-8c48-a087498c1705.json,82ae363f-7602-4ad7-8c48-a087498c1705,published,true,true,1,Answerable (exactly one correct option),Emergency Paediatrics
questions/830cc782-b8e6-4529-bb1e-10c05d075e48.json,830cc782-b8e6-4529-bb1e-10c05d075e48,published,false,false,0,No option has isCorrect=true,Unclassified
questions/8344792f-15d4-45c5-8464-46c484afdfb0.json,8344792f-15d4-45c5-8464-46c484afdfb0,published,true,true,1,Answerable (exactly one correct option),Paediatric Sub-specialties
questions/83470480-3a8d-466d-9753-01d1f0fdde16.json,83470480-3a8d-466d-9753-01d1f0fdde16,published,true,true,1,Answerable (exactly one correct option),Paediatric Sub-specialties
questions/8372aa4d-bcf7-45ea-ab73-6dd306779bf0.json,8372aa4d-bcf7-45ea-ab73-6dd306779bf0,published,false,true,1,Answerable (exactly one correct option),Unclassified
questions/843a6855-4e92-4c44-96b7-9eb88c7bf22b.json,843a6855-4e92-4c44-96b7-9eb88c7bf22b,published,true,true,1,Answerable (exactly one correct option),Emergency Paediatrics
questions/8484e1c6-2528-4ddc-8333-74056fe116d7.json,8484e1c6-2528-4ddc-8333-74056fe116d7,published,true,true,1,Answerable (exactly one correct option),Paediatric Sub-specialties
questions/84873998-ec18-432e-a434-359bdbf23550.json,84873998-ec18-432e-a434-359bdbf23550,published,false,false,0,No option has isCorrect=true,Unclassified
questions/849d231e-eb8c-4b1a-9f21-ba84e25f8fac.json,849d231e-eb8c-4b1a-9f21-ba84e25f8fac,published,false,false,0,No option has isCorrect=true,Unclassified
questions/84a00de6-1f9c-4064-9661-76c14a65d3a2.json,84a00de6-1f9c-4064-9661-76c14a65d3a2,published,true,true,1,Answerable (exactly one correct option),Paediatric Surgery
questions/84b9f0e5-2911-420d-a118-a83a82462fe4.json,84b9f0e5-2911-420d-a118-a83a82462fe4,published,false,true,1,Answerable (exactly one correct option),Unclassified
questions/84db4c51-894d-48a8-ab4b-d6b28a0c0a6c.json,84db4c51-894d-48a8-ab4b-d6b28a0c0a6c,published,true,true,1,Answerable (exactly one correct option),Emergency Paediatrics
questions/84f0ea1c-d96e-4ed0-992e-f0d9f62e0d56.json,84f0ea1c-d96e-4ed0-992e-f0d9f62e0d56,published,true,true,1,Answerable (exactly one correct option),Paediatric Surgery
questions/84f2a12c-248c-498b-910c-8c2e69673c0b.json,84f2a12c-248c-498b-910c-8c2e69673c0b,published,false,false,0,No option has isCorrect=true,Unclassified
questions/85001753-f269-4cbf-8095-2978aafe897b.json,85001753-f269-4cbf-8095-2978aafe897b,published,true,true,1,Answerable (exactly one correct option),Paediatric Sub-specialties
questions/851c907a-3a03-4a36-a5ed-25a27f2aa523.json,851c907a-3a03-4a36-a5ed-25a27f2aa523,published,false,true,1,Answerable (exactly one correct option),Unclassified
questions/853814e7-7a27-4b9d-99d3-832696bf3126.json,853814e7-7a27-4b9d-99d3-832696bf3126,published,true,true,1,Answerable (exactly one correct option),Paediatric Surgery
questions/8587303a-f1c3-4491-b9f7-95c45ae49737.json,8587303a-f1c3-4491-b9f7-95c45ae49737,published,true,true,1,Answerable (exactly one correct option),Paediatric Sub-specialties
questions/85a6d82b-c8f9-4775-bc8a-0065ae8c2f69.json,85a6d82b-c8f9-4775-bc8a-0065ae8c2f69,published,true,true,1,Answerable (exactly one correct option),Paediatric Sub-specialties
questions/85b1b9ba-f2fd-4171-8c5c-870ca7f871ad.json,85b1b9ba-f2fd-4171-8c5c-870ca7f871ad,published,false,true,1,Answerable (exactly one correct option),Unclassified
questions/85bf92bb-9b0f-4f67-810b-e51546d6b85c.json,85bf92bb-9b0f-4f67-810b-e51546d6b85c,published,true,true,1,Answerable (exactly one correct option),General Paediatrics
questions/85d253d2-a8d5-433b-a55e-07dd89789a48.json,85d253d2-a8d5-433b-a55e-07dd89789a48,published,true,true,1,Answerable (exactly one correct option),Paediatric Sub-specialties
questions/85d577d0-c682-4efd-941d-67df8702cbf4.json,85d577d0-c682-4efd-941d-67df8702cbf4,published,true,true,1,Answerable (exactly one correct option),Paediatric Sub-specialties
questions/86082b23-2d52-4af3-a42d-7df8a80b4f4b.json,86082b23-2d52-4af3-a42d-7df8a80b4f4b,published,true,true,1,Answerable (exactly one correct option),General Paediatrics
questions/86abdb60-ba6a-425f-8637-42c715fca12a.json,86abdb60-ba6a-425f-8637-42c715fca12a,published,true,true,1,Answerable (exactly one correct option),Emergency Paediatrics
questions/872dc9ed-ba48-4d7f-83f7-7a80cba87bac.json,872dc9ed-ba48-4d7f-83f7-7a80cba87bac,published,true,true,1,Answerable (exactly one correct option),Adolescent Medicine
questions/874f16cc-3157-49b0-ac75-b8a7316c2377.json,874f16cc-3157-49b0-ac75-b8a7316c2377,published,true,true,1,Answerable (exactly one correct option),Adolescent Medicine
questions/876d0827-c001-4d41-8686-6d58aedb3cd5.json,876d0827-c001-4d41-8686-6d58aedb3cd5,published,false,true,1,Answerable (exactly one correct option),Unclassified
questions/8773b697-8a3a-4343-bf12-10efb97a1b92.json,8773b697-8a3a-4343-bf12-10efb97a1b92,published,true,true,1,Answerable (exactly one correct option),Paediatric Sub-specialties
questions/877c1b2e-19e9-436d-a3fb-bee266f31090.json,877c1b2e-19e9-436d-a3fb-bee266f31090,published,true,true,1,Answerable (exactly one correct option),Paediatric Sub-specialties
questions/8787a2bb-ff7c-46a0-a6fb-43f7a567b7c9.json,8787a2bb-ff7c-46a0-a6fb-43f7a567b7c9,published,true,true,1,Answerable (exactly one correct option),Paediatric Surgery
questions/8789e5f1-ec46-40a3-8bbb-8a9c2e0a48d9.json,8789e5f1-ec46-40a3-8bbb-8a9c2e0a48d9,published,true,true,1,Answerable (exactly one correct option),Paediatric Sub-specialties
questions/8850939f-e1fc-4bf6-9f54-7c98f686dbb6.json,8850939f-e1fc-4bf6-9f54-7c98f686dbb6,published,false,true,1,Answerable (exactly one correct option),Unclassified
questions/88aaded7-333d-4792-a860-19e5483edda7.json,88aaded7-333d-4792-a860-19e5483edda7,published,false,false,0,No option has isCorrect=true,Unclassified
questions/88cc04fa-4e13-4c31-852b-af0a51182397.json,88cc04fa-4e13-4c31-852b-af0a51182397,published,false,true,1,Answerable (exactly one correct option),Unclassified
questions/89370315-65ef-43a9-8668-d9fa89e4b65a.json,89370315-65ef-43a9-8668-d9fa89e4b65a,published,true,true,1,Answerable (exactly one correct option),Paediatric Sub-specialties
questions/893f5a27-2e7e-48b6-8dd3-4dbda7c8244e.json,893f5a27-2e7e-48b6-8dd3-4dbda7c8244e,published,false,true,1,Answerable (exactly one correct option),Unclassified
questions/8985c075-6401-4918-a05e-f893602ee1a7.json,8985c075-6401-4918-a05e-f893602ee1a7,published,false,true,1,Answerable (exactly one correct option),Unclassified
questions/8a305481-c7e9-4696-83d7-665b7ba0516a.json,8a305481-c7e9-4696-83d7-665b7ba0516a,published,false,true,1,Answerable (exactly one correct option),Unclassified
questions/8a3a67c6-ce7d-4238-8ac6-b6431eef05af.json,8a3a67c6-ce7d-4238-8ac6-b6431eef05af,published,false,true,1,Answerable (exactly one correct option),Unclassified
questions/8a4a3eb3-aec7-4bb6-a91d-e48db49fbabb.json,8a4a3eb3-aec7-4bb6-a91d-e48db49fbabb,published,true,true,1,Answerable (exactly one correct option),Paediatric Sub-specialties
questions/8a6826b6-0e0b-4463-b2e5-a1dea4743253.json,8a6826b6-0e0b-4463-b2e5-a1dea4743253,published,true,true,1,Answerable (exactly one correct option),Community-based Paediatrics
questions/8a9ea777-814e-432d-9dd7-564666d1fa0b.json,8a9ea777-814e-432d-9dd7-564666d1fa0b,published,true,true,1,Answerable (exactly one correct option),Paediatric Sub-specialties
questions/8ab72c0a-8ee4-4e3b-87fc-b384ba2dc33e.json,8ab72c0a-8ee4-4e3b-87fc-b384ba2dc33e,published,true,false,0,No option has isCorrect=true,Paediatric Sub-specialties
questions/8acae535-c69b-4621-a1c6-c4a5304eed3b.json,8acae535-c69b-4621-a1c6-c4a5304eed3b,published,true,true,1,Answerable (exactly one correct option),General Paediatrics
questions/8ad5226e-38cd-4596-971b-fba068baebbc.json,8ad5226e-38cd-4596-971b-fba068baebbc,published,true,true,1,Answerable (exactly one correct option),Emergency Paediatrics
questions/8ad7ab81-5b28-4504-b3df-bdca0ba5531c.json,8ad7ab81-5b28-4504-b3df-bdca0ba5531c,published,false,true,1,Answerable (exactly one correct option),Unclassified
questions/8ae4c0ae-39eb-4844-86bf-b60282aec7d4.json,8ae4c0ae-39eb-4844-86bf-b60282aec7d4,published,true,true,1,Answerable (exactly one correct option),Paediatric Surgery
questions/8b1edac2-f10a-4d78-9996-3bf9c62366fb.json,8b1edac2-f10a-4d78-9996-3bf9c62366fb,published,true,true,1,Answerable (exactly one correct option),Paediatric Surgery
questions/8ba3e196-c079-4d13-a105-ad120076d1b1.json,8ba3e196-c079-4d13-a105-ad120076d1b1,published,false,false,0,No option has isCorrect=true,Unclassified
questions/8baa1dc8-fe11-49d7-8503-60a2cc2c461d.json,8baa1dc8-fe11-49d7-8503-60a2cc2c461d,published,true,true,1,Answerable (exactly one correct option),Emergency Paediatrics
questions/8bd90d73-a54a-4638-acce-26b2be0a008f.json,8bd90d73-a54a-4638-acce-26b2be0a008f,published,true,true,1,Answerable (exactly one correct option),Paediatric Sub-specialties
questions/8bef2d1b-3909-45ac-b187-590ba5d41059.json,8bef2d1b-3909-45ac-b187-590ba5d41059,published,true,true,1,Answerable (exactly one correct option),Paediatric Surgery
questions/8bf89853-f6f4-4155-b7fc-de0ba92a469a.json,8bf89853-f6f4-4155-b7fc-de0ba92a469a,published,true,true,1,Answerable (exactly one correct option),General Paediatrics
questions/8c5767e5-41df-48f5-a859-8ab7955bcd57.json,8c5767e5-41df-48f5-a859-8ab7955bcd57,published,false,true,1,Answerable (exactly one correct option),Unclassified
questions/8c7fb3df-dd5e-41a2-920a-54fc3228d625.json,8c7fb3df-dd5e-41a2-920a-54fc3228d625,published,true,true,1,Answerable (exactly one correct option),Emergency Paediatrics
questions/8c8620bc-822f-414b-803d-bfa80ab80d43.json,8c8620bc-822f-414b-803d-bfa80ab80d43,published,true,true,1,Answerable (exactly one correct option),General Paediatrics
questions/8cdff16d-92e8-4a48-9631-a0cb4f8a03f5.json,8cdff16d-92e8-4a48-9631-a0cb4f8a03f5,published,true,true,1,Answerable (exactly one correct option),Paediatric Surgery
questions/8d1d6380-1caa-4538-8c01-727a1273620a.json,8d1d6380-1caa-4538-8c01-727a1273620a,published,false,false,0,No option has isCorrect=true,Unclassified
questions/8e460b7e-a245-4491-8de8-10d441e9e6c7.json,8e460b7e-a245-4491-8de8-10d441e9e6c7,published,true,true,1,Answerable (exactly one correct option),General Paediatrics
questions/8e9bc435-9aff-4fa8-8300-513b859ae3c4.json,8e9bc435-9aff-4fa8-8300-513b859ae3c4,published,false,true,1,Answerable (exactly one correct option),Unclassified
questions/8f1cd677-5afe-402a-994b-dba0a45c38a5.json,8f1cd677-5afe-402a-994b-dba0a45c38a5,published,true,true,1,Answerable (exactly one correct option),Paediatric Sub-specialties
questions/8f62f404-835c-4147-a0df-1d145a04fd32.json,8f62f404-835c-4147-a0df-1d145a04fd32,published,true,true,1,Answerable (exactly one correct option),General Paediatrics
questions/8f9175db-6f73-437f-9bcf-76e4071a8ebe.json,8f9175db-6f73-437f-9bcf-76e4071a8ebe,published,true,false,0,No option has isCorrect=true,General Paediatrics
questions/8facb68b-ca5d-4391-83f6-d1e5444f8b55.json,8facb68b-ca5d-4391-83f6-d1e5444f8b55,published,false,true,1,Answerable (exactly one correct option),Unclassified
questions/8fe54393-98f3-4919-8c4d-439e29736f8a.json,8fe54393-98f3-4919-8c4d-439e29736f8a,published,true,true,1,Answerable (exactly one correct option),Paediatric Sub-specialties
questions/907ab984-d9ae-4b14-b96f-841fc7c92910.json,907ab984-d9ae-4b14-b96f-841fc7c92910,published,true,true,1,Answerable (exactly one correct option),Paediatric Surgery
questions/910660c3-d8aa-4c14-bbb2-784a26e978eb.json,910660c3-d8aa-4c14-bbb2-784a26e978eb,published,true,true,1,Answerable (exactly one correct option),Paediatric Sub-specialties
questions/9108d09e-cd98-4ce0-ac73-662ce1fe7746.json,9108d09e-cd98-4ce0-ac73-662ce1fe7746,published,false,true,1,Answerable (exactly one correct option),Unclassified
questions/9158ca10-2fd8-45a0-a431-c72778f9a7f3.json,9158ca10-2fd8-45a0-a431-c72778f9a7f3,published,true,true,1,Answerable (exactly one correct option),Paediatric Surgery
questions/9193be8d-f43f-4360-a794-6c343f140c67.json,9193be8d-f43f-4360-a794-6c343f140c67,published,true,true,1,Answerable (exactly one correct option),Paediatric Sub-specialties
questions/92805a22-64d0-4206-bcbe-7470c5254aef.json,92805a22-64d0-4206-bcbe-7470c5254aef,published,true,true,1,Answerable (exactly one correct option),General Paediatrics
questions/92ab75b2-1a26-420b-8409-095572712ca8.json,92ab75b2-1a26-420b-8409-095572712ca8,published,true,true,1,Answerable (exactly one correct option),Paediatric Sub-specialties
questions/92b4b2ac-f995-4417-b344-f8a8fa4001ed.json,92b4b2ac-f995-4417-b344-f8a8fa4001ed,published,true,true,1,Answerable (exactly one correct option),Adolescent Medicine
questions/92e688a0-e5b5-4c2f-ad1c-33615b559436.json,92e688a0-e5b5-4c2f-ad1c-33615b559436,published,true,true,1,Answerable (exactly one correct option),Emergency Paediatrics
questions/9364072d-c41e-4d29-87a6-4ddd760deabd.json,9364072d-c41e-4d29-87a6-4ddd760deabd,published,false,true,1,Answerable (exactly one correct option),Unclassified
questions/939961e3-f138-47da-aba9-1adffa7c1dd0.json,939961e3-f138-47da-aba9-1adffa7c1dd0,published,false,true,1,Answerable (exactly one correct option),Unclassified
questions/939b7137-b92b-4f47-a14b-3a9c5ece7ea9.json,939b7137-b92b-4f47-a14b-3a9c5ece7ea9,published,true,true,1,Answerable (exactly one correct option),General Paediatrics
questions/9408bce3-1066-49b9-b677-807261e8df05.json,9408bce3-1066-49b9-b677-807261e8df05,published,true,true,1,Answerable (exactly one correct option),Paediatric Sub-specialties
questions/94330124-0448-4a4d-90a7-85b421f0160f.json,94330124-0448-4a4d-90a7-85b421f0160f,published,true,true,1,Answerable (exactly one correct option),General Paediatrics
questions/94c8e00d-d326-43e1-8d9c-5e522e493b9b.json,94c8e00d-d326-43e1-8d9c-5e522e493b9b,published,true,true,1,Answerable (exactly one correct option),Paediatric Surgery
questions/95044743-062f-4379-8249-095c94dc9f31.json,95044743-062f-4379-8249-095c94dc9f31,published,false,false,0,No option has isCorrect=true,Unclassified
questions/951e4607-1909-4dc1-ab2e-150251e2657d.json,951e4607-1909-4dc1-ab2e-150251e2657d,published,true,true,1,Answerable (exactly one correct option),Paediatric Sub-specialties
questions/952da767-3097-45f5-8944-16f8fae0c330.json,952da767-3097-45f5-8944-16f8fae0c330,published,true,true,1,Answerable (exactly one correct option),Paediatric Sub-specialties
questions/9553ace4-880c-4470-87ae-c533d886285a.json,9553ace4-880c-4470-87ae-c533d886285a,published,true,true,1,Answerable (exactly one correct option),Adolescent Medicine
questions/9565473b-0cc8-4dfb-98f0-44a26cd31138.json,9565473b-0cc8-4dfb-98f0-44a26cd31138,published,false,true,1,Answerable (exactly one correct option),Unclassified
questions/95866a57-4e80-43ae-b6ac-e697755a09cf.json,95866a57-4e80-43ae-b6ac-e697755a09cf,published,true,true,1,Answerable (exactly one correct option),Adolescent Medicine
questions/95ccf1c7-8ba5-4d77-b51c-c53032967b85.json,95ccf1c7-8ba5-4d77-b51c-c53032967b85,published,true,true,1,Answerable (exactly one correct option),Paediatric Sub-specialties
questions/95d489a8-46a7-4d9b-b479-fe0cb77bcc26.json,95d489a8-46a7-4d9b-b479-fe0cb77bcc26,published,false,true,1,Answerable (exactly one correct option),Unclassified
questions/95e4c3bd-abb1-460a-a523-af48af344f64.json,95e4c3bd-abb1-460a-a523-af48af344f64,published,true,true,1,Answerable (exactly one correct option),Paediatric Sub-specialties
questions/95ff8556-282a-4d26-a0d6-5b99d68c6ed3.json,95ff8556-282a-4d26-a0d6-5b99d68c6ed3,published,true,true,1,Answerable (exactly one correct option),Paediatric Sub-specialties
questions/96ce56e4-b56d-42b4-b5a2-4f877f34f66c.json,96ce56e4-b56d-42b4-b5a2-4f877f34f66c,published,false,true,1,Answerable (exactly one correct option),Unclassified
questions/96fe7565-b60f-44d2-9260-34e575bd6597.json,96fe7565-b60f-44d2-9260-34e575bd6597,published,true,true,1,Answerable (exactly one correct option),Emergency Paediatrics
questions/970ce6eb-7b1f-45a0-805e-eb8894f2929b.json,970ce6eb-7b1f-45a0-805e-eb8894f2929b,published,true,true,1,Answerable (exactly one correct option),Emergency Paediatrics
questions/973181ba-d4d6-4471-b44a-f3d7cb94c02b.json,973181ba-d4d6-4471-b44a-f3d7cb94c02b,published,false,true,1,Answerable (exactly one correct option),Unclassified
questions/9734684e-7f0c-42e8-a124-b8477bee4518.json,9734684e-7f0c-42e8-a124-b8477bee4518,published,false,false,0,No option has isCorrect=true,Unclassified
questions/97508cf0-11c0-41c8-898a-dc49aebb7e62.json,97508cf0-11c0-41c8-898a-dc49aebb7e62,published,true,true,1,Answerable (exactly one correct option),Paediatric Sub-specialties
questions/9770009f-67d7-439b-96cc-6c8d7c060a24.json,9770009f-67d7-439b-96cc-6c8d7c060a24,published,true,false,0,No option has isCorrect=true,Paediatric Surgery
questions/97e784a7-46ff-48df-8be1-2f7000192218.json,97e784a7-46ff-48df-8be1-2f7000192218,published,true,true,1,Answerable (exactly one correct option),Adolescent Medicine
questions/97fef664-39ad-4c9f-8c46-0d505316d4c7.json,97fef664-39ad-4c9f-8c46-0d505316d4c7,published,true,true,1,Answerable (exactly one correct option),General Paediatrics
questions/98010d8a-2e3f-45f7-9382-878c073d9792.json,98010d8a-2e3f-45f7-9382-878c073d9792,published,true,false,0,No option has isCorrect=true,Paediatric Sub-specialties
questions/9824676c-267d-4bdd-bf99-ad4953df2949.json,9824676c-267d-4bdd-bf99-ad4953df2949,published,true,true,1,Answerable (exactly one correct option),Paediatric Surgery
questions/986f9387-0da8-4593-9420-05b79692c827.json,986f9387-0da8-4593-9420-05b79692c827,published,true,true,1,Answerable (exactly one correct option),Community-based Paediatrics
questions/988c66ce-27cf-4c32-b352-e958e73bb9c9.json,988c66ce-27cf-4c32-b352-e958e73bb9c9,published,true,true,1,Answerable (exactly one correct option),Paediatric Sub-specialties
questions/988dee0f-9aa4-45e1-98bd-125a541f6be1.json,988dee0f-9aa4-45e1-98bd-125a541f6be1,published,true,true,1,Answerable (exactly one correct option),Paediatric Sub-specialties
questions/98ac788e-8dc5-4007-ae02-b29fa70c0ded.json,98ac788e-8dc5-4007-ae02-b29fa70c0ded,published,true,true,1,Answerable (exactly one correct option),Emergency Paediatrics
questions/994a04f5-998c-423b-a992-8fc7b6005909.json,994a04f5-998c-423b-a992-8fc7b6005909,published,false,false,0,No option has isCorrect=true,Unclassified
questions/99e7d1cc-1987-425b-baf2-ad7b82408152.json,99e7d1cc-1987-425b-baf2-ad7b82408152,published,true,true,1,Answerable (exactly one correct option),Paediatric Sub-specialties
questions/99eb27d2-83f9-44f1-8122-2db5fac965f1.json,99eb27d2-83f9-44f1-8122-2db5fac965f1,published,false,true,1,Answerable (exactly one correct option),Unclassified
questions/9a49c878-6461-477f-8859-61b7a81b32c4.json,9a49c878-6461-477f-8859-61b7a81b32c4,published,true,true,1,Answerable (exactly one correct option),Paediatric Surgery
questions/9a70a3f5-214e-40f3-bbab-0e2fd87237ae.json,9a70a3f5-214e-40f3-bbab-0e2fd87237ae,published,true,true,1,Answerable (exactly one correct option),Paediatric Sub-specialties
questions/9aaa2727-94e3-4212-8b9f-682dd456fc94.json,9aaa2727-94e3-4212-8b9f-682dd456fc94,published,true,true,1,Answerable (exactly one correct option),Community-based Paediatrics
questions/9aaebfd0-66e2-4721-bb0b-b2c54d82e2de.json,9aaebfd0-66e2-4721-bb0b-b2c54d82e2de,published,true,true,1,Answerable (exactly one correct option),Paediatric Surgery
questions/9abb76b4-2f5b-4ad7-8750-85f452eb1a87.json,9abb76b4-2f5b-4ad7-8750-85f452eb1a87,published,true,true,1,Answerable (exactly one correct option),Paediatric Surgery
questions/9abc923d-5ee5-4421-9f32-c915e210e9fa.json,9abc923d-5ee5-4421-9f32-c915e210e9fa,published,true,true,1,Answerable (exactly one correct option),Community-based Paediatrics
questions/9ad9c6f4-a9ac-4052-87c8-90c83c4d5405.json,9ad9c6f4-a9ac-4052-87c8-90c83c4d5405,published,true,true,1,Answerable (exactly one correct option),Paediatric Sub-specialties
questions/9ae1e688-a658-48fb-9d87-e45a540cefa4.json,9ae1e688-a658-48fb-9d87-e45a540cefa4,published,true,true,1,Answerable (exactly one correct option),Paediatric Surgery
questions/9aedf789-a3c4-4648-8a22-8571536c5f8a.json,9aedf789-a3c4-4648-8a22-8571536c5f8a,published,true,true,1,Answerable (exactly one correct option),Paediatric Surgery
questions/9b55cf6a-882d-4afb-b734-88f0fd8f4cb1.json,9b55cf6a-882d-4afb-b734-88f0fd8f4cb1,published,true,true,1,Answerable (exactly one correct option),General Paediatrics
questions/9bbb4772-fdbb-4880-b1c3-529db8c8c28e.json,9bbb4772-fdbb-4880-b1c3-529db8c8c28e,published,false,false,0,No option has isCorrect=true,Unclassified
questions/9bf4188d-e442-4576-8104-7f770e6b051e.json,9bf4188d-e442-4576-8104-7f770e6b051e,published,true,true,1,Answerable (exactly one correct option),Paediatric Sub-specialties
questions/9c4d5504-31d9-4c7c-a9d9-ff8366e0623e.json,9c4d5504-31d9-4c7c-a9d9-ff8366e0623e,published,true,true,1,Answerable (exactly one correct option),Paediatric Sub-specialties
questions/9c63a2d1-8e2c-4f68-b18e-bb6822a1245f.json,9c63a2d1-8e2c-4f68-b18e-bb6822a1245f,published,true,true,1,Answerable (exactly one correct option),Paediatric Sub-specialties
questions/9cc32333-711c-484f-ba45-c2872695ea1b.json,9cc32333-711c-484f-ba45-c2872695ea1b,published,true,true,1,Answerable (exactly one correct option),General Paediatrics
questions/9ccc0719-08f1-4231-a4b0-73f19515ce65.json,9ccc0719-08f1-4231-a4b0-73f19515ce65,published,true,true,1,Answerable (exactly one correct option),General Paediatrics
questions/9cf03c1c-fa0f-453b-8687-7fa5272eea0f.json,9cf03c1c-fa0f-453b-8687-7fa5272eea0f,published,false,true,1,Answerable (exactly one correct option),Unclassified
questions/9d495d5c-52a4-44a6-a1d6-a9ca869be854.json,9d495d5c-52a4-44a6-a1d6-a9ca869be854,published,true,true,1,Answerable (exactly one correct option),Paediatric Surgery
questions/9dc47ea3-8530-4912-973f-1d13a4a012e4.json,9dc47ea3-8530-4912-973f-1d13a4a012e4,published,false,true,1,Answerable (exactly one correct option),Unclassified
questions/9de7b0e8-ac9d-4dd3-be10-40532b21f16f.json,9de7b0e8-ac9d-4dd3-be10-40532b21f16f,published,false,true,1,Answerable (exactly one correct option),Unclassified
questions/9e239ecf-e8db-4df9-9c1f-0f33425aec63.json,9e239ecf-e8db-4df9-9c1f-0f33425aec63,published,false,false,0,No option has isCorrect=true,Unclassified
questions/9ef08069-77d2-40e1-85e5-19356cdab7f6.json,9ef08069-77d2-40e1-85e5-19356cdab7f6,published,true,true,1,Answerable (exactly one correct option),General Paediatrics
questions/9f7f58ee-fc59-4910-b0d8-eebe996544bb.json,9f7f58ee-fc59-4910-b0d8-eebe996544bb,published,false,true,1,Answerable (exactly one correct option),Unclassified
questions/a0c78931-854d-4475-972e-a22694ae25e1.json,a0c78931-854d-4475-972e-a22694ae25e1,published,true,true,1,Answerable (exactly one correct option),General Paediatrics
questions/a12d7304-f02a-4402-8b58-4df33f820295.json,a12d7304-f02a-4402-8b58-4df33f820295,published,true,true,1,Answerable (exactly one correct option),Paediatric Sub-specialties
questions/a1e3855d-8445-4f6c-851a-8d1c66da5ddc.json,a1e3855d-8445-4f6c-851a-8d1c66da5ddc,published,true,true,1,Answerable (exactly one correct option),Paediatric Sub-specialties
questions/a1f89ee1-9f68-4ef4-8c4d-8a2a66a0b0f3.json,a1f89ee1-9f68-4ef4-8c4d-8a2a66a0b0f3,published,false,false,0,No option has isCorrect=true,Unclassified
questions/a220cec4-2b61-4ded-b47f-e853df084027.json,a220cec4-2b61-4ded-b47f-e853df084027,published,true,true,1,Answerable (exactly one correct option),Paediatric Sub-specialties
questions/a24f9ccf-a26c-4544-8fb2-2401d5bc55c8.json,a24f9ccf-a26c-4544-8fb2-2401d5bc55c8,published,true,true,1,Answerable (exactly one correct option),Paediatric Sub-specialties
questions/a2c5d6e1-b4bc-411b-b6b9-6a6f04e376e3.json,a2c5d6e1-b4bc-411b-b6b9-6a6f04e376e3,published,true,false,0,No option has isCorrect=true,Paediatric Sub-specialties
questions/a304fbde-6918-4c64-935f-76a0d4b5e804.json,a304fbde-6918-4c64-935f-76a0d4b5e804,published,true,true,1,Answerable (exactly one correct option),Paediatric Surgery
questions/a30c6b05-af1c-470a-a074-83a421a793da.json,a30c6b05-af1c-470a-a074-83a421a793da,published,false,true,1,Answerable (exactly one correct option),Unclassified
questions/a313cd7d-3f54-4368-aa2a-12db7cbbf504.json,a313cd7d-3f54-4368-aa2a-12db7cbbf504,published,false,false,0,No option has isCorrect=true,Unclassified
questions/a34bfe65-ef70-4e7c-9128-7d775a77910d.json,a34bfe65-ef70-4e7c-9128-7d775a77910d,published,true,true,1,Answerable (exactly one correct option),Paediatric Sub-specialties
questions/a365c21c-3484-4fb9-b86c-0d1cb004d97b.json,a365c21c-3484-4fb9-b86c-0d1cb004d97b,published,true,true,1,Answerable (exactly one correct option),Paediatric Sub-specialties
questions/a39ebb38-9848-4d04-82d8-7e648ee23119.json,a39ebb38-9848-4d04-82d8-7e648ee23119,published,false,false,0,No option has isCorrect=true,Unclassified
questions/a44cf4a5-5672-42e0-88cc-92a0970bd2e5.json,a44cf4a5-5672-42e0-88cc-92a0970bd2e5,published,true,true,1,Answerable (exactly one correct option),Emergency Paediatrics
questions/a54a604f-0370-4324-b88e-c6629c07de35.json,a54a604f-0370-4324-b88e-c6629c07de35,published,true,true,1,Answerable (exactly one correct option),Paediatric Surgery
questions/a56a46ff-6c9b-412c-a3b2-202fd9244886.json,a56a46ff-6c9b-412c-a3b2-202fd9244886,published,true,true,1,Answerable (exactly one correct option),General Paediatrics
questions/a57d7d58-02cb-49be-b8fc-6f6d74c57790.json,a57d7d58-02cb-49be-b8fc-6f6d74c57790,published,true,false,0,No option has isCorrect=true,General Paediatrics
questions/a5e35579-e46c-4ef9-923d-4781f8c0cd04.json,a5e35579-e46c-4ef9-923d-4781f8c0cd04,published,true,true,1,Answerable (exactly one correct option),Paediatric Surgery
questions/a5ea0614-4ce5-4a01-b2e1-1b3e1be36262.json,a5ea0614-4ce5-4a01-b2e1-1b3e1be36262,published,true,true,1,Answerable (exactly one correct option),Paediatric Surgery
questions/a63a286f-de6b-43ef-a21a-5db90a59ada8.json,a63a286f-de6b-43ef-a21a-5db90a59ada8,published,true,true,1,Answerable (exactly one correct option),Emergency Paediatrics
questions/a6bf62e3-f2e6-4fef-8e1f-1854977dd8d4.json,a6bf62e3-f2e6-4fef-8e1f-1854977dd8d4,published,true,true,1,Answerable (exactly one correct option),Emergency Paediatrics
questions/a704b998-3f8c-4eb6-9c71-fd674ad5960b.json,a704b998-3f8c-4eb6-9c71-fd674ad5960b,published,false,true,1,Answerable (exactly one correct option),Unclassified
questions/a7205387-6b6d-451e-8412-fc3c452bd9e0.json,a7205387-6b6d-451e-8412-fc3c452bd9e0,published,false,false,0,No option has isCorrect=true,Unclassified
questions/a7278e03-83ea-4c7f-bc15-7b1e6d1cd6e8.json,a7278e03-83ea-4c7f-bc15-7b1e6d1cd6e8,published,true,true,1,Answerable (exactly one correct option),Paediatric Sub-specialties
questions/a7544816-c5e7-422c-aa20-3f02126b4b21.json,a7544816-c5e7-422c-aa20-3f02126b4b21,published,true,true,1,Answerable (exactly one correct option),Paediatric Sub-specialties
questions/a7575761-a818-46cc-a16f-899bc777ccc8.json,a7575761-a818-46cc-a16f-899bc777ccc8,published,true,true,1,Answerable (exactly one correct option),Paediatric Surgery
questions/a776c58a-189f-4042-8c20-155e6c3382be.json,a776c58a-189f-4042-8c20-155e6c3382be,published,true,true,1,Answerable (exactly one correct option),Emergency Paediatrics
questions/a7a897d2-b2ab-45aa-ae87-80aa498b22f9.json,a7a897d2-b2ab-45aa-ae87-80aa498b22f9,published,true,true,1,Answerable (exactly one correct option),Paediatric Surgery
questions/a7be40cf-2e33-4014-a596-dfdbdd72956f.json,a7be40cf-2e33-4014-a596-dfdbdd72956f,published,true,true,1,Answerable (exactly one correct option),Paediatric Surgery
questions/a7ce2157-4669-4c35-b345-a2d5d8cc01be.json,a7ce2157-4669-4c35-b345-a2d5d8cc01be,published,true,true,1,Answerable (exactly one correct option),Paediatric Sub-specialties
questions/a7e38b85-2f98-4f37-8e84-52f6085892d5.json,a7e38b85-2f98-4f37-8e84-52f6085892d5,published,true,true,1,Answerable (exactly one correct option),Paediatric Surgery
questions/a7eb98f1-7604-4d96-8190-1ed054b64f5a.json,a7eb98f1-7604-4d96-8190-1ed054b64f5a,published,true,true,1,Answerable (exactly one correct option),Adolescent Medicine
questions/a81cb8c8-b04f-4c9a-bf0e-b450967280af.json,a81cb8c8-b04f-4c9a-bf0e-b450967280af,published,true,true,1,Answerable (exactly one correct option),Paediatric Sub-specialties
questions/a85cec8c-0394-4e8d-86b6-65a42b4e8753.json,a85cec8c-0394-4e8d-86b6-65a42b4e8753,published,true,true,1,Answerable (exactly one correct option),Emergency Paediatrics
questions/a9419a8b-c879-43f0-8463-899828747f2c.json,a9419a8b-c879-43f0-8463-899828747f2c,published,true,true,1,Answerable (exactly one correct option),Emergency Paediatrics
questions/a947992f-59a0-476d-85fb-f6ce17cfdc43.json,a947992f-59a0-476d-85fb-f6ce17cfdc43,published,true,true,1,Answerable (exactly one correct option),Community-based Paediatrics
questions/a95a4740-5900-4d56-91c7-315782727243.json,a95a4740-5900-4d56-91c7-315782727243,published,true,false,0,No option has isCorrect=true,Paediatric Surgery
questions/a964ea23-50c2-4144-bae2-fee625ed3d89.json,a964ea23-50c2-4144-bae2-fee625ed3d89,published,true,true,1,Answerable (exactly one correct option),Emergency Paediatrics
questions/a9a73d18-372c-4cbb-a742-2c347391ac8e.json,a9a73d18-372c-4cbb-a742-2c347391ac8e,published,false,true,1,Answerable (exactly one correct option),Unclassified
questions/a9c0e3a2-c53e-474d-bc86-3c920a64c050.json,a9c0e3a2-c53e-474d-bc86-3c920a64c050,published,true,true,1,Answerable (exactly one correct option),Paediatric Surgery
questions/a9d51a71-8aa2-4ac5-a943-3d618af73b42.json,a9d51a71-8aa2-4ac5-a943-3d618af73b42,published,true,true,1,Answerable (exactly one correct option),General Paediatrics
questions/aa140a93-44ee-4cde-8627-b295793f183f.json,aa140a93-44ee-4cde-8627-b295793f183f,published,true,true,1,Answerable (exactly one correct option),Community-based Paediatrics
questions/aabc6117-6185-46d6-a7c8-4f20a0170675.json,aabc6117-6185-46d6-a7c8-4f20a0170675,published,true,false,0,No option has isCorrect=true,Paediatric Surgery
questions/ab64eb50-d87a-4a52-9296-a021c13bb471.json,ab64eb50-d87a-4a52-9296-a021c13bb471,published,true,true,1,Answerable (exactly one correct option),General Paediatrics
questions/abb1b0e8-02a7-4552-91a9-198053a352b3.json,abb1b0e8-02a7-4552-91a9-198053a352b3,published,false,false,0,No option has isCorrect=true,Unclassified
questions/abddec6f-9447-4326-a15f-23d9d120e8ae.json,abddec6f-9447-4326-a15f-23d9d120e8ae,published,true,true,1,Answerable (exactly one correct option),Community-based Paediatrics
questions/abebf83d-f1d8-41bc-9b71-c3813754dcd5.json,abebf83d-f1d8-41bc-9b71-c3813754dcd5,published,false,true,1,Answerable (exactly one correct option),Unclassified
questions/ac99ef8c-b268-4b82-9b17-73feb021f418.json,ac99ef8c-b268-4b82-9b17-73feb021f418,published,true,true,1,Answerable (exactly one correct option),Paediatric Surgery
questions/aca5bc8a-0662-4251-9b65-a8a316895711.json,aca5bc8a-0662-4251-9b65-a8a316895711,published,false,true,1,Answerable (exactly one correct option),Unclassified
questions/acace927-c13b-4faf-b0f5-e7371fc7659e.json,acace927-c13b-4faf-b0f5-e7371fc7659e,published,true,true,1,Answerable (exactly one correct option),General Paediatrics
questions/acaf2222-0763-4e67-995c-7cecc16c29ae.json,acaf2222-0763-4e67-995c-7cecc16c29ae,published,true,false,0,No option has isCorrect=true,Paediatric Sub-specialties
questions/acd8ba8b-5b02-4d7f-886a-a9d781e1f0ea.json,acd8ba8b-5b02-4d7f-886a-a9d781e1f0ea,published,true,true,1,Answerable (exactly one correct option),General Paediatrics
questions/acf57bbf-e663-4ff9-b005-6ef68128c3c2.json,acf57bbf-e663-4ff9-b005-6ef68128c3c2,published,true,true,1,Answerable (exactly one correct option),Paediatric Surgery
questions/ad22c313-1ab3-4dff-be18-7f9649ebdd06.json,ad22c313-1ab3-4dff-be18-7f9649ebdd06,published,true,true,1,Answerable (exactly one correct option),General Paediatrics
questions/ad5f90db-6a00-4049-bbcc-146f6a91b90d.json,ad5f90db-6a00-4049-bbcc-146f6a91b90d,published,true,true,1,Answerable (exactly one correct option),Emergency Paediatrics
questions/ad9fb4f1-6992-4e15-b842-3a52c1f25743.json,ad9fb4f1-6992-4e15-b842-3a52c1f25743,published,true,true,1,Answerable (exactly one correct option),Paediatric Sub-specialties
questions/adb072ab-3e23-44af-9600-cd5a0a99a140.json,adb072ab-3e23-44af-9600-cd5a0a99a140,published,true,true,1,Answerable (exactly one correct option),Paediatric Sub-specialties
questions/add5e249-610b-4df2-ae94-3099e151f167.json,add5e249-610b-4df2-ae94-3099e151f167,published,true,true,1,Answerable (exactly one correct option),Paediatric Sub-specialties
questions/adff37a7-4540-4715-a532-45b4e59e65f6.json,adff37a7-4540-4715-a532-45b4e59e65f6,published,true,true,1,Answerable (exactly one correct option),Paediatric Sub-specialties
questions/ae2f70ae-0e61-47f8-8827-50cf629c4584.json,ae2f70ae-0e61-47f8-8827-50cf629c4584,published,false,true,1,Answerable (exactly one correct option),Unclassified
questions/ae56c6bf-3cbe-47d8-9931-edc143dd93d9.json,ae56c6bf-3cbe-47d8-9931-edc143dd93d9,published,true,true,1,Answerable (exactly one correct option),Paediatric Sub-specialties
questions/ae71aa8d-3e09-4e60-94b1-eceec468e69d.json,ae71aa8d-3e09-4e60-94b1-eceec468e69d,published,true,true,1,Answerable (exactly one correct option),Paediatric Surgery
questions/aed80510-6552-43b4-85cd-125c3b8baab1.json,aed80510-6552-43b4-85cd-125c3b8baab1,published,true,true,1,Answerable (exactly one correct option),General Paediatrics
questions/aeeca2ef-a5ab-4391-ac38-da4905a16673.json,aeeca2ef-a5ab-4391-ac38-da4905a16673,published,false,false,0,No option has isCorrect=true,Unclassified
questions/aef0d323-ee83-42db-85a5-7bb73ede1876.json,aef0d323-ee83-42db-85a5-7bb73ede1876,published,true,true,1,Answerable (exactly one correct option),General Paediatrics
questions/aefe34b1-46af-44a5-94f6-31dcaf663659.json,aefe34b1-46af-44a5-94f6-31dcaf663659,published,false,false,0,No option has isCorrect=true,Unclassified
questions/af08691c-1633-4c52-9f98-85612c48ed2d.json,af08691c-1633-4c52-9f98-85612c48ed2d,published,true,false,0,No option has isCorrect=true,Emergency Paediatrics
questions/af18b73f-2b6a-4ef9-9b13-0083981bb306.json,af18b73f-2b6a-4ef9-9b13-0083981bb306,published,false,false,0,No option has isCorrect=true,Unclassified
questions/af9de150-44c2-4795-ac67-522acf4d2301.json,af9de150-44c2-4795-ac67-522acf4d2301,published,true,true,1,Answerable (exactly one correct option),Community-based Paediatrics
questions/afdbd0c1-e0f8-4a4e-884a-cabbb4a2ed44.json,afdbd0c1-e0f8-4a4e-884a-cabbb4a2ed44,published,true,true,1,Answerable (exactly one correct option),General Paediatrics
questions/b03c2534-c754-4623-99ab-a77ed41621c1.json,b03c2534-c754-4623-99ab-a77ed41621c1,published,false,false,0,No option has isCorrect=true,Unclassified
questions/b048bfc7-0bb3-419f-b9e7-6beda8b199b1.json,b048bfc7-0bb3-419f-b9e7-6beda8b199b1,published,true,true,1,Answerable (exactly one correct option),Paediatric Sub-specialties
questions/b0aea154-ec3d-42ec-ba4e-2de33c25063c.json,b0aea154-ec3d-42ec-ba4e-2de33c25063c,published,true,true,1,Answerable (exactly one correct option),Paediatric Sub-specialties
questions/b11d1581-d494-4bbf-8072-7a7eff49d0bc.json,b11d1581-d494-4bbf-8072-7a7eff49d0bc,published,true,true,1,Answerable (exactly one correct option),Paediatric Sub-specialties
questions/b13d79f3-0385-4382-be25-fb1a2e1ab3ee.json,b13d79f3-0385-4382-be25-fb1a2e1ab3ee,published,true,true,1,Answerable (exactly one correct option),Adolescent Medicine
questions/b1443b6e-8f14-4a9d-8262-6fc1113b896f.json,b1443b6e-8f14-4a9d-8262-6fc1113b896f,published,false,false,0,No option has isCorrect=true,Unclassified
questions/b1ccd830-9f93-4203-9f09-f9b09e3f64ef.json,b1ccd830-9f93-4203-9f09-f9b09e3f64ef,published,true,true,1,Answerable (exactly one correct option),Paediatric Sub-specialties
questions/b1cda04f-7913-45e9-af1a-6cfbcd8498c3.json,b1cda04f-7913-45e9-af1a-6cfbcd8498c3,published,false,true,1,Answerable (exactly one correct option),Unclassified
questions/b1e372f0-97bd-431c-a1c7-c4f2b4132a0f.json,b1e372f0-97bd-431c-a1c7-c4f2b4132a0f,published,true,true,1,Answerable (exactly one correct option),General Paediatrics
questions/b1f35217-d9f8-4099-ae06-5db7bfe54ef1.json,b1f35217-d9f8-4099-ae06-5db7bfe54ef1,published,true,true,1,Answerable (exactly one correct option),Paediatric Surgery
questions/b1f7ef10-bd71-4f86-9693-b1970c612210.json,b1f7ef10-bd71-4f86-9693-b1970c612210,published,true,true,1,Answerable (exactly one correct option),Paediatric Sub-specialties
questions/b2095083-6959-4b06-8197-3dfcc29331dc.json,b2095083-6959-4b06-8197-3dfcc29331dc,published,true,true,1,Answerable (exactly one correct option),Paediatric Surgery
questions/b283119a-f71e-4fbf-aedc-ecf5f8fc5875.json,b283119a-f71e-4fbf-aedc-ecf5f8fc5875,published,false,false,0,No option has isCorrect=true,Unclassified
questions/b29bb8db-678d-4811-823b-2ba486d94334.json,b29bb8db-678d-4811-823b-2ba486d94334,published,true,false,0,No option has isCorrect=true,Emergency Paediatrics
questions/b2dbce1d-ae71-4810-8d61-33cf1e448cda.json,b2dbce1d-ae71-4810-8d61-33cf1e448cda,published,false,true,1,Answerable (exactly one correct option),Unclassified
questions/b356146b-b1ba-4a55-b9e9-e66a4be51391.json,b356146b-b1ba-4a55-b9e9-e66a4be51391,published,false,false,0,No option has isCorrect=true,Unclassified
questions/b3605b87-7e44-4a4d-ba5a-a607dbdc78db.json,b3605b87-7e44-4a4d-ba5a-a607dbdc78db,published,true,true,1,Answerable (exactly one correct option),Paediatric Surgery
questions/b37eb932-a135-4a26-b5d7-d0a7c2c3a936.json,b37eb932-a135-4a26-b5d7-d0a7c2c3a936,published,true,true,1,Answerable (exactly one correct option),General Paediatrics
questions/b3ee8630-f168-4f65-a667-9f4cf9a41fdc.json,b3ee8630-f168-4f65-a667-9f4cf9a41fdc,published,true,true,1,Answerable (exactly one correct option),Paediatric Surgery
questions/b3f0296f-5423-4a63-9f34-534e42695bc8.json,b3f0296f-5423-4a63-9f34-534e42695bc8,published,true,true,1,Answerable (exactly one correct option),Paediatric Sub-specialties
questions/b4690c42-8087-4449-b82b-7f412b6f95fb.json,b4690c42-8087-4449-b82b-7f412b6f95fb,published,true,true,1,Answerable (exactly one correct option),Paediatric Sub-specialties
questions/b48c3a36-f683-4876-b193-ba424101516b.json,b48c3a36-f683-4876-b193-ba424101516b,published,true,false,0,No option has isCorrect=true,General Paediatrics
questions/b4a48073-8bac-41ef-95cf-b4dbf3bde349.json,b4a48073-8bac-41ef-95cf-b4dbf3bde349,published,true,true,1,Answerable (exactly one correct option),General Paediatrics
questions/b4cc106a-16ee-4ab0-8bbd-c7fff35898ca.json,b4cc106a-16ee-4ab0-8bbd-c7fff35898ca,published,true,true,1,Answerable (exactly one correct option),Community-based Paediatrics
questions/b4e24833-7b38-48ac-9f42-c9f4e272e7bf.json,b4e24833-7b38-48ac-9f42-c9f4e272e7bf,published,true,true,1,Answerable (exactly one correct option),Paediatric Surgery
questions/b51533bd-e68c-4bab-a8d7-cba4549b7ee2.json,b51533bd-e68c-4bab-a8d7-cba4549b7ee2,published,true,true,1,Answerable (exactly one correct option),Emergency Paediatrics
questions/b53232c0-bda1-4626-a65e-165fa7e76fd3.json,b53232c0-bda1-4626-a65e-165fa7e76fd3,published,true,true,1,Answerable (exactly one correct option),Adolescent Medicine
questions/b58f9dd1-99af-43de-97ce-203d91b43930.json,b58f9dd1-99af-43de-97ce-203d91b43930,published,true,true,1,Answerable (exactly one correct option),Paediatric Surgery
questions/b5e2eaf5-6fb7-4034-b8fb-08e23ae4330c.json,b5e2eaf5-6fb7-4034-b8fb-08e23ae4330c,published,true,true,1,Answerable (exactly one correct option),Paediatric Sub-specialties
questions/b6438621-bc08-4612-ba33-dfbe887244a8.json,b6438621-bc08-4612-ba33-dfbe887244a8,published,true,true,1,Answerable (exactly one correct option),Community-based Paediatrics
questions/b64d01e7-bdd2-49d0-8c92-a1c0d4571481.json,b64d01e7-bdd2-49d0-8c92-a1c0d4571481,published,false,true,1,Answerable (exactly one correct option),Unclassified
questions/b65fdf6c-6086-4517-b5b6-d58750bc3e96.json,b65fdf6c-6086-4517-b5b6-d58750bc3e96,published,true,true,1,Answerable (exactly one correct option),Paediatric Surgery
questions/b6698b95-40f3-4036-9554-7ab64a455812.json,b6698b95-40f3-4036-9554-7ab64a455812,published,true,true,1,Answerable (exactly one correct option),Paediatric Sub-specialties
questions/b6b033c3-08dd-413d-b9af-d6670c7caadf.json,b6b033c3-08dd-413d-b9af-d6670c7caadf,published,true,true,1,Answerable (exactly one correct option),Community-based Paediatrics
questions/b6b7e3eb-3f5d-4e67-af23-06dfdf47f838.json,b6b7e3eb-3f5d-4e67-af23-06dfdf47f838,published,true,true,1,Answerable (exactly one correct option),Paediatric Sub-specialties
questions/b6cc0e46-3c88-41c3-8e63-9bff3db0645d.json,b6cc0e46-3c88-41c3-8e63-9bff3db0645d,published,true,true,1,Answerable (exactly one correct option),Paediatric Surgery
questions/b6db069d-c397-4ecb-916c-3e96c9adabbd.json,b6db069d-c397-4ecb-916c-3e96c9adabbd,published,true,true,1,Answerable (exactly one correct option),Paediatric Sub-specialties
questions/b724f8ae-c9e7-472f-b374-fa894b55a7ec.json,b724f8ae-c9e7-472f-b374-fa894b55a7ec,published,true,true,1,Answerable (exactly one correct option),Emergency Paediatrics
questions/b748ce10-e32e-4632-a562-7c0536f79961.json,b748ce10-e32e-4632-a562-7c0536f79961,published,true,true,1,Answerable (exactly one correct option),Paediatric Surgery
questions/b75a30c9-dbd1-4473-a6b4-df186c6b5cd6.json,b75a30c9-dbd1-4473-a6b4-df186c6b5cd6,published,true,false,0,No option has isCorrect=true,Paediatric Surgery
questions/b83cf146-5fff-45a3-82a7-4868b19f2c93.json,b83cf146-5fff-45a3-82a7-4868b19f2c93,published,false,true,1,Answerable (exactly one correct option),Unclassified
questions/b8ec27ca-5a79-4b44-b19a-2af05bf77a5e.json,b8ec27ca-5a79-4b44-b19a-2af05bf77a5e,published,true,true,1,Answerable (exactly one correct option),Adolescent Medicine
questions/b8f48f1f-ec06-4ee9-8236-2cfc98a8852b.json,b8f48f1f-ec06-4ee9-8236-2cfc98a8852b,published,false,false,0,No option has isCorrect=true,Unclassified
questions/b94622d4-7710-46fc-8de9-9f04f546b8f1.json,b94622d4-7710-46fc-8de9-9f04f546b8f1,published,true,true,1,Answerable (exactly one correct option),Paediatric Sub-specialties
questions/b98697e0-f174-499a-b646-e5f193b6e8ce.json,b98697e0-f174-499a-b646-e5f193b6e8ce,published,true,true,1,Answerable (exactly one correct option),Paediatric Sub-specialties
questions/ba13f40d-b437-47ac-a652-50fa588eff79.json,ba13f40d-b437-47ac-a652-50fa588eff79,published,true,true,1,Answerable (exactly one correct option),Paediatric Sub-specialties
questions/ba1fd0dd-4cfa-4586-be9e-b309e3610d36.json,ba1fd0dd-4cfa-4586-be9e-b309e3610d36,published,true,true,1,Answerable (exactly one correct option),Paediatric Sub-specialties
questions/ba4c1aaf-dc2b-4db7-b451-5e8ebaa4b68e.json,ba4c1aaf-dc2b-4db7-b451-5e8ebaa4b68e,published,true,true,1,Answerable (exactly one correct option),General Paediatrics
questions/ba8e77cf-c540-48af-89c2-4b7eac281b4c.json,ba8e77cf-c540-48af-89c2-4b7eac281b4c,published,true,true,1,Answerable (exactly one correct option),General Paediatrics
questions/bacf0fe6-8acc-456a-9c8d-53638ea4566b.json,bacf0fe6-8acc-456a-9c8d-53638ea4566b,published,true,true,1,Answerable (exactly one correct option),Paediatric Sub-specialties
questions/bad1168c-a6da-4414-938e-f969bf777265.json,bad1168c-a6da-4414-938e-f969bf777265,published,true,true,1,Answerable (exactly one correct option),Emergency Paediatrics
questions/bae9c505-5b6d-48aa-9f34-fcf19d49bf14.json,bae9c505-5b6d-48aa-9f34-fcf19d49bf14,published,true,true,1,Answerable (exactly one correct option),Emergency Paediatrics
questions/bb96b280-3a6e-4cf4-b137-7599f51fa54c.json,bb96b280-3a6e-4cf4-b137-7599f51fa54c,published,true,true,1,Answerable (exactly one correct option),Paediatric Sub-specialties
questions/bbfd4770-9261-466a-91a8-c0664c13aa0c.json,bbfd4770-9261-466a-91a8-c0664c13aa0c,published,true,true,1,Answerable (exactly one correct option),General Paediatrics
questions/bc5fcec6-cbbb-4bbf-a4d8-f94746659025.json,bc5fcec6-cbbb-4bbf-a4d8-f94746659025,published,true,true,1,Answerable (exactly one correct option),Community-based Paediatrics
questions/bc7157a8-5254-4688-8c12-35e6f395adb8.json,bc7157a8-5254-4688-8c12-35e6f395adb8,published,true,true,1,Answerable (exactly one correct option),Paediatric Sub-specialties
questions/bc9bf98e-0357-474e-a344-d13396f63d4f.json,bc9bf98e-0357-474e-a344-d13396f63d4f,published,true,true,1,Answerable (exactly one correct option),General Paediatrics
questions/bcd330e6-541c-470a-b690-2a63687fd149.json,bcd330e6-541c-470a-b690-2a63687fd149,published,true,true,1,Answerable (exactly one correct option),Emergency Paediatrics
questions/bd2d632a-8441-4ae4-b673-807e8676655b.json,bd2d632a-8441-4ae4-b673-807e8676655b,published,true,true,1,Answerable (exactly one correct option),Paediatric Sub-specialties
questions/bd3698cb-32cc-4450-a08b-87e131382c93.json,bd3698cb-32cc-4450-a08b-87e131382c93,published,true,false,0,No option has isCorrect=true,General Paediatrics
questions/bdd28bd4-907d-4df6-b011-c1198eb069f3.json,bdd28bd4-907d-4df6-b011-c1198eb069f3,published,true,true,1,Answerable (exactly one correct option),General Paediatrics
questions/bdd426b5-230e-4b2a-b2fe-c069315895c5.json,bdd426b5-230e-4b2a-b2fe-c069315895c5,published,true,true,1,Answerable (exactly one correct option),Paediatric Surgery
questions/be41890c-1d43-45c9-936b-d53c6200510e.json,be41890c-1d43-45c9-936b-d53c6200510e,published,true,true,1,Answerable (exactly one correct option),Paediatric Sub-specialties
questions/beb90173-37fe-4cc1-b9d5-64ff1e6300e4.json,beb90173-37fe-4cc1-b9d5-64ff1e6300e4,published,true,true,1,Answerable (exactly one correct option),General Paediatrics
questions/bef04ad8-fa81-4c1c-acf8-964a447d2e3e.json,bef04ad8-fa81-4c1c-acf8-964a447d2e3e,published,false,true,1,Answerable (exactly one correct option),Unclassified
questions/bf9a2635-b6bd-47fa-8cc4-5458caaa0923.json,bf9a2635-b6bd-47fa-8cc4-5458caaa0923,published,true,true,1,Answerable (exactly one correct option),Paediatric Sub-specialties
questions/bfda3960-b598-418b-8898-fc5bbe78ff27.json,bfda3960-b598-418b-8898-fc5bbe78ff27,published,true,true,1,Answerable (exactly one correct option),Paediatric Sub-specialties
questions/c058cd33-1733-4d2b-8526-94dfdb3c3f4a.json,c058cd33-1733-4d2b-8526-94dfdb3c3f4a,published,true,true,1,Answerable (exactly one correct option),Paediatric Sub-specialties
questions/c078f2c9-8336-4719-91a2-ddd1a7908aab.json,c078f2c9-8336-4719-91a2-ddd1a7908aab,published,true,true,1,Answerable (exactly one correct option),Community-based Paediatrics
questions/c07f33ad-74e4-42b3-93f7-afcd550b8d83.json,c07f33ad-74e4-42b3-93f7-afcd550b8d83,published,true,false,0,No option has isCorrect=true,Paediatric Sub-specialties
questions/c085af50-479d-4e97-a0ad-42434dd5cd10.json,c085af50-479d-4e97-a0ad-42434dd5cd10,published,true,true,1,Answerable (exactly one correct option),General Paediatrics
questions/c0973a58-f120-4c0a-966b-fbd3695610ea.json,c0973a58-f120-4c0a-966b-fbd3695610ea,published,false,true,1,Answerable (exactly one correct option),Unclassified
questions/c09d61e1-622a-4f73-bceb-5e525b3fe442.json,c09d61e1-622a-4f73-bceb-5e525b3fe442,published,true,true,1,Answerable (exactly one correct option),General Paediatrics
questions/c0fcfe97-db15-4e47-9e9f-2a1fba2e78e4.json,c0fcfe97-db15-4e47-9e9f-2a1fba2e78e4,published,true,true,1,Answerable (exactly one correct option),Adolescent Medicine
questions/c114c98e-8f26-4a55-832e-a6c2dd069d94.json,c114c98e-8f26-4a55-832e-a6c2dd069d94,published,true,false,0,No option has isCorrect=true,Adolescent Medicine
questions/c14f69e4-69fd-4f66-9afc-5ac6a809bd66.json,c14f69e4-69fd-4f66-9afc-5ac6a809bd66,published,true,true,1,Answerable (exactly one correct option),Paediatric Sub-specialties
questions/c184a64e-b465-46a8-ae79-51f0c8bf34dc.json,c184a64e-b465-46a8-ae79-51f0c8bf34dc,published,false,true,1,Answerable (exactly one correct option),Unclassified
questions/c1b24cac-eaff-432b-9faf-a28c8897c2a5.json,c1b24cac-eaff-432b-9faf-a28c8897c2a5,published,false,false,0,No option has isCorrect=true,Unclassified
questions/c1ddd177-3937-4a95-801a-baf7f17abf5f.json,c1ddd177-3937-4a95-801a-baf7f17abf5f,published,true,true,1,Answerable (exactly one correct option),Adolescent Medicine
questions/c214cc51-0343-4296-8010-eeb4da5a4a2e.json,c214cc51-0343-4296-8010-eeb4da5a4a2e,published,true,false,0,No option has isCorrect=true,Paediatric Surgery
questions/c21fa5ac-f537-49c1-973e-39654ba8b57a.json,c21fa5ac-f537-49c1-973e-39654ba8b57a,published,true,true,1,Answerable (exactly one correct option),Paediatric Sub-specialties
questions/c26a3ad2-c3e6-415a-a329-bf4439caa458.json,c26a3ad2-c3e6-415a-a329-bf4439caa458,published,true,true,1,Answerable (exactly one correct option),Paediatric Sub-specialties
questions/c2a37261-78fb-4dc8-a770-7f103a6078bf.json,c2a37261-78fb-4dc8-a770-7f103a6078bf,published,true,true,1,Answerable (exactly one correct option),Paediatric Sub-specialties
questions/c2a658fb-aa51-4ce3-827c-eb20cabc9390.json,c2a658fb-aa51-4ce3-827c-eb20cabc9390,published,true,true,1,Answerable (exactly one correct option),Adolescent Medicine
questions/c374aa6e-4d5c-43c7-abf5-7b3b03091f5b.json,c374aa6e-4d5c-43c7-abf5-7b3b03091f5b,published,true,true,1,Answerable (exactly one correct option),Community-based Paediatrics
questions/c398adf5-f7e4-47ca-9904-1875c705d9c8.json,c398adf5-f7e4-47ca-9904-1875c705d9c8,published,true,true,1,Answerable (exactly one correct option),Paediatric Sub-specialties
questions/c3b78ef0-eeff-4594-b5f7-894c1c086049.json,c3b78ef0-eeff-4594-b5f7-894c1c086049,published,false,false,0,No option has isCorrect=true,Unclassified
questions/c3bcc40f-ee8d-429d-bcf1-e50833e825fb.json,c3bcc40f-ee8d-429d-bcf1-e50833e825fb,published,true,false,0,No option has isCorrect=true,Paediatric Sub-specialties
questions/c3e36607-08e3-485c-94e0-776a41fb6666.json,c3e36607-08e3-485c-94e0-776a41fb6666,published,true,true,1,Answerable (exactly one correct option),Emergency Paediatrics
questions/c437b492-3977-49da-986d-8f43cb164f2b.json,c437b492-3977-49da-986d-8f43cb164f2b,published,true,true,1,Answerable (exactly one correct option),Paediatric Sub-specialties
questions/c4382355-da03-478e-94bd-110567e15795.json,c4382355-da03-478e-94bd-110567e15795,published,true,true,1,Answerable (exactly one correct option),Paediatric Sub-specialties
questions/c49d831d-b884-400d-a54c-be8e93e6c0dc.json,c49d831d-b884-400d-a54c-be8e93e6c0dc,published,true,true,1,Answerable (exactly one correct option),Emergency Paediatrics
questions/c4bed1cc-4812-4988-adf5-5b18b4b9e18d.json,c4bed1cc-4812-4988-adf5-5b18b4b9e18d,published,true,true,1,Answerable (exactly one correct option),General Paediatrics
questions/c4e802af-f8d8-420a-8581-158b9db485ad.json,c4e802af-f8d8-420a-8581-158b9db485ad,published,true,true,1,Answerable (exactly one correct option),Paediatric Surgery
questions/c56b42ec-1597-43ff-99be-b5fef4c4d4b1.json,c56b42ec-1597-43ff-99be-b5fef4c4d4b1,published,true,true,1,Answerable (exactly one correct option),Paediatric Sub-specialties
questions/c57d220e-2af2-48d8-b2d7-f5ccd4c08d73.json,c57d220e-2af2-48d8-b2d7-f5ccd4c08d73,published,true,true,1,Answerable (exactly one correct option),Paediatric Sub-specialties
questions/c5ceddb7-479d-49d9-85e8-7abc2056d17f.json,c5ceddb7-479d-49d9-85e8-7abc2056d17f,published,true,false,0,No option has isCorrect=true,Community-based Paediatrics
questions/c61728b9-921c-4962-8ead-a60607cab9a4.json,c61728b9-921c-4962-8ead-a60607cab9a4,published,false,true,1,Answerable (exactly one correct option),Unclassified
questions/c621f2f6-ae1c-4d2d-9d6f-1a2d6c29b5ed.json,c621f2f6-ae1c-4d2d-9d6f-1a2d6c29b5ed,published,true,true,1,Answerable (exactly one correct option),Paediatric Sub-specialties
questions/c6f5a435-32fe-431a-b90c-e6acea355369.json,c6f5a435-32fe-431a-b90c-e6acea355369,published,true,true,1,Answerable (exactly one correct option),General Paediatrics
questions/c713f627-7459-489d-8a8f-811bfc291ccb.json,c713f627-7459-489d-8a8f-811bfc291ccb,published,true,true,1,Answerable (exactly one correct option),General Paediatrics
questions/c73c86cf-f3ac-4322-a180-69f9d4907217.json,c73c86cf-f3ac-4322-a180-69f9d4907217,published,true,true,1,Answerable (exactly one correct option),Paediatric Sub-specialties
questions/c75a298d-304c-4e7c-a5ce-d4d2e0a372ce.json,c75a298d-304c-4e7c-a5ce-d4d2e0a372ce,published,true,true,1,Answerable (exactly one correct option),Paediatric Sub-specialties
questions/c76a6af5-d795-46ba-88f3-3e704a938d24.json,c76a6af5-d795-46ba-88f3-3e704a938d24,published,true,true,1,Answerable (exactly one correct option),General Paediatrics
questions/c785fd8a-d797-43c1-9490-eec3a39edc74.json,c785fd8a-d797-43c1-9490-eec3a39edc74,published,true,true,1,Answerable (exactly one correct option),General Paediatrics
questions/c84d1380-2d4a-45c7-85f4-cb64e11529e7.json,c84d1380-2d4a-45c7-85f4-cb64e11529e7,published,true,true,1,Answerable (exactly one correct option),Emergency Paediatrics
questions/c898421c-2e28-4d88-a4e5-0be246ac920a.json,c898421c-2e28-4d88-a4e5-0be246ac920a,published,true,true,1,Answerable (exactly one correct option),Paediatric Sub-specialties
questions/c8f758c3-e745-4815-b856-ca37865807f8.json,c8f758c3-e745-4815-b856-ca37865807f8,published,true,false,0,No option has isCorrect=true,Paediatric Surgery
questions/c91225f6-17e0-4e57-9ff0-c50f09feaf92.json,c91225f6-17e0-4e57-9ff0-c50f09feaf92,published,false,false,0,No option has isCorrect=true,Unclassified
questions/c93c0800-8f68-4606-b4ad-ed6f76f3bb71.json,c93c0800-8f68-4606-b4ad-ed6f76f3bb71,published,true,true,1,Answerable (exactly one correct option),Community-based Paediatrics
questions/c95c0ae9-84b3-46cc-ab2f-cfd6da3c8e9b.json,c95c0ae9-84b3-46cc-ab2f-cfd6da3c8e9b,published,true,true,1,Answerable (exactly one correct option),Paediatric Sub-specialties
questions/c99a43e5-5b76-47cc-93b5-5da851bebc66.json,c99a43e5-5b76-47cc-93b5-5da851bebc66,published,true,true,1,Answerable (exactly one correct option),Paediatric Sub-specialties
questions/c9a16ca1-7351-4ead-97e0-452549f4c4d7.json,c9a16ca1-7351-4ead-97e0-452549f4c4d7,published,true,true,1,Answerable (exactly one correct option),General Paediatrics
questions/c9b6278e-f5a0-445d-97eb-e2c945eb6fae.json,c9b6278e-f5a0-445d-97eb-e2c945eb6fae,published,true,true,1,Answerable (exactly one correct option),Paediatric Sub-specialties
questions/c9cda91a-b307-420a-bc21-b2a46c66c463.json,c9cda91a-b307-420a-bc21-b2a46c66c463,published,true,true,1,Answerable (exactly one correct option),Adolescent Medicine
questions/ca00db81-2f55-4c84-8a4d-301541ce0a89.json,ca00db81-2f55-4c84-8a4d-301541ce0a89,published,true,true,1,Answerable (exactly one correct option),Paediatric Sub-specialties
questions/ca78a516-0abd-4e50-8d53-bf201e6c1f0d.json,ca78a516-0abd-4e50-8d53-bf201e6c1f0d,published,true,true,1,Answerable (exactly one correct option),Community-based Paediatrics
questions/cb17ba5e-2dfb-4b2d-a419-5b87ab827990.json,cb17ba5e-2dfb-4b2d-a419-5b87ab827990,published,true,true,1,Answerable (exactly one correct option),Paediatric Sub-specialties
questions/cb2bfa89-b85a-49f9-bbd3-9d4a2f2a5a43.json,cb2bfa89-b85a-49f9-bbd3-9d4a2f2a5a43,published,true,true,1,Answerable (exactly one correct option),Paediatric Surgery
questions/cb394d5b-f7e8-4022-a5a7-e4617d3ae8a1.json,cb394d5b-f7e8-4022-a5a7-e4617d3ae8a1,published,true,false,0,No option has isCorrect=true,General Paediatrics
questions/cbe7f4c7-3856-4dc2-8870-01fb54dcd763.json,cbe7f4c7-3856-4dc2-8870-01fb54dcd763,published,true,true,1,Answerable (exactly one correct option),Paediatric Sub-specialties
questions/cbef2a3f-22af-4a20-bbee-a2765e56db50.json,cbef2a3f-22af-4a20-bbee-a2765e56db50,published,true,true,1,Answerable (exactly one correct option),Adolescent Medicine
questions/cc19d96d-0714-4acf-87ef-d438951ab188.json,cc19d96d-0714-4acf-87ef-d438951ab188,published,true,true,1,Answerable (exactly one correct option),General Paediatrics
questions/cc591147-67b7-475e-b4ca-933816c7cb5c.json,cc591147-67b7-475e-b4ca-933816c7cb5c,published,true,false,0,No option has isCorrect=true,Paediatric Surgery
questions/cc7a9df9-bb0a-4572-a84c-ad477a22376a.json,cc7a9df9-bb0a-4572-a84c-ad477a22376a,published,true,true,1,Answerable (exactly one correct option),General Paediatrics
questions/cc869ed7-2ab4-4811-90c4-ce1694e4896c.json,cc869ed7-2ab4-4811-90c4-ce1694e4896c,published,true,true,1,Answerable (exactly one correct option),Paediatric Sub-specialties
questions/cca264db-18ac-4c80-8c0f-fdb9191c6a28.json,cca264db-18ac-4c80-8c0f-fdb9191c6a28,published,true,true,1,Answerable (exactly one correct option),General Paediatrics
questions/ccaa0edd-6f77-4aad-869d-1f5ac942ff89.json,ccaa0edd-6f77-4aad-869d-1f5ac942ff89,published,true,true,1,Answerable (exactly one correct option),Community-based Paediatrics
questions/cd5291d6-7284-4c0a-8c63-a2e46d4208c5.json,cd5291d6-7284-4c0a-8c63-a2e46d4208c5,published,true,true,1,Answerable (exactly one correct option),Paediatric Surgery
questions/cd6b8d64-dac4-4726-9fe3-c6437a566c67.json,cd6b8d64-dac4-4726-9fe3-c6437a566c67,published,true,true,1,Answerable (exactly one correct option),Adolescent Medicine
questions/cd965e39-f900-4735-9d49-b0b4cf289381.json,cd965e39-f900-4735-9d49-b0b4cf289381,published,false,true,1,Answerable (exactly one correct option),Unclassified
questions/cda136b1-ccca-43b7-b32c-cd5028d14736.json,cda136b1-ccca-43b7-b32c-cd5028d14736,published,true,false,0,No option has isCorrect=true,Paediatric Surgery
questions/cdef8b4b-e36a-4cf6-9add-a62d3dfb2920.json,cdef8b4b-e36a-4cf6-9add-a62d3dfb2920,published,false,false,0,No option has isCorrect=true,Unclassified
questions/cdfeaab0-b9ff-4afc-af58-c35c3cd6e00b.json,cdfeaab0-b9ff-4afc-af58-c35c3cd6e00b,published,true,true,1,Answerable (exactly one correct option),Community-based Paediatrics
questions/ce0519f4-ad36-46dc-992e-5d11c9f4c17b.json,ce0519f4-ad36-46dc-992e-5d11c9f4c17b,published,true,true,1,Answerable (exactly one correct option),Emergency Paediatrics
questions/ce398736-2251-4fba-8d63-78209786a034.json,ce398736-2251-4fba-8d63-78209786a034,published,true,true,1,Answerable (exactly one correct option),Paediatric Sub-specialties
questions/ceb348dc-207f-4938-af49-ea9fe439dd99.json,ceb348dc-207f-4938-af49-ea9fe439dd99,published,true,true,1,Answerable (exactly one correct option),Emergency Paediatrics
questions/ced2d1cf-807a-4729-ad1c-85fb1ee86582.json,ced2d1cf-807a-4729-ad1c-85fb1ee86582,published,true,true,1,Answerable (exactly one correct option),Paediatric Surgery
questions/cf1ddaf3-4701-492c-8160-875b03f5f38c.json,cf1ddaf3-4701-492c-8160-875b03f5f38c,published,true,true,1,Answerable (exactly one correct option),Paediatric Sub-specialties
questions/cf59f587-7e56-40f4-9596-820c780aadce.json,cf59f587-7e56-40f4-9596-820c780aadce,published,true,true,1,Answerable (exactly one correct option),General Paediatrics
questions/cf6f75e1-44e2-4afe-b3f5-46a17f941227.json,cf6f75e1-44e2-4afe-b3f5-46a17f941227,published,true,true,1,Answerable (exactly one correct option),Emergency Paediatrics
questions/cfc27399-49ab-4588-8b55-c0e8d55cd7fd.json,cfc27399-49ab-4588-8b55-c0e8d55cd7fd,published,false,true,1,Answerable (exactly one correct option),Unclassified
questions/d0800a51-4c8c-45ee-8a69-2e999b6fcafd.json,d0800a51-4c8c-45ee-8a69-2e999b6fcafd,published,true,false,0,No option has isCorrect=true,Emergency Paediatrics
questions/d08b70ae-e633-4e35-b13f-6dec3ae2bd8c.json,d08b70ae-e633-4e35-b13f-6dec3ae2bd8c,published,true,true,1,Answerable (exactly one correct option),Adolescent Medicine
questions/d24eea40-5b28-48a1-b940-bddddb0058ca.json,d24eea40-5b28-48a1-b940-bddddb0058ca,published,true,true,1,Answerable (exactly one correct option),Community-based Paediatrics
questions/d27baa5f-5308-4689-99f5-40eea6580c88.json,d27baa5f-5308-4689-99f5-40eea6580c88,published,true,true,1,Answerable (exactly one correct option),Emergency Paediatrics
questions/d293181e-7076-4e38-9402-72239a603dc4.json,d293181e-7076-4e38-9402-72239a603dc4,published,true,true,1,Answerable (exactly one correct option),Paediatric Surgery
questions/d29c3498-84fb-4169-8478-5dcdf41d0a3c.json,d29c3498-84fb-4169-8478-5dcdf41d0a3c,published,true,true,1,Answerable (exactly one correct option),General Paediatrics
questions/d2c48a3c-2138-41c5-bcfb-7421ea873dd1.json,d2c48a3c-2138-41c5-bcfb-7421ea873dd1,published,false,true,1,Answerable (exactly one correct option),Unclassified
questions/d2e5d4d1-f35f-407e-b572-84e94cfb3fc7.json,d2e5d4d1-f35f-407e-b572-84e94cfb3fc7,published,true,true,1,Answerable (exactly one correct option),Paediatric Surgery
questions/d30354ae-0e2e-4012-9573-154ca4a14f09.json,d30354ae-0e2e-4012-9573-154ca4a14f09,published,true,true,1,Answerable (exactly one correct option),Paediatric Sub-specialties
questions/d33cef43-07a1-466c-a4b0-f0ed74c670ac.json,d33cef43-07a1-466c-a4b0-f0ed74c670ac,published,true,true,1,Answerable (exactly one correct option),Emergency Paediatrics
questions/d359c4ca-524e-4415-b9aa-6d8de6494615.json,d359c4ca-524e-4415-b9aa-6d8de6494615,published,false,true,1,Answerable (exactly one correct option),Unclassified
questions/d363b402-9790-4cbd-9deb-f346be65d35a.json,d363b402-9790-4cbd-9deb-f346be65d35a,published,true,true,1,Answerable (exactly one correct option),Paediatric Sub-specialties
questions/d384fe59-dff6-4b88-abe7-62284bc2f99e.json,d384fe59-dff6-4b88-abe7-62284bc2f99e,published,true,true,1,Answerable (exactly one correct option),Emergency Paediatrics
questions/d38e73f4-6cc5-40fe-8ac7-d8d0a1019b79.json,d38e73f4-6cc5-40fe-8ac7-d8d0a1019b79,published,true,true,1,Answerable (exactly one correct option),Paediatric Sub-specialties
questions/d398cd5f-6935-482a-abd4-11c44609fccc.json,d398cd5f-6935-482a-abd4-11c44609fccc,published,true,true,1,Answerable (exactly one correct option),Adolescent Medicine
questions/d3c927af-e105-44ef-8d1a-ee06fcb1e75a.json,d3c927af-e105-44ef-8d1a-ee06fcb1e75a,published,true,true,1,Answerable (exactly one correct option),Paediatric Sub-specialties
questions/d3e89f1c-0f7f-42dc-b276-c69e014ddf7e.json,d3e89f1c-0f7f-42dc-b276-c69e014ddf7e,published,true,true,1,Answerable (exactly one correct option),Paediatric Sub-specialties
questions/d3f93425-25de-4e35-8172-e2234dbc9e55.json,d3f93425-25de-4e35-8172-e2234dbc9e55,published,true,true,1,Answerable (exactly one correct option),Paediatric Sub-specialties
questions/d435ad95-0a49-419d-b3ed-d713759eb4c7.json,d435ad95-0a49-419d-b3ed-d713759eb4c7,published,false,false,0,No option has isCorrect=true,Unclassified
questions/d44b7f14-026e-4cf0-ad70-4d4400813071.json,d44b7f14-026e-4cf0-ad70-4d4400813071,published,true,true,1,Answerable (exactly one correct option),Paediatric Surgery
questions/d44bbde9-77f8-4b29-8042-9dc1cc33811d.json,d44bbde9-77f8-4b29-8042-9dc1cc33811d,published,true,true,1,Answerable (exactly one correct option),Paediatric Sub-specialties
questions/d46aaf88-dbaa-4648-b767-01b5ccceea7b.json,d46aaf88-dbaa-4648-b767-01b5ccceea7b,published,true,true,1,Answerable (exactly one correct option),Paediatric Sub-specialties
questions/d4df7bfe-f98a-4d2a-b04e-0177312f5551.json,d4df7bfe-f98a-4d2a-b04e-0177312f5551,published,false,false,0,No option has isCorrect=true,Unclassified
questions/d531ee7c-b558-49d1-88e8-389db6d0593c.json,d531ee7c-b558-49d1-88e8-389db6d0593c,published,false,true,1,Answerable (exactly one correct option),Unclassified
questions/d55b45c7-ac87-42b7-8a70-c4bdad1dada3.json,d55b45c7-ac87-42b7-8a70-c4bdad1dada3,published,false,true,1,Answerable (exactly one correct option),Unclassified
questions/d5de612a-b6ab-47b6-96e5-36041d494ec4.json,d5de612a-b6ab-47b6-96e5-36041d494ec4,published,true,true,1,Answerable (exactly one correct option),Paediatric Surgery
questions/d60e8a60-1b1f-495b-92ca-4797830178cc.json,d60e8a60-1b1f-495b-92ca-4797830178cc,published,true,true,1,Answerable (exactly one correct option),Paediatric Surgery
questions/d6235cc1-2294-45a2-80e8-0bebcaf3a68d.json,d6235cc1-2294-45a2-80e8-0bebcaf3a68d,published,true,true,1,Answerable (exactly one correct option),Paediatric Sub-specialties
questions/d6475639-aa6b-4d93-bf8a-26d2d09d1c55.json,d6475639-aa6b-4d93-bf8a-26d2d09d1c55,published,false,false,0,No option has isCorrect=true,Unclassified
questions/d6572c84-31dd-4905-8555-2087fce02cbf.json,d6572c84-31dd-4905-8555-2087fce02cbf,published,true,true,1,Answerable (exactly one correct option),Paediatric Sub-specialties
questions/d6e140eb-d49a-4174-a614-b8590a816054.json,d6e140eb-d49a-4174-a614-b8590a816054,published,false,false,0,No option has isCorrect=true,Unclassified
questions/d6ede111-6ac7-4097-9f99-61be9ded4c11.json,d6ede111-6ac7-4097-9f99-61be9ded4c11,published,true,true,1,Answerable (exactly one correct option),General Paediatrics
questions/d733d977-bad3-4b51-a1e9-29ec8b8e7c6a.json,d733d977-bad3-4b51-a1e9-29ec8b8e7c6a,published,true,false,0,No option has isCorrect=true,Paediatric Sub-specialties
questions/d7934324-86fe-4fe2-a13d-eb5a1e5c1d76.json,d7934324-86fe-4fe2-a13d-eb5a1e5c1d76,published,false,true,1,Answerable (exactly one correct option),Unclassified
questions/d79c7617-b412-45d9-a54d-27ef3d83b663.json,d79c7617-b412-45d9-a54d-27ef3d83b663,published,false,true,1,Answerable (exactly one correct option),Unclassified
questions/d7a48153-7e5a-451c-8341-6da48dc7b7f5.json,d7a48153-7e5a-451c-8341-6da48dc7b7f5,published,true,true,1,Answerable (exactly one correct option),Paediatric Sub-specialties
questions/d7bfc752-3663-41e4-8555-21d582088c13.json,d7bfc752-3663-41e4-8555-21d582088c13,published,true,true,1,Answerable (exactly one correct option),Emergency Paediatrics
questions/d80a22bd-f6e6-4534-8447-11bd4e3a3473.json,d80a22bd-f6e6-4534-8447-11bd4e3a3473,published,true,true,1,Answerable (exactly one correct option),Paediatric Sub-specialties
questions/d89d7f33-32da-4822-971f-a3fcda2be4d4.json,d89d7f33-32da-4822-971f-a3fcda2be4d4,published,true,true,1,Answerable (exactly one correct option),Paediatric Surgery
questions/d8e88818-c8be-4791-b13d-41b80e26f4c8.json,d8e88818-c8be-4791-b13d-41b80e26f4c8,published,true,true,1,Answerable (exactly one correct option),Paediatric Sub-specialties
questions/d92bb4ec-72be-4b98-b1b8-6c6cbfcc37c9.json,d92bb4ec-72be-4b98-b1b8-6c6cbfcc37c9,published,false,true,1,Answerable (exactly one correct option),Unclassified
questions/d9632af9-aa83-48a2-ac29-3ca30297def7.json,d9632af9-aa83-48a2-ac29-3ca30297def7,published,true,true,1,Answerable (exactly one correct option),Paediatric Surgery
questions/da3b24ca-0ef6-47d0-87be-439aabbfc4dc.json,da3b24ca-0ef6-47d0-87be-439aabbfc4dc,published,true,true,1,Answerable (exactly one correct option),General Paediatrics
questions/db096c0c-169b-43f7-a26d-0441e77b6b48.json,db096c0c-169b-43f7-a26d-0441e77b6b48,published,false,true,1,Answerable (exactly one correct option),Unclassified
questions/db57049f-8644-4992-8451-2757b93eedf9.json,db57049f-8644-4992-8451-2757b93eedf9,published,true,true,1,Answerable (exactly one correct option),Paediatric Sub-specialties
questions/db718da0-4897-4228-93f8-49a2938a51bd.json,db718da0-4897-4228-93f8-49a2938a51bd,published,true,true,1,Answerable (exactly one correct option),Paediatric Sub-specialties
questions/dd385943-65b3-4e43-b2ab-dbfd85e77b22.json,dd385943-65b3-4e43-b2ab-dbfd85e77b22,published,false,false,0,No option has isCorrect=true,Unclassified
questions/dd3bdb01-e2b1-4613-92ca-8523c04cecbd.json,dd3bdb01-e2b1-4613-92ca-8523c04cecbd,published,true,true,1,Answerable (exactly one correct option),Paediatric Surgery
questions/ddc89b14-631b-413b-8c5a-cc4411d9a90f.json,ddc89b14-631b-413b-8c5a-cc4411d9a90f,published,true,true,1,Answerable (exactly one correct option),Paediatric Sub-specialties
questions/ddf06148-0bca-4853-b281-0234f7ad8c15.json,ddf06148-0bca-4853-b281-0234f7ad8c15,published,true,true,1,Answerable (exactly one correct option),Paediatric Sub-specialties
questions/de357c76-02d1-4465-8d9a-8d3f4f68a61c.json,de357c76-02d1-4465-8d9a-8d3f4f68a61c,published,false,true,1,Answerable (exactly one correct option),Unclassified
questions/de70533e-d474-4a54-9478-b0e4a3946148.json,de70533e-d474-4a54-9478-b0e4a3946148,published,true,true,1,Answerable (exactly one correct option),Paediatric Sub-specialties
questions/de8b0a79-43d7-4e3e-acc3-7952cc222192.json,de8b0a79-43d7-4e3e-acc3-7952cc222192,published,true,true,1,Answerable (exactly one correct option),Paediatric Sub-specialties
questions/de90f7d1-d333-45a4-ac0b-02dc1ad2dd4e.json,de90f7d1-d333-45a4-ac0b-02dc1ad2dd4e,published,true,true,1,Answerable (exactly one correct option),Paediatric Sub-specialties
questions/df18a3dc-a463-4dd4-be26-ce7857ec3626.json,df18a3dc-a463-4dd4-be26-ce7857ec3626,published,true,true,1,Answerable (exactly one correct option),Paediatric Sub-specialties
questions/df2dea72-d4a0-49bd-a66d-76f99ed19273.json,df2dea72-d4a0-49bd-a66d-76f99ed19273,published,true,true,1,Answerable (exactly one correct option),General Paediatrics
questions/df36257b-1f44-407d-ae65-c9e304abbae4.json,df36257b-1f44-407d-ae65-c9e304abbae4,published,true,true,1,Answerable (exactly one correct option),Paediatric Sub-specialties
questions/df7b8ca6-02d7-472c-95bb-23162444d6bf.json,df7b8ca6-02d7-472c-95bb-23162444d6bf,published,true,true,1,Answerable (exactly one correct option),Paediatric Sub-specialties
questions/df858f77-bf45-4f2c-9e89-459a72fd5c8c.json,df858f77-bf45-4f2c-9e89-459a72fd5c8c,published,true,true,1,Answerable (exactly one correct option),Emergency Paediatrics
questions/dffdcf8a-4668-4eaf-b7aa-dfc2a9bc0bbc.json,dffdcf8a-4668-4eaf-b7aa-dfc2a9bc0bbc,published,true,true,1,Answerable (exactly one correct option),Paediatric Surgery
questions/e009c1c0-8fd2-4300-92ad-6af5b62f19d5.json,e009c1c0-8fd2-4300-92ad-6af5b62f19d5,published,true,true,1,Answerable (exactly one correct option),Paediatric Surgery
questions/e040307e-82a8-4d2e-be69-935a1c4510b3.json,e040307e-82a8-4d2e-be69-935a1c4510b3,published,false,false,0,No option has isCorrect=true,Unclassified
questions/e0e4b7c6-bc1a-4172-a0ca-de5f6a29bb70.json,e0e4b7c6-bc1a-4172-a0ca-de5f6a29bb70,published,false,false,0,No option has isCorrect=true,Unclassified
questions/e11fdc50-06e4-4a24-9019-ebe7e85b83b8.json,e11fdc50-06e4-4a24-9019-ebe7e85b83b8,published,true,true,1,Answerable (exactly one correct option),Paediatric Surgery
questions/e16f9969-ff40-4556-af10-34eb2db0ebb2.json,e16f9969-ff40-4556-af10-34eb2db0ebb2,published,false,true,1,Answerable (exactly one correct option),Unclassified
questions/e1d5cb96-0063-4809-a247-50bd240a7f05.json,e1d5cb96-0063-4809-a247-50bd240a7f05,published,true,true,1,Answerable (exactly one correct option),General Paediatrics
questions/e1e48fd2-38c1-4ab1-9f78-9f4a417e8bd9.json,e1e48fd2-38c1-4ab1-9f78-9f4a417e8bd9,published,true,true,1,Answerable (exactly one correct option),Paediatric Sub-specialties
questions/e207a082-30c7-4f01-abda-701cf8b803ad.json,e207a082-30c7-4f01-abda-701cf8b803ad,published,true,true,1,Answerable (exactly one correct option),Paediatric Sub-specialties
questions/e210a354-7d4b-4aee-bb39-df3a80038fbf.json,e210a354-7d4b-4aee-bb39-df3a80038fbf,published,true,true,1,Answerable (exactly one correct option),Paediatric Sub-specialties
questions/e24a2afb-bd4d-43ea-bdf4-e6ce0cec0c85.json,e24a2afb-bd4d-43ea-bdf4-e6ce0cec0c85,published,true,true,1,Answerable (exactly one correct option),Paediatric Surgery
questions/e25c3924-6b33-401d-b0f9-10eaab91a8fa.json,e25c3924-6b33-401d-b0f9-10eaab91a8fa,published,true,true,1,Answerable (exactly one correct option),Paediatric Sub-specialties
questions/e3f418fc-b49f-41a7-b2d6-43e4f5c69cba.json,e3f418fc-b49f-41a7-b2d6-43e4f5c69cba,published,true,true,1,Answerable (exactly one correct option),Paediatric Sub-specialties
questions/e4075fa0-e8ee-4f35-b4b4-ba17fad09fee.json,e4075fa0-e8ee-4f35-b4b4-ba17fad09fee,published,true,true,1,Answerable (exactly one correct option),Community-based Paediatrics
questions/e42fa1ed-f011-453d-b9bd-6e47a7493692.json,e42fa1ed-f011-453d-b9bd-6e47a7493692,published,true,true,1,Answerable (exactly one correct option),Emergency Paediatrics
questions/e4698716-c411-4f37-9e80-31b6274f66a3.json,e4698716-c411-4f37-9e80-31b6274f66a3,published,true,true,1,Answerable (exactly one correct option),Paediatric Sub-specialties
questions/e4b09219-9c22-4cb4-adca-ce413ef7c9ed.json,e4b09219-9c22-4cb4-adca-ce413ef7c9ed,published,true,true,1,Answerable (exactly one correct option),General Paediatrics
questions/e4f3b10e-ac84-4cc8-9274-ad7399b4b5c4.json,e4f3b10e-ac84-4cc8-9274-ad7399b4b5c4,published,false,false,0,No option has isCorrect=true,Unclassified
questions/e50d1726-c8d7-4ebe-8f32-1b02aea2101b.json,e50d1726-c8d7-4ebe-8f32-1b02aea2101b,published,true,true,1,Answerable (exactly one correct option),General Paediatrics
questions/e53e9202-e1c8-4824-819d-8501798611ee.json,e53e9202-e1c8-4824-819d-8501798611ee,published,true,false,0,No option has isCorrect=true,General Paediatrics
questions/e66afff6-c26b-4498-9af2-c2299b21fad3.json,e66afff6-c26b-4498-9af2-c2299b21fad3,published,false,true,1,Answerable (exactly one correct option),Unclassified
questions/e678d6a7-35aa-49e4-b1dc-10b21da6fb6d.json,e678d6a7-35aa-49e4-b1dc-10b21da6fb6d,published,false,true,1,Answerable (exactly one correct option),Unclassified
questions/e7540d79-07db-472b-865c-1d617f3eab8c.json,e7540d79-07db-472b-865c-1d617f3eab8c,published,false,true,1,Answerable (exactly one correct option),Unclassified
questions/e76c4d80-c23f-4185-8965-914a68ebed9a.json,e76c4d80-c23f-4185-8965-914a68ebed9a,published,false,true,1,Answerable (exactly one correct option),Unclassified
questions/e78c0485-282a-42d2-934a-cf49cff9c0ec.json,e78c0485-282a-42d2-934a-cf49cff9c0ec,published,false,true,1,Answerable (exactly one correct option),Unclassified
questions/e7ca9e79-67f0-4672-95dd-2de6c4f0e754.json,e7ca9e79-67f0-4672-95dd-2de6c4f0e754,published,true,true,1,Answerable (exactly one correct option),Emergency Paediatrics
questions/e7dacaed-65ee-4519-908e-2ec5965e4590.json,e7dacaed-65ee-4519-908e-2ec5965e4590,published,true,true,1,Answerable (exactly one correct option),Community-based Paediatrics
questions/e7f70ff6-2d9f-4308-9b53-a21a809ffb11.json,e7f70ff6-2d9f-4308-9b53-a21a809ffb11,published,true,true,1,Answerable (exactly one correct option),General Paediatrics
questions/e80d56f0-0d1c-47c5-9ae6-556ccf51d310.json,e80d56f0-0d1c-47c5-9ae6-556ccf51d310,published,true,true,1,Answerable (exactly one correct option),Paediatric Surgery
questions/e80ee107-1c67-491e-8451-1089e110ce2e.json,e80ee107-1c67-491e-8451-1089e110ce2e,published,false,true,1,Answerable (exactly one correct option),Unclassified
questions/e81b073a-b9a7-4fa3-a299-d36115e4b8d7.json,e81b073a-b9a7-4fa3-a299-d36115e4b8d7,published,false,true,1,Answerable (exactly one correct option),Unclassified
questions/e8476460-c914-4188-b27c-00a8482ea4c6.json,e8476460-c914-4188-b27c-00a8482ea4c6,published,true,true,1,Answerable (exactly one correct option),Emergency Paediatrics
questions/e88254fc-a242-4ca5-acd2-99c936b3d03c.json,e88254fc-a242-4ca5-acd2-99c936b3d03c,published,true,true,1,Answerable (exactly one correct option),Paediatric Sub-specialties
questions/e8951788-2673-41b5-ab46-cf88e86af938.json,e8951788-2673-41b5-ab46-cf88e86af938,published,true,true,1,Answerable (exactly one correct option),General Paediatrics
questions/e8b01df5-9693-4aed-8ecd-4f18c63fd00b.json,e8b01df5-9693-4aed-8ecd-4f18c63fd00b,published,true,true,1,Answerable (exactly one correct option),Paediatric Sub-specialties
questions/e8cd3003-b4e0-4116-adb7-b86c8fc0a064.json,e8cd3003-b4e0-4116-adb7-b86c8fc0a064,published,false,true,1,Answerable (exactly one correct option),Unclassified
questions/e8d89429-263e-464d-bf82-fc0d4fc4ac02.json,e8d89429-263e-464d-bf82-fc0d4fc4ac02,published,true,true,1,Answerable (exactly one correct option),Paediatric Surgery
questions/e911291c-c4c3-47d9-bceb-2b0bef0aea95.json,e911291c-c4c3-47d9-bceb-2b0bef0aea95,published,true,true,1,Answerable (exactly one correct option),Paediatric Sub-specialties
questions/e91f4cdd-859c-4fa1-ad7e-66b10075fccf.json,e91f4cdd-859c-4fa1-ad7e-66b10075fccf,published,false,false,0,No option has isCorrect=true,Unclassified
questions/e954b0db-048d-4371-a0ce-ee07a0174977.json,e954b0db-048d-4371-a0ce-ee07a0174977,published,true,true,1,Answerable (exactly one correct option),Community-based Paediatrics
questions/e9e27ac7-3947-493b-8137-de51053ee2f7.json,e9e27ac7-3947-493b-8137-de51053ee2f7,published,true,false,0,No option has isCorrect=true,Community-based Paediatrics
questions/e9fede39-4c4a-4f8d-90f8-7da525f1a9b4.json,e9fede39-4c4a-4f8d-90f8-7da525f1a9b4,published,false,true,1,Answerable (exactly one correct option),Unclassified
questions/ea29f9db-eada-4b1f-b76e-ff6a3cf34bef.json,ea29f9db-eada-4b1f-b76e-ff6a3cf34bef,published,true,true,1,Answerable (exactly one correct option),Paediatric Surgery
questions/ea32e995-1628-44a7-9cae-7b1eb96ea2e5.json,ea32e995-1628-44a7-9cae-7b1eb96ea2e5,published,true,true,1,Answerable (exactly one correct option),Paediatric Sub-specialties
questions/ea48dde1-9f11-46e7-8a37-1fcf1211a6cf.json,ea48dde1-9f11-46e7-8a37-1fcf1211a6cf,published,true,true,1,Answerable (exactly one correct option),Paediatric Sub-specialties
questions/ea6fd8ba-85dd-43f7-8a6e-4011aee8eb66.json,ea6fd8ba-85dd-43f7-8a6e-4011aee8eb66,published,false,false,0,No option has isCorrect=true,Unclassified
questions/eaddd111-8d44-4ffb-8542-06c6416085c5.json,eaddd111-8d44-4ffb-8542-06c6416085c5,published,false,false,0,No option has isCorrect=true,Unclassified
questions/ebe7b1d2-f8f2-4b6c-b4ef-8876154ee905.json,ebe7b1d2-f8f2-4b6c-b4ef-8876154ee905,published,true,true,1,Answerable (exactly one correct option),Paediatric Surgery
questions/ec008f80-828b-4997-b4d7-f26734ff3c7d.json,ec008f80-828b-4997-b4d7-f26734ff3c7d,published,true,true,1,Answerable (exactly one correct option),Community-based Paediatrics
questions/eca92c56-4b24-4e55-bfd2-400cc6fb1a27.json,eca92c56-4b24-4e55-bfd2-400cc6fb1a27,published,false,false,0,No option has isCorrect=true,Unclassified
questions/ecb8b696-2c04-4303-9b01-6d88c1ec9f34.json,ecb8b696-2c04-4303-9b01-6d88c1ec9f34,published,true,false,0,No option has isCorrect=true,General Paediatrics
questions/ecc61e50-9969-4a22-a84e-f0cdd3cf964d.json,ecc61e50-9969-4a22-a84e-f0cdd3cf964d,published,true,true,1,Answerable (exactly one correct option),Emergency Paediatrics
questions/ed4ca61a-cf67-4192-99c2-419bcf32a772.json,ed4ca61a-cf67-4192-99c2-419bcf32a772,published,true,true,1,Answerable (exactly one correct option),General Paediatrics
questions/ed554a64-5c18-49e2-8b19-ec46525cb66b.json,ed554a64-5c18-49e2-8b19-ec46525cb66b,published,true,true,1,Answerable (exactly one correct option),Paediatric Sub-specialties
questions/ed572cc2-5b1f-43d4-8a7b-413b676d4d8a.json,ed572cc2-5b1f-43d4-8a7b-413b676d4d8a,published,true,false,0,No option has isCorrect=true,Emergency Paediatrics
questions/ed66420c-b1b4-4496-857b-2ffe4a5d2611.json,ed66420c-b1b4-4496-857b-2ffe4a5d2611,published,true,true,1,Answerable (exactly one correct option),Adolescent Medicine
questions/ee2bbab1-7914-4b42-8d52-8b005c68950b.json,ee2bbab1-7914-4b42-8d52-8b005c68950b,published,false,false,0,No option has isCorrect=true,Unclassified
questions/ee5526fe-62ab-433a-8bae-29100266b968.json,ee5526fe-62ab-433a-8bae-29100266b968,published,true,true,1,Answerable (exactly one correct option),Adolescent Medicine
questions/ee5d6c64-3aa8-4855-a927-41d7c1ec92cc.json,ee5d6c64-3aa8-4855-a927-41d7c1ec92cc,published,false,false,0,No option has isCorrect=true,Unclassified
questions/ee885b96-ab7d-4210-aaa7-6cf46601d880.json,ee885b96-ab7d-4210-aaa7-6cf46601d880,published,true,true,1,Answerable (exactly one correct option),Emergency Paediatrics
questions/ee99ad3d-d12e-4bd1-9ba1-4eb903b175ea.json,ee99ad3d-d12e-4bd1-9ba1-4eb903b175ea,published,true,true,1,Answerable (exactly one correct option),Paediatric Sub-specialties
questions/eebbdc61-4967-4554-a10f-92ed7c832faf.json,eebbdc61-4967-4554-a10f-92ed7c832faf,published,true,true,1,Answerable (exactly one correct option),Community-based Paediatrics
questions/ef72b8c3-7cb7-4363-b918-cecf85f23903.json,ef72b8c3-7cb7-4363-b918-cecf85f23903,published,true,false,0,No option has isCorrect=true,General Paediatrics
questions/efc8649a-4b7c-4187-a57a-50adc1b93feb.json,efc8649a-4b7c-4187-a57a-50adc1b93feb,published,true,true,1,Answerable (exactly one correct option),Paediatric Sub-specialties
questions/efde717a-d35a-4f21-b53e-9ec30d703ed1.json,efde717a-d35a-4f21-b53e-9ec30d703ed1,published,true,true,1,Answerable (exactly one correct option),General Paediatrics
questions/f034d9f9-078f-4ce3-996d-6b1294852663.json,f034d9f9-078f-4ce3-996d-6b1294852663,published,true,true,1,Answerable (exactly one correct option),Paediatric Sub-specialties
questions/f04470fd-e30b-4c62-93a8-f5cc2cbec75e.json,f04470fd-e30b-4c62-93a8-f5cc2cbec75e,published,true,true,1,Answerable (exactly one correct option),Adolescent Medicine
questions/f0d93dd1-fba3-4d02-9f8e-5ee7289309f7.json,f0d93dd1-fba3-4d02-9f8e-5ee7289309f7,published,true,true,1,Answerable (exactly one correct option),Emergency Paediatrics
questions/f1414a1f-dc32-4ced-867e-5b2df9e032e6.json,f1414a1f-dc32-4ced-867e-5b2df9e032e6,published,false,true,1,Answerable (exactly one correct option),Unclassified
questions/f1802f8c-238d-478f-a5e5-dd3432162c74.json,f1802f8c-238d-478f-a5e5-dd3432162c74,published,true,true,1,Answerable (exactly one correct option),Community-based Paediatrics
questions/f19d6e2a-a0d5-4321-8811-78a3c7ee6fbb.json,f19d6e2a-a0d5-4321-8811-78a3c7ee6fbb,published,true,true,1,Answerable (exactly one correct option),Emergency Paediatrics
questions/f27d2085-0c04-4a35-810a-d636b93e3120.json,f27d2085-0c04-4a35-810a-d636b93e3120,published,true,true,1,Answerable (exactly one correct option),General Paediatrics
questions/f2b2a901-1039-455f-955d-568865d349ab.json,f2b2a901-1039-455f-955d-568865d349ab,published,true,true,1,Answerable (exactly one correct option),Paediatric Sub-specialties
questions/f2b8e9eb-9016-4f4c-b980-af4ba5e0aaa0.json,f2b8e9eb-9016-4f4c-b980-af4ba5e0aaa0,published,true,true,1,Answerable (exactly one correct option),Paediatric Sub-specialties
questions/f30f7f93-04b9-49fd-90d3-dd736c6a44c3.json,f30f7f93-04b9-49fd-90d3-dd736c6a44c3,published,true,true,1,Answerable (exactly one correct option),Paediatric Surgery
questions/f335372b-a5bd-4107-8146-526791d155fe.json,f335372b-a5bd-4107-8146-526791d155fe,published,true,true,1,Answerable (exactly one correct option),Adolescent Medicine
questions/f3648fbb-d8a6-4ea3-8829-f03337ab9695.json,f3648fbb-d8a6-4ea3-8829-f03337ab9695,published,false,true,1,Answerable (exactly one correct option),Unclassified
questions/f3a9849f-84e7-47ba-b868-f3778d944ed5.json,f3a9849f-84e7-47ba-b868-f3778d944ed5,published,true,true,1,Answerable (exactly one correct option),Paediatric Sub-specialties
questions/f43e5afb-6420-466a-a2f3-9cbdbae86e8a.json,f43e5afb-6420-466a-a2f3-9cbdbae86e8a,published,false,false,0,No option has isCorrect=true,Unclassified
questions/f453622f-1b9a-454e-963e-b84c609c838d.json,f453622f-1b9a-454e-963e-b84c609c838d,published,true,true,1,Answerable (exactly one correct option),Adolescent Medicine
questions/f48161b2-8acc-4976-9cfd-d820e3666fa0.json,f48161b2-8acc-4976-9cfd-d820e3666fa0,published,false,false,0,No option has isCorrect=true,Unclassified
questions/f4ebb692-270f-4cda-8e15-50a452518b05.json,f4ebb692-270f-4cda-8e15-50a452518b05,published,true,true,1,Answerable (exactly one correct option),General Paediatrics
questions/f525dc3a-26ec-4f71-8049-966c03529ed5.json,f525dc3a-26ec-4f71-8049-966c03529ed5,published,true,true,1,Answerable (exactly one correct option),Adolescent Medicine
questions/f5ccc74e-a70c-4799-b4cf-6b33654a54ba.json,f5ccc74e-a70c-4799-b4cf-6b33654a54ba,published,true,true,1,Answerable (exactly one correct option),General Paediatrics
questions/f6cdb199-92ec-4605-94b9-272c3780a2af.json,f6cdb199-92ec-4605-94b9-272c3780a2af,published,true,true,1,Answerable (exactly one correct option),Emergency Paediatrics
questions/f745dc83-e5d5-4937-9d18-17d7162d8116.json,f745dc83-e5d5-4937-9d18-17d7162d8116,published,false,true,1,Answerable (exactly one correct option),Unclassified
questions/f8151df2-4249-4709-b355-186b5dba8f79.json,f8151df2-4249-4709-b355-186b5dba8f79,published,true,true,1,Answerable (exactly one correct option),General Paediatrics
questions/f81ad58d-bd2d-4c0a-b2e5-a9d7d12e53ae.json,f81ad58d-bd2d-4c0a-b2e5-a9d7d12e53ae,published,false,true,1,Answerable (exactly one correct option),Unclassified
questions/f8d2c555-1562-4137-aa43-d6e1eeff46e4.json,f8d2c555-1562-4137-aa43-d6e1eeff46e4,published,true,true,1,Answerable (exactly one correct option),Adolescent Medicine
questions/f8f23402-0789-4508-9406-6b3d838254b5.json,f8f23402-0789-4508-9406-6b3d838254b5,published,true,true,1,Answerable (exactly one correct option),Paediatric Sub-specialties
questions/f92edbf9-83d6-4ee3-831a-e635913f0edc.json,f92edbf9-83d6-4ee3-831a-e635913f0edc,published,true,true,1,Answerable (exactly one correct option),Paediatric Sub-specialties
questions/f9943485-2684-4de0-9226-4c9eef5f0647.json,f9943485-2684-4de0-9226-4c9eef5f0647,published,true,true,1,Answerable (exactly one correct option),Paediatric Surgery
questions/f996f649-f754-4d36-b716-5eb668313e7e.json,f996f649-f754-4d36-b716-5eb668313e7e,published,true,true,1,Answerable (exactly one correct option),Paediatric Surgery
questions/f9a1fbe1-b458-4d19-867e-cd2e245f3c77.json,f9a1fbe1-b458-4d19-867e-cd2e245f3c77,published,true,true,1,Answerable (exactly one correct option),General Paediatrics
questions/f9bf596d-7292-4cef-a414-4d176cbf3f05.json,f9bf596d-7292-4cef-a414-4d176cbf3f05,published,true,true,1,Answerable (exactly one correct option),Community-based Paediatrics
questions/f9c0e36e-c6db-4f16-b81d-af832053a179.json,f9c0e36e-c6db-4f16-b81d-af832053a179,published,true,true,1,Answerable (exactly one correct option),General Paediatrics
questions/f9ea95ed-b38f-49ac-8bd7-522e57434a55.json,f9ea95ed-b38f-49ac-8bd7-522e57434a55,published,true,true,1,Answerable (exactly one correct option),Paediatric Sub-specialties
questions/fab7d2a6-851a-441b-8ae3-8085e45fed87.json,fab7d2a6-851a-441b-8ae3-8085e45fed87,published,true,true,1,Answerable (exactly one correct option),Paediatric Surgery
questions/fad2907f-6902-4198-932a-afe2a6225bbe.json,fad2907f-6902-4198-932a-afe2a6225bbe,published,false,false,0,No option has isCorrect=true,Unclassified
questions/fae19e62-14f0-44fa-8e20-2b2d68f51418.json,fae19e62-14f0-44fa-8e20-2b2d68f51418,published,true,true,1,Answerable (exactly one correct option),Paediatric Sub-specialties
questions/faf1f9e0-c90c-4866-b238-f1a139f2ab1e.json,faf1f9e0-c90c-4866-b238-f1a139f2ab1e,published,true,true,1,Answerable (exactly one correct option),Paediatric Sub-specialties
questions/fb1bb14a-80d7-4f32-8f63-4c4e2d2dda2c.json,fb1bb14a-80d7-4f32-8f63-4c4e2d2dda2c,published,true,true,1,Answerable (exactly one correct option),Paediatric Surgery
questions/fb1c9855-211c-4c3b-8610-437e69b379fb.json,fb1c9855-211c-4c3b-8610-437e69b379fb,published,false,false,0,No option has isCorrect=true,Unclassified
questions/fb6984c5-d850-4a3e-a598-d2912eff71e9.json,fb6984c5-d850-4a3e-a598-d2912eff71e9,published,true,true,1,Answerable (exactly one correct option),Paediatric Sub-specialties
questions/fb78012f-ec63-471e-bd72-90dcf6562225.json,fb78012f-ec63-471e-bd72-90dcf6562225,published,false,false,0,No option has isCorrect=true,Unclassified
questions/fb7e08bc-f453-4d5a-a9a0-17c612ecf57c.json,fb7e08bc-f453-4d5a-a9a0-17c612ecf57c,published,true,true,1,Answerable (exactly one correct option),General Paediatrics
questions/fba46a71-3712-4850-87c1-67887dde580d.json,fba46a71-3712-4850-87c1-67887dde580d,published,true,true,1,Answerable (exactly one correct option),Community-based Paediatrics
questions/fbae2a2c-2d81-4772-a0a8-a442e4e562b6.json,fbae2a2c-2d81-4772-a0a8-a442e4e562b6,published,true,true,1,Answerable (exactly one correct option),Paediatric Surgery
questions/fc0aa5b4-9b89-40e2-9562-ac8df77b29a8.json,fc0aa5b4-9b89-40e2-9562-ac8df77b29a8,published,false,true,1,Answerable (exactly one correct option),Unclassified
questions/fc908ad2-611d-43bd-aa7a-a53850c0febf.json,fc908ad2-611d-43bd-aa7a-a53850c0febf,published,true,false,0,No option has isCorrect=true,Paediatric Surgery
questions/fcb730af-19bf-4413-b0a8-2ad76e6cb8e4.json,fcb730af-19bf-4413-b0a8-2ad76e6cb8e4,published,true,true,1,Answerable (exactly one correct option),General Paediatrics
questions/fcb922a7-4d40-4e0c-95cd-18fd283afeb9.json,fcb922a7-4d40-4e0c-95cd-18fd283afeb9,published,true,true,1,Answerable (exactly one correct option),Community-based Paediatrics
questions/fcba1bae-c756-43d0-8065-6fc29e3005a5.json,fcba1bae-c756-43d0-8065-6fc29e3005a5,published,true,true,1,Answerable (exactly one correct option),Paediatric Sub-specialties
questions/fcbae953-8c5e-4f7c-9716-20ccfca713d0.json,fcbae953-8c5e-4f7c-9716-20ccfca713d0,published,true,true,1,Answerable (exactly one correct option),Paediatric Sub-specialties
questions/fcc63569-634a-4374-9e45-ca22466bf80c.json,fcc63569-634a-4374-9e45-ca22466bf80c,published,false,false,0,No option has isCorrect=true,Unclassified
questions/fcffaffa-d6ac-4893-bbc1-f32e30733c0f.json,fcffaffa-d6ac-4893-bbc1-f32e30733c0f,published,false,true,1,Answerable (exactly one correct option),Unclassified
questions/fd083ffc-ea4b-490a-add5-31153748d1c2.json,fd083ffc-ea4b-490a-add5-31153748d1c2,published,true,true,1,Answerable (exactly one correct option),Paediatric Surgery
questions/fd2927d7-3bc9-48db-9bea-1af8ffcab7c4.json,fd2927d7-3bc9-48db-9bea-1af8ffcab7c4,published,true,true,1,Answerable (exactly one correct option),Paediatric Sub-specialties
questions/fd8d12b2-0f5b-4062-8b7f-33c4de59610f.json,fd8d12b2-0f5b-4062-8b7f-33c4de59610f,published,true,false,0,No option has isCorrect=true,General Paediatrics
questions/fd9a5ab8-06f9-4e12-8241-e4d2918b0f93.json,fd9a5ab8-06f9-4e12-8241-e4d2918b0f93,published,false,false,0,No option has isCorrect=true,Unclassified
questions/fdb4c932-d28c-4f93-b450-7ae3dacfcdbb.json,fdb4c932-d28c-4f93-b450-7ae3dacfcdbb,published,true,true,1,Answerable (exactly one correct option),Paediatric Surgery
questions/fdd0a7a2-9ae2-47fb-89e8-eb2ef7531f96.json,fdd0a7a2-9ae2-47fb-89e8-eb2ef7531f96,published,true,true,1,Answerable (exactly one correct option),Paediatric Sub-specialties
questions/fe4f90ce-cd3c-49ef-8653-3b08430faa19.json,fe4f90ce-cd3c-49ef-8653-3b08430faa19,published,true,true,1,Answerable (exactly one correct option),Paediatric Sub-specialties
questions/fe5431fd-1467-4044-8a86-306a0028b25c.json,fe5431fd-1467-4044-8a86-306a0028b25c,published,true,true,1,Answerable (exactly one correct option),Adolescent Medicine
questions/fea3a844-3299-492c-84df-2c48826d4323.json,fea3a844-3299-492c-84df-2c48826d4323,published,true,true,1,Answerable (exactly one correct option),Community-based Paediatrics
questions/fef7f7de-4277-437c-9a28-618a856786e3.json,fef7f7de-4277-437c-9a28-618a856786e3,published,false,true,1,Answerable (exactly one correct option),Unclassified
questions/ff050ccb-638f-4c6c-8935-4472d14c49b3.json,ff050ccb-638f-4c6c-8935-4472d14c49b3,published,true,true,1,Answerable (exactly one correct option),Emergency Paediatrics
questions/ff1a41cf-ae24-4ace-8cce-748b037187b7.json,ff1a41cf-ae24-4ace-8cce-748b037187b7,published,true,false,0,No option has isCorrect=true,Paediatric Sub-specialties
questions/ff9e5c7a-e14c-4870-9580-14634dc7d412.json,ff9e5c7a-e14c-4870-9580-14634dc7d412,published,true,false,0,No option has isCorrect=true,General Paediatrics
questions/ffa7ce65-9fc2-4da4-8edf-f5410d8432d5.json,ffa7ce65-9fc2-4da4-8edf-f5410d8432d5,published,true,true,1,Answerable (exactly one correct option),Paediatric Surgery
questions/fff504ab-e32e-430e-91f8-37f9530c2395.json,fff504ab-e32e-430e-91f8-37f9530c2395,published,false,false,0,No option has isCorrect=true,Unclassified
