file,id,status,is_cah_kat,answerable,correct_option_count,reason,curriculum
questions/000c6a67-14b7-4045-82cb-6d0fcf875ac7.json,000c6a67-14b7-4045-82cb-6d0fcf875ac7,published,true,true,1,Answerable (exactly one correct option),General Paediatrics
questions/000e3c6a-4073-5aab-b2ea-dc51f7c67dda.json,000e3c6a-4073-5aab-b2ea-dc51f7c67dda,published,false,true,1,Answerable (exactly one correct option),Adolescent Medicine
questions/002836d9-933d-4abc-b1fa-cb29392d6d1e.json,002836d9-933d-4abc-b1fa-cb29392d6d1e,published,false,true,1,Answerable (exactly one correct option),Paediatric Sub-specialties
questions/002c6898-ef1c-50d1-94a9-ee5c2766e015.json,002c6898-ef1c-50d1-94a9-ee5c2766e015,published,false,true,1,Answerable (exactly one correct option),Paediatric Sub-specialties
questions/0042655d-4b73-483a-a517-2f466e69a325.json,0042655d-4b73-483a-a517-2f466e69a325,published,true,true,1,Answerable (exactly one correct option),General Paediatrics
questions/00474efb-012d-51ab-825c-03a7c4a1f85c.json,00474efb-012d-51ab-825c-03a7c4a1f85c,published,false,true,1,Answerable (exactly one correct option),General Paediatrics
questions/00502547-fcba-4c75-9dca-6ad2ddc94d72.json,00502547-fcba-4c75-9dca-6ad2ddc94d72,published,true,true,1,Answerable (exactly one correct option),General Paediatrics
questions/006dd8de-11a8-4ce9-a749-97ae18d1fcf4.json,006dd8de-11a8-4ce9-a749-97ae18d1fcf4,published,true,true,1,Answerable (exactly one correct option),General Paediatrics
questions/008850d2-cf00-5af3-94f2-52ce2a5bf62c.json,008850d2-cf00-5af3-94f2-52ce2a5bf62c,published,false,true,1,Answerable (exactly one correct option),Paediatric Surgery
questions/00b1feaa-cded-50ff-b3f6-2a3785d9cce3.json,00b1feaa-cded-50ff-b3f6-2a3785d9cce3,published,false,true,1,Answerable (exactly one correct option),Paediatric Surgery
questions/00e28ad6-ef7c-5c0c-865b-f2dfe835eb7f.json,00e28ad6-ef7c-5c0c-865b-f2dfe835eb7f,published,false,true,1,Answerable (exactly one correct option),Adolescent Medicine
questions/01143431-c86b-4f22-a42b-8bd33c99c231.json,01143431-c86b-4f22-a42b-8bd33c99c231,published,true,true,1,Answerable (exactly one correct option),Community-based Paediatrics
questions/012290cf-ffdb-4d5e-9243-ad797224a6fb.json,012290cf-ffdb-4d5e-9243-ad797224a6fb,published,false,true,1,Answerable (exactly one correct option),General Paediatrics
questions/0179c444-f7c0-40cc-a77d-aef0013c5daf.json,0179c444-f7c0-40cc-a77d-aef0013c5daf,published,true,true,1,Answerable (exactly one correct option),Emergency Paediatrics
questions/0194fe90-c8be-4d07-ba60-b048a19dd69f.json,0194fe90-c8be-4d07-ba60-b048a19dd69f,published,true,true,1,Answerable (exactly one correct option),Emergency Paediatrics
questions/01966d29-333c-452d-92cb-9d2246e470fc.json,01966d29-333c-452d-92cb-9d2246e470fc,published,false,true,1,Answerable (exactly one correct option),Unclassified
questions/0197b071-a452-4b69-8731-6141664bccba.json,0197b071-a452-4b69-8731-6141664bccba,published,true,true,1,Answerable (exactly one correct option),General Paediatrics
questions/01a571cf-651a-4003-a32f-9110260767b6.json,01a571cf-651a-4003-a32f-9110260767b6,published,false,true,1,Answerable (exactly one correct option),General Paediatrics
questions/01bc8be6-13bd-5283-b2de-a814ab9d1951.json,01bc8be6-13bd-5283-b2de-a814ab9d1951,published,false,true,1,Answerable (exactly one correct option),Adolescent Medicine
questions/01bf6f5b-83ca-59c6-89e0-cbece71ee8b5.json,01bf6f5b-83ca-59c6-89e0-cbece71ee8b5,published,false,true,1,Answerable (exactly one correct option),Paediatric Surgery
questions/01d58ab6-9e17-4290-a90f-a2c2277b3c10.json,01d58ab6-9e17-4290-a90f-a2c2277b3c10,published,true,true,1,Answerable (exactly one correct option),Community-based Paediatrics
questions/022a7e09-bd71-41ff-8354-b646993aeba1.json,022a7e09-bd71-41ff-8354-b646993aeba1,published,true,true,1,Answerable (exactly one correct option),Paediatric Sub-specialties
questions/022ab903-5e19-4f32-bf0c-3cfb7f829d4c.json,022ab903-5e19-4f32-bf0c-3cfb7f829d4c,published,true,true,1,Answerable (exactly one correct option),Community-based Paediatrics
questions/0246b3d3-79d7-57ef-80e2-92c7ac6ff8a9.json,0246b3d3-79d7-57ef-80e2-92c7ac6ff8a9,published,false,true,1,Answerable (exactly one correct option),General Paediatrics
questions/025a99f4-5a36-49e3-8cb5-9e3be0558713.json,025a99f4-5a36-49e3-8cb5-9e3be0558713,published,true,true,1,Answerable (exactly one correct option),Community-based Paediatrics
questions/025c1e1c-ea53-4597-a3ea-da7dedc7e334.json,025c1e1c-ea53-4597-a3ea-da7dedc7e334,published,false,true,1,Answerable (exactly one correct option),Paediatric Sub-specialties
questions/027128a9-85e6-4953-9ddb-66fd11bc5e43.json,027128a9-85e6-4953-9ddb-66fd11bc5e43,published,true,true,1,Answerable (exactly one correct option),General Paediatrics
questions/02791e78-3629-4587-9a59-5a940b03417c.json,02791e78-3629-4587-9a59-5a940b03417c,published,true,true,1,Answerable (exactly one correct option),Community-based Paediatrics
questions/0287409f-ff05-42b5-a2c6-437c74fb599e.json,0287409f-ff05-42b5-a2c6-437c74fb599e,published,true,true,1,Answerable (exactly one correct option),Emergency Paediatrics
questions/0289abd1-9de1-4625-b3ab-9a865d0f8f84.json,0289abd1-9de1-4625-b3ab-9a865d0f8f84,published,true,true,1,Answerable (exactly one correct option),General Paediatrics
questions/028d4cda-1f17-57e8-a95e-81df2db7bf54.json,028d4cda-1f17-57e8-a95e-81df2db7bf54,published,false,true,1,Answerable (exactly one correct option),Paediatric Sub-specialties
questions/02903c27-b3e7-46e2-b66d-f0a5bda6cfa0.json,02903c27-b3e7-46e2-b66d-f0a5bda6cfa0,published,true,true,1,Answerable (exactly one correct option),Community-based Paediatrics
questions/02a217d5-6d31-41e8-9817-761dcffa0a5e.json,02a217d5-6d31-41e8-9817-761dcffa0a5e,published,true,true,1,Answerable (exactly one correct option),Paediatric Surgery
questions/02a5bf09-ec76-403e-9d30-00e7d69f588f.json,02a5bf09-ec76-403e-9d30-00e7d69f588f,published,true,true,1,Answerable (exactly one correct option),Emergency Paediatrics
questions/02b2b1db-2a66-4ade-8449-0d06c6e5866c.json,02b2b1db-2a66-4ade-8449-0d06c6e5866c,published,false,true,1,Answerable (exactly one correct option),Adolescent Medicine
questions/02c955a4-5461-5c67-bf95-666d78abeafd.json,02c955a4-5461-5c67-bf95-666d78abeafd,published,false,true,1,Answerable (exactly one correct option),Paediatric Sub-specialties
questions/02dec00d-a42d-477a-9c4e-8015a270b289.json,02dec00d-a42d-477a-9c4e-8015a270b289,published,true,true,1,Answerable (exactly one correct option),Paediatric Sub-specialties
questions/0314ee41-e795-5f20-80bb-dbd27ab48105.json,0314ee41-e795-5f20-80bb-dbd27ab48105,published,false,true,1,Answerable (exactly one correct option),General Paediatrics
questions/0321bea3-e1a9-4d11-a756-c838236f196a.json,0321bea3-e1a9-4d11-a756-c838236f196a,published,true,true,1,Answerable (exactly one correct option),Adolescent Medicine
questions/03364d35-fd01-4786-b876-7539985c56fa.json,03364d35-fd01-4786-b876-7539985c56fa,published,true,true,1,Answerable (exactly one correct option),Emergency Paediatrics
questions/03522f51-075f-5247-9bb3-5b767f20df05.json,03522f51-075f-5247-9bb3-5b767f20df05,published,false,true,1,Answerable (exactly one correct option),Paediatric Sub-specialties
questions/0381b515-73d5-47f5-94a6-f32cffc32bc7.json,0381b515-73d5-47f5-94a6-f32cffc32bc7,published,true,true,1,Answerable (exactly one correct option),General Paediatrics
questions/03ba972b-878b-4b40-9284-cb46131be5e9.json,03ba972b-878b-4b40-9284-cb46131be5e9,published,false,true,1,Answerable (exactly one correct option),General Paediatrics
questions/03c66510-8c1e-4a97-b8e4-d75ccb2c9d5b.json,03c66510-8c1e-4a97-b8e4-d75ccb2c9d5b,published,false,true,1,Answerable (exactly one correct option),General Paediatrics
questions/03c7dd9a-6454-538c-b887-97a0293559f9.json,03c7dd9a-6454-538c-b887-97a0293559f9,published,false,true,1,Answerable (exactly one correct option),Paediatric Surgery
questions/03de1de9-ac87-4bf1-82e0-4ea353aa1598.json,03de1de9-ac87-4bf1-82e0-4ea353aa1598,published,false,true,1,Answerable (exactly one correct option),Paediatric Sub-specialties
questions/0409bfc5-80b7-554c-88d7-3e461d1f9875.json,0409bfc5-80b7-554c-88d7-3e461d1f9875,published,false,true,1,Answerable (exactly one correct option),Paediatric Surgery
questions/044eca37-014e-5fe2-b6d4-f7d79bef312c.json,044eca37-014e-5fe2-b6d4-f7d79bef312c,published,false,true,1,Answerable (exactly one correct option),Paediatric Sub-specialties
questions/048e145f-8ed6-4206-9198-0afc1f991d64.json,048e145f-8ed6-4206-9198-0afc1f991d64,published,true,true,1,Answerable (exactly one correct option),General Paediatrics
questions/0490df25-ce67-4fbe-832e-0374a4e1c9af.json,0490df25-ce67-4fbe-832e-0374a4e1c9af,published,true,true,1,Answerable (exactly one correct option),Paediatric Sub-specialties
questions/049674cf-e4a8-4d50-a2fe-bc9951b23bc5.json,049674cf-e4a8-4d50-a2fe-bc9951b23bc5,published,true,true,1,Answerable (exactly one correct option),General Paediatrics
questions/04967d72-3227-592c-b1f6-854cf7a7b582.json,04967d72-3227-592c-b1f6-854cf7a7b582,published,false,true,1,Answerable (exactly one correct option),Emergency Paediatrics
questions/04a571ac-d323-46bd-a8ed-eb8ff77893d6.json,04a571ac-d323-46bd-a8ed-eb8ff77893d6,published,true,true,1,Answerable (exactly one correct option),Paediatric Sub-specialties
questions/04d1c327-28ca-4f57-b024-b7bb0bbe1771.json,04d1c327-28ca-4f57-b024-b7bb0bbe1771,published,true,true,1,Answerable (exactly one correct option),Emergency Paediatrics
questions/04ecfc18-846d-428d-8fe1-5b3064fbbece.json,04ecfc18-846d-428d-8fe1-5b3064fbbece,published,true,true,1,Answerable (exactly one correct option),Paediatric Surgery
questions/04f9e5f8-c7d7-41ea-98d3-b5924f0fdf6f.json,04f9e5f8-c7d7-41ea-98d3-b5924f0fdf6f,published,false,true,1,Answerable (exactly one correct option),Adolescent Medicine
questions/050282e3-3b40-40b5-ba38-5a89cf4e74e8.json,050282e3-3b40-40b5-ba38-5a89cf4e74e8,published,true,true,1,Answerable (exactly one correct option),Paediatric Sub-specialties
questions/051f3172-a63b-48ee-99e2-a2656a3ca618.json,051f3172-a63b-48ee-99e2-a2656a3ca618,published,true,true,1,Answerable (exactly one correct option),Community-based Paediatrics
questions/052b6889-20e3-486e-a119-999419f364a8.json,052b6889-20e3-486e-a119-999419f364a8,published,false,true,1,Answerable (exactly one correct option),Paediatric Sub-specialties
questions/05437216-ac00-4c1d-ba40-abfadcb59538.json,05437216-ac00-4c1d-ba40-abfadcb59538,published,false,true,1,Answerable (exactly one correct option),Unclassified
questions/0544831e-c005-4e4f-a786-2c9ef56ad4e2.json,0544831e-c005-4e4f-a786-2c9ef56ad4e2,published,true,true,1,Answerable (exactly one correct option),Emergency Paediatrics
questions/055667de-5277-5e2a-8f74-237fad454454.json,055667de-5277-5e2a-8f74-237fad454454,published,false,true,1,Answerable (exactly one correct option),Community-based Paediatrics
questions/05589365-e0ea-4d87-a73d-9e64766cba51.json,05589365-e0ea-4d87-a73d-9e64766cba51,published,true,true,1,Answerable (exactly one correct option),Community-based Paediatrics
questions/056f5aeb-2048-4ea1-b7b4-b39571cfd4be.json,056f5aeb-2048-4ea1-b7b4-b39571cfd4be,published,false,true,1,Answerable (exactly one correct option),Paediatric Surgery
questions/05750cf8-bbbf-4123-8e69-51a47119ac5e.json,05750cf8-bbbf-4123-8e69-51a47119ac5e,published,true,true,1,Answerable (exactly one correct option),Community-based Paediatrics
questions/0591fbbc-3f64-44e6-9c3a-108feb9f67d7.json,0591fbbc-3f64-44e6-9c3a-108feb9f67d7,published,false,true,1,Answerable (exactly one correct option),Community-based Paediatrics
questions/05a56756-6eb7-5c46-b7f2-ac6677c5644e.json,05a56756-6eb7-5c46-b7f2-ac6677c5644e,published,false,true,1,Answerable (exactly one correct option),Paediatric Sub-specialties
questions/05ec50fd-3ffe-4108-afe6-7a7b0709d1cc.json,05ec50fd-3ffe-4108-afe6-7a7b0709d1cc,published,true,true,1,Answerable (exactly one correct option),Paediatric Surgery
questions/061327d1-857a-4fb8-9612-69b439a52270.json,061327d1-857a-4fb8-9612-69b439a52270,published,true,true,1,Answerable (exactly one correct option),Emergency Paediatrics
questions/061ca428-fc3f-4e96-a8e6-72cc70a333f0.json,061ca428-fc3f-4e96-a8e6-72cc70a333f0,published,true,true,1,Answerable (exactly one correct option),General Paediatrics
questions/0653ead0-2207-4cf8-868b-91732cc39991.json,0653ead0-2207-4cf8-868b-91732cc39991,published,false,true,1,Answerable (exactly one correct option),Unclassified
questions/0655fda5-bbc6-47bb-809f-7a735086fc55.json,0655fda5-bbc6-47bb-809f-7a735086fc55,published,true,true,1,Answerable (exactly one correct option),Paediatric Surgery
questions/06570f7a-d21b-5282-a686-2da109dfb6d1.json,06570f7a-d21b-5282-a686-2da109dfb6d1,published,false,true,1,Answerable (exactly one correct option),Emergency Paediatrics
questions/06591fb1-d1f1-550d-89af-cbd38e1ce3eb.json,06591fb1-d1f1-550d-89af-cbd38e1ce3eb,published,false,true,1,Answerable (exactly one correct option),Emergency Paediatrics
questions/065b222b-6b6d-5391-815a-3d2af4fa1a6c.json,065b222b-6b6d-5391-815a-3d2af4fa1a6c,published,false,true,1,Answerable (exactly one correct option),Paediatric Surgery
questions/06a60a5c-05a6-5e57-bd88-4df31534ffdb.json,06a60a5c-05a6-5e57-bd88-4df31534ffdb,published,false,true,1,Answerable (exactly one correct option),Emergency Paediatrics
questions/06a7f0cd-e3ca-4799-b44e-4eaee53a4335.json,06a7f0cd-e3ca-4799-b44e-4eaee53a4335,published,false,true,1,Answerable (exactly one correct option),Emergency Paediatrics
questions/06c3c163-d048-5dff-a115-53c38f585f2c.json,06c3c163-d048-5dff-a115-53c38f585f2c,published,false,true,1,Answerable (exactly one correct option),General Paediatrics
questions/06cdc310-129c-4a1f-be7e-83ccc6bdf175.json,06cdc310-129c-4a1f-be7e-83ccc6bdf175,published,true,true,1,Answerable (exactly one correct option),Adolescent Medicine
questions/06d5a720-9077-4628-aede-d194e8e00ca7.json,06d5a720-9077-4628-aede-d194e8e00ca7,published,true,true,1,Answerable (exactly one correct option),General Paediatrics
questions/06f1f3f2-a3d2-5862-a59d-1fc4bc67f3a7.json,06f1f3f2-a3d2-5862-a59d-1fc4bc67f3a7,published,false,true,1,Answerable (exactly one correct option),Community-based Paediatrics
questions/06f69521-b37b-40a1-a63d-c04c3e571cc3.json,06f69521-b37b-40a1-a63d-c04c3e571cc3,published,true,true,1,Answerable (exactly one correct option),Emergency Paediatrics
questions/0717430f-4ccb-4c34-abd1-b96c78a0f864.json,0717430f-4ccb-4c34-abd1-b96c78a0f864,published,true,true,1,Answerable (exactly one correct option),Paediatric Sub-specialties
questions/07219d5b-74be-445f-9ad9-b6e1eb45308d.json,07219d5b-74be-445f-9ad9-b6e1eb45308d,published,true,true,1,Answerable (exactly one correct option),Community-based Paediatrics
questions/072befc4-01ca-5267-829a-43ffbb63d449.json,072befc4-01ca-5267-829a-43ffbb63d449,published,false,true,1,Answerable (exactly one correct option),Paediatric Surgery
questions/07344dc7-e795-4d71-9fb2-665f664185d0.json,07344dc7-e795-4d71-9fb2-665f664185d0,published,true,true,1,Answerable (exactly one correct option),Community-based Paediatrics
questions/0749a602-7d7e-4f1c-b894-99d7812358d3.json,0749a602-7d7e-4f1c-b894-99d7812358d3,published,true,true,1,Answerable (exactly one correct option),Adolescent Medicine
questions/07626734-d087-5b62-989a-f0884fc14235.json,07626734-d087-5b62-989a-f0884fc14235,published,false,true,1,Answerable (exactly one correct option),Emergency Paediatrics
questions/078b25e5-419b-4eee-819f-fe6bd070ff18.json,078b25e5-419b-4eee-819f-fe6bd070ff18,published,true,true,1,Answerable (exactly one correct option),Community-based Paediatrics
questions/07b7eed6-8e53-56ae-a098-e295dbe79df8.json,07b7eed6-8e53-56ae-a098-e295dbe79df8,published,false,true,1,Answerable (exactly one correct option),Paediatric Sub-specialties
questions/07d98f25-e109-4f72-9246-987cebb1bc33.json,07d98f25-e109-4f72-9246-987cebb1bc33,published,true,true,1,Answerable (exactly one correct option),Paediatric Surgery
questions/07eb5f5e-1b2f-5485-aec2-71b8370d006c.json,07eb5f5e-1b2f-5485-aec2-71b8370d006c,published,false,true,1,Answerable (exactly one correct option),Paediatric Surgery
questions/08092ba0-55ae-539d-8c3b-d6124439f235.json,08092ba0-55ae-539d-8c3b-d6124439f235,published,false,true,1,Answerable (exactly one correct option),Paediatric Surgery
questions/08325073-1de2-4c22-b460-aee674221c19.json,08325073-1de2-4c22-b460-aee674221c19,published,true,true,1,Answerable (exactly one correct option),General Paediatrics
questions/0832cc82-ce72-5822-9e6e-45a65ccd1eea.json,0832cc82-ce72-5822-9e6e-45a65ccd1eea,published,false,true,1,Answerable (exactly one correct option),General Paediatrics
questions/084fee2a-1bca-4329-8004-c853f37ac68e.json,084fee2a-1bca-4329-8004-c853f37ac68e,published,false,true,1,Answerable (exactly one correct option),Paediatric Surgery
questions/08812fbd-e9bd-5ea0-bb8c-4c8efea681ad.json,08812fbd-e9bd-5ea0-bb8c-4c8efea681ad,published,false,true,1,Answerable (exactly one correct option),General Paediatrics
questions/0891d5aa-d2be-4528-a66e-2554ca479df3.json,0891d5aa-d2be-4528-a66e-2554ca479df3,published,true,true,1,Answerable (exactly one correct option),General Paediatrics
questions/08946a6c-dbe0-4381-9548-ec44eaa3e04a.json,08946a6c-dbe0-4381-9548-ec44eaa3e04a,published,true,true,1,Answerable (exactly one correct option),Paediatric Surgery
questions/08b89056-2d62-5321-b733-2457baa46db2.json,08b89056-2d62-5321-b733-2457baa46db2,published,false,true,1,Answerable (exactly one correct option),Paediatric Surgery
questions/08b901c9-8d4a-4bd8-b846-f89c927fc89d.json,08b901c9-8d4a-4bd8-b846-f89c927fc89d,published,true,true,1,Answerable (exactly one correct option),Paediatric Surgery
questions/08c07908-cee4-4a16-a582-839fa170435b.json,08c07908-cee4-4a16-a582-839fa170435b,published,true,true,1,Answerable (exactly one correct option),Paediatric Surgery
questions/08c563d1-b35c-477e-ba80-4fc5bb6e5a14.json,08c563d1-b35c-477e-ba80-4fc5bb6e5a14,published,false,true,1,Answerable (exactly one correct option),Paediatric Surgery
questions/08d5bb66-31a8-4175-84ad-c9f1ef8d652c.json,08d5bb66-31a8-4175-84ad-c9f1ef8d652c,published,true,true,1,Answerable (exactly one correct option),General Paediatrics
questions/08edb778-5197-585f-840e-651d0b098204.json,08edb778-5197-585f-840e-651d0b098204,published,false,true,1,Answerable (exactly one correct option),Paediatric Sub-specialties
questions/08f1b57f-76f2-51e8-a79d-72bafb93fbe6.json,08f1b57f-76f2-51e8-a79d-72bafb93fbe6,published,false,true,1,Answerable (exactly one correct option),Paediatric Surgery
questions/090204f2-f482-48f5-bb8f-a328c2e30957.json,090204f2-f482-48f5-bb8f-a328c2e30957,published,true,true,1,Answerable (exactly one correct option),Community-based Paediatrics
questions/0907259f-abf8-512c-8f41-0b95292b8ed5.json,0907259f-abf8-512c-8f41-0b95292b8ed5,published,false,true,1,Answerable (exactly one correct option),Paediatric Sub-specialties
questions/091b4333-cc4b-4418-94fa-1cfdddb7ef5d.json,091b4333-cc4b-4418-94fa-1cfdddb7ef5d,published,true,true,1,Answerable (exactly one correct option),Paediatric Surgery
questions/092c70d0-147c-5a84-b7ef-1d5de073ffec.json,092c70d0-147c-5a84-b7ef-1d5de073ffec,published,false,true,1,Answerable (exactly one correct option),Paediatric Surgery
questions/0996a8a8-433e-4649-916e-16774238e4ec.json,0996a8a8-433e-4649-916e-16774238e4ec,published,false,true,1,Answerable (exactly one correct option),Unclassified
questions/09ac3049-c5b0-4f9b-b5f0-3523952d6e2b.json,09ac3049-c5b0-4f9b-b5f0-3523952d6e2b,published,false,true,1,Answerable (exactly one correct option),Unclassified
questions/09b4bec0-65d4-5e98-a449-74a956d8d9a4.json,09b4bec0-65d4-5e98-a449-74a956d8d9a4,published,false,true,1,Answerable (exactly one correct option),Paediatric Surgery
questions/09e31afe-ec09-4349-88ba-a2bdf3d40bf5.json,09e31afe-ec09-4349-88ba-a2bdf3d40bf5,published,true,true,1,Answerable (exactly one correct option),General Paediatrics
questions/0a0ae9a0-5256-4036-b598-4e64f32ab3e1.json,0a0ae9a0-5256-4036-b598-4e64f32ab3e1,published,false,true,1,Answerable (exactly one correct option),Paediatric Sub-specialties
questions/0a0f779b-2da9-5cf8-9bfb-984f5f7e2877.json,0a0f779b-2da9-5cf8-9bfb-984f5f7e2877,published,false,true,1,Answerable (exactly one correct option),Paediatric Sub-specialties
questions/0a15734c-05dc-4aa9-96d7-5c9b0b65fde6.json,0a15734c-05dc-4aa9-96d7-5c9b0b65fde6,published,false,true,1,Answerable (exactly one correct option),Paediatric Sub-specialties
questions/0a169bc4-22c1-4398-adc8-ffc8d0d5c64d.json,0a169bc4-22c1-4398-adc8-ffc8d0d5c64d,published,true,true,1,Answerable (exactly one correct option),General Paediatrics
questions/0a1e0bf8-d481-5cc1-98f9-8fb98e943c9d.json,0a1e0bf8-d481-5cc1-98f9-8fb98e943c9d,published,false,true,1,Answerable (exactly one correct option),Paediatric Sub-specialties
questions/0a1e9eb9-803f-4a33-8896-ac40f068c3d3.json,0a1e9eb9-803f-4a33-8896-ac40f068c3d3,published,false,true,1,Answerable (exactly one correct option),Paediatric Surgery
questions/0a41e055-c9bf-447f-bbb6-0dc6e4533ca4.json,0a41e055-c9bf-447f-bbb6-0dc6e4533ca4,published,true,true,1,Answerable (exactly one correct option),Community-based Paediatrics
questions/0a4816f8-6c77-4b67-a9f3-14a57e13f40c.json,0a4816f8-6c77-4b67-a9f3-14a57e13f40c,published,false,true,1,Answerable (exactly one correct option),Paediatric Sub-specialties
questions/0a482394-c14a-4112-b5c7-ebf0bdf72301.json,0a482394-c14a-4112-b5c7-ebf0bdf72301,published,true,true,1,Answerable (exactly one correct option),Emergency Paediatrics
questions/0a4d7297-0ab9-5ba3-b0ae-3bde738bb34e.json,0a4d7297-0ab9-5ba3-b0ae-3bde738bb34e,published,false,true,1,Answerable (exactly one correct option),Emergency Paediatrics
questions/0a653a54-0099-4a35-9734-dc59b2f03666.json,0a653a54-0099-4a35-9734-dc59b2f03666,published,true,true,1,Answerable (exactly one correct option),Paediatric Sub-specialties
questions/0a86ebf5-521e-5ff4-9294-81914cb67b19.json,0a86ebf5-521e-5ff4-9294-81914cb67b19,published,false,true,1,Answerable (exactly one correct option),Paediatric Surgery
questions/0a93ecba-cdec-45df-bc4d-f39139ecd2f6.json,0a93ecba-cdec-45df-bc4d-f39139ecd2f6,published,false,true,1,Answerable (exactly one correct option),Paediatric Surgery
questions/0a9e217a-6fc9-50fc-b701-513c35120a87.json,0a9e217a-6fc9-50fc-b701-513c35120a87,published,false,true,1,Answerable (exactly one correct option),Emergency Paediatrics
questions/0ac448a9-0029-5425-bae0-71120079c5a1.json,0ac448a9-0029-5425-bae0-71120079c5a1,published,false,true,1,Answerable (exactly one correct option),Paediatric Surgery
questions/0acb64ff-ef1f-4c76-b9bb-18ec3c77f64d.json,0acb64ff-ef1f-4c76-b9bb-18ec3c77f64d,published,true,true,1,Answerable (exactly one correct option),Paediatric Surgery
questions/0aceee9c-2d21-477f-b9bd-e24df66e2d21.json,0aceee9c-2d21-477f-b9bd-e24df66e2d21,published,true,true,1,Answerable (exactly one correct option),Community-based Paediatrics
questions/0ad119ee-90e4-4337-b087-53462a70bbc4.json,0ad119ee-90e4-4337-b087-53462a70bbc4,published,false,true,1,Answerable (exactly one correct option),Paediatric Sub-specialties
questions/0ae604c0-81cb-515b-ae85-14ec41a417f3.json,0ae604c0-81cb-515b-ae85-14ec41a417f3,published,false,true,1,Answerable (exactly one correct option),Adolescent Medicine
questions/0aff5d67-098c-431c-b61d-0deff775dc19.json,0aff5d67-098c-431c-b61d-0deff775dc19,published,true,true,1,Answerable (exactly one correct option),General Paediatrics
questions/0b153494-ed3d-45ad-bcdb-e5f1fe9db438.json,0b153494-ed3d-45ad-bcdb-e5f1fe9db438,published,true,true,1,Answerable (exactly one correct option),General Paediatrics
questions/0b4a2d33-4b1e-46e1-95bb-cf9b4ecc648d.json,0b4a2d33-4b1e-46e1-95bb-cf9b4ecc648d,published,true,true,1,Answerable (exactly one correct option),General Paediatrics
questions/0b64c9ca-c602-5343-b98a-70f8283cae58.json,0b64c9ca-c602-5343-b98a-70f8283cae58,published,false,true,1,Answerable (exactly one correct option),Paediatric Sub-specialties
questions/0b651f04-b78a-4c44-87fe-c199318af9f8.json,0b651f04-b78a-4c44-87fe-c199318af9f8,published,false,true,1,Answerable (exactly one correct option),Paediatric Sub-specialties
questions/0b88524d-c0c0-4069-b3bf-21c04634e3a2.json,0b88524d-c0c0-4069-b3bf-21c04634e3a2,published,false,true,1,Answerable (exactly one correct option),Paediatric Sub-specialties
questions/0b8b4d6e-773b-4584-849d-529ce5a68721.json,0b8b4d6e-773b-4584-849d-529ce5a68721,published,false,true,1,Answerable (exactly one correct option),Unclassified
questions/0b9ade53-8a80-4029-b7b0-2bdc4fa967ad.json,0b9ade53-8a80-4029-b7b0-2bdc4fa967ad,published,true,true,1,Answerable (exactly one correct option),General Paediatrics
questions/0bb2f87e-a2ec-5e6d-8e52-80dadb1c4c65.json,0bb2f87e-a2ec-5e6d-8e52-80dadb1c4c65,published,false,true,1,Answerable (exactly one correct option),General Paediatrics
questions/0c0cff03-1c47-50e3-9333-5799619601d2.json,0c0cff03-1c47-50e3-9333-5799619601d2,published,false,true,1,Answerable (exactly one correct option),Paediatric Sub-specialties
questions/0c0ee630-d67d-4285-ab3d-1f398f3e61a2.json,0c0ee630-d67d-4285-ab3d-1f398f3e61a2,published,false,true,1,Answerable (exactly one correct option),Paediatric Sub-specialties
questions/0c5a57c9-565a-573f-b7b6-a8501dd5e5b0.json,0c5a57c9-565a-573f-b7b6-a8501dd5e5b0,published,false,true,1,Answerable (exactly one correct option),Paediatric Surgery
questions/0c8bf192-398c-4215-b3e2-f57f34ba1ca7.json,0c8bf192-398c-4215-b3e2-f57f34ba1ca7,published,true,true,1,Answerable (exactly one correct option),Community-based Paediatrics
questions/0cb0d933-6bff-4002-a069-92169b5cc8a1.json,0cb0d933-6bff-4002-a069-92169b5cc8a1,published,true,true,1,Answerable (exactly one correct option),Community-based Paediatrics
questions/0ccda8c8-91b3-45e5-89d4-63cf80ab517f.json,0ccda8c8-91b3-45e5-89d4-63cf80ab517f,published,false,true,1,Answerable (exactly one correct option),Paediatric Sub-specialties
questions/0cd507d3-0fcf-4e31-8008-c7c47e40587b.json,0cd507d3-0fcf-4e31-8008-c7c47e40587b,published,false,true,1,Answerable (exactly one correct option),Paediatric Sub-specialties
questions/0cda6e07-2e61-4990-9522-a16c391870a6.json,0cda6e07-2e61-4990-9522-a16c391870a6,published,false,true,1,Answerable (exactly one correct option),Paediatric Sub-specialties
questions/0d0f2c77-bda9-54e1-9d4e-3023f53758fe.json,0d0f2c77-bda9-54e1-9d4e-3023f53758fe,published,false,true,1,Answerable (exactly one correct option),Paediatric Surgery
questions/0d212eac-6628-4e7c-b824-6951b5c7cc2d.json,0d212eac-6628-4e7c-b824-6951b5c7cc2d,published,true,true,1,Answerable (exactly one correct option),Adolescent Medicine
questions/0d233f30-f0f5-57eb-8f55-fab9249b4cde.json,0d233f30-f0f5-57eb-8f55-fab9249b4cde,published,false,true,1,Answerable (exactly one correct option),Paediatric Sub-specialties
questions/0d2e3d5d-42cf-4e67-9365-d535ae05cda5.json,0d2e3d5d-42cf-4e67-9365-d535ae05cda5,published,true,true,1,Answerable (exactly one correct option),Paediatric Surgery
questions/0d36bfd1-d5bc-4aed-ad96-aa84c4e49556.json,0d36bfd1-d5bc-4aed-ad96-aa84c4e49556,published,true,true,1,Answerable (exactly one correct option),Adolescent Medicine
questions/0d7b86de-94c0-41b3-acce-f9731a097cbf.json,0d7b86de-94c0-41b3-acce-f9731a097cbf,published,true,true,1,Answerable (exactly one correct option),Community-based Paediatrics
questions/0db4b500-ef25-5e34-9460-3ac8f0197f70.json,0db4b500-ef25-5e34-9460-3ac8f0197f70,published,false,true,1,Answerable (exactly one correct option),Paediatric Sub-specialties
questions/0dd4b960-8da0-4a63-8e3c-0275a130541d.json,0dd4b960-8da0-4a63-8e3c-0275a130541d,published,true,true,1,Answerable (exactly one correct option),Paediatric Sub-specialties
questions/0de4a127-04a8-44f6-a25a-b6382c4fccf2.json,0de4a127-04a8-44f6-a25a-b6382c4fccf2,published,true,true,1,Answerable (exactly one correct option),Emergency Paediatrics
questions/0ded2b7f-23b7-4eb8-9d2b-2df580dcbd76.json,0ded2b7f-23b7-4eb8-9d2b-2df580dcbd76,published,true,true,1,Answerable (exactly one correct option),Community-based Paediatrics
questions/0df21029-6c2e-5ac5-a441-3780bdd27bd4.json,0df21029-6c2e-5ac5-a441-3780bdd27bd4,published,false,true,1,Answerable (exactly one correct option),Paediatric Sub-specialties
questions/0e00e3bb-4554-436a-b083-e914446b591a.json,0e00e3bb-4554-436a-b083-e914446b591a,published,true,true,1,Answerable (exactly one correct option),Paediatric Sub-specialties
questions/0e175957-5241-4c54-97e3-df372ff654ef.json,0e175957-5241-4c54-97e3-df372ff654ef,published,true,true,1,Answerable (exactly one correct option),Paediatric Sub-specialties
questions/0e18543d-c705-52ee-96fc-a32b39183385.json,0e18543d-c705-52ee-96fc-a32b39183385,published,false,true,1,Answerable (exactly one correct option),Paediatric Surgery
questions/0e308a8e-7ac1-483e-80a9-1e1592e26e59.json,0e308a8e-7ac1-483e-80a9-1e1592e26e59,published,true,true,1,Answerable (exactly one correct option),Paediatric Surgery
questions/0e61db5c-3ef5-45f2-8047-a1e7a2247e5a.json,0e61db5c-3ef5-45f2-8047-a1e7a2247e5a,published,true,true,1,Answerable (exactly one correct option),Paediatric Sub-specialties
questions/0e66662b-d80e-59cd-b8f8-25f372bbdcb3.json,0e66662b-d80e-59cd-b8f8-25f372bbdcb3,published,false,true,1,Answerable (exactly one correct option),General Paediatrics
questions/0e71425c-0fc6-4cc2-b668-c1ae40183a07.json,0e71425c-0fc6-4cc2-b668-c1ae40183a07,published,true,true,1,Answerable (exactly one correct option),General Paediatrics
questions/0e788b33-5632-4858-870f-41efc5a3b18d.json,0e788b33-5632-4858-870f-41efc5a3b18d,published,true,true,1,Answerable (exactly one correct option),General Paediatrics
questions/0e9eac4b-9f4e-4d52-8563-a6d6413d9b30.json,0e9eac4b-9f4e-4d52-8563-a6d6413d9b30,published,true,true,1,Answerable (exactly one correct option),Paediatric Surgery
questions/0e9f0f43-0696-428a-b968-424ead3c0a4e.json,0e9f0f43-0696-428a-b968-424ead3c0a4e,published,true,true,1,Answerable (exactly one correct option),General Paediatrics
questions/0ead22a2-638b-5f78-9596-42b785ab2ab2.json,0ead22a2-638b-5f78-9596-42b785ab2ab2,published,false,true,1,Answerable (exactly one correct option),Paediatric Sub-specialties
questions/0eb60d3d-1fc3-441d-aa9d-98ef14a8697d.json,0eb60d3d-1fc3-441d-aa9d-98ef14a8697d,published,true,true,1,Answerable (exactly one correct option),Adolescent Medicine
questions/0ebc1599-7a12-411f-84e9-724ec3531891.json,0ebc1599-7a12-411f-84e9-724ec3531891,published,false,true,1,Answerable (exactly one correct option),Unclassified
questions/0ee889d3-d10a-4765-9583-97ff856bf645.json,0ee889d3-d10a-4765-9583-97ff856bf645,published,false,true,1,Answerable (exactly one correct option),Unclassified
questions/0ef77d5e-81ff-4b8f-963e-94bd8d66052c.json,0ef77d5e-81ff-4b8f-963e-94bd8d66052c,published,true,true,1,Answerable (exactly one correct option),Emergency Paediatrics
questions/0f08e870-e3e3-4550-ba80-e48e87258aa9.json,0f08e870-e3e3-4550-ba80-e48e87258aa9,published,true,true,1,Answerable (exactly one correct option),General Paediatrics
questions/0f16ede8-83e0-458f-911b-559131ea5aad.json,0f16ede8-83e0-458f-911b-559131ea5aad,published,true,true,1,Answerable (exactly one correct option),Paediatric Sub-specialties
questions/0f2013a6-9b77-491e-8570-b7da23d5343c.json,0f2013a6-9b77-491e-8570-b7da23d5343c,published,true,true,1,Answerable (exactly one correct option),General Paediatrics
questions/0f3b56b3-ca07-4079-9c69-727f9b47a27c.json,0f3b56b3-ca07-4079-9c69-727f9b47a27c,published,false,true,1,Answerable (exactly one correct option),Paediatric Sub-specialties
questions/0f4543f1-d734-5478-8f87-bc3173ee4bdb.json,0f4543f1-d734-5478-8f87-bc3173ee4bdb,published,false,true,1,Answerable (exactly one correct option),Paediatric Surgery
questions/0f55f210-e286-579d-9e2f-e60163e10b4b.json,0f55f210-e286-579d-9e2f-e60163e10b4b,published,false,true,1,Answerable (exactly one correct option),General Paediatrics
questions/0f5d39b0-df0c-4488-97c1-832e3b6bb2fb.json,0f5d39b0-df0c-4488-97c1-832e3b6bb2fb,published,false,true,1,Answerable (exactly one correct option),General Paediatrics
questions/0f826bb0-4c5d-49ca-b04e-2ca622957368.json,0f826bb0-4c5d-49ca-b04e-2ca622957368,published,true,true,1,Answerable (exactly one correct option),General Paediatrics
questions/0fb10cb8-a7b3-4ea0-8773-32606689d110.json,0fb10cb8-a7b3-4ea0-8773-32606689d110,published,true,true,1,Answerable (exactly one correct option),Paediatric Sub-specialties
questions/0fc969bc-c7a0-5b89-933d-4cab4c64a8ad.json,0fc969bc-c7a0-5b89-933d-4cab4c64a8ad,published,false,true,1,Answerable (exactly one correct option),Paediatric Surgery
questions/0febde9e-876b-5a69-8843-9224eea6499c.json,0febde9e-876b-5a69-8843-9224eea6499c,published,false,true,1,Answerable (exactly one correct option),Emergency Paediatrics
questions/0fecd421-81a6-468c-8c1f-f7de1b832554.json,0fecd421-81a6-468c-8c1f-f7de1b832554,published,false,true,1,Answerable (exactly one correct option),Paediatric Surgery
questions/0ff5ab1f-1a5c-54df-8f43-fb0de2f115ad.json,0ff5ab1f-1a5c-54df-8f43-fb0de2f115ad,published,false,true,1,Answerable (exactly one correct option),Paediatric Surgery
questions/1025f9ad-82fe-5059-bf95-1d44aacab108.json,1025f9ad-82fe-5059-bf95-1d44aacab108,published,false,true,1,Answerable (exactly one correct option),Paediatric Surgery
questions/10392f44-2f68-5720-9404-9feac603d031.json,10392f44-2f68-5720-9404-9feac603d031,published,false,true,1,Answerable (exactly one correct option),Paediatric Sub-specialties
questions/1050a694-37f5-46b4-8b1e-905d7ff569db.json,1050a694-37f5-46b4-8b1e-905d7ff569db,published,false,true,1,Answerable (exactly one correct option),Paediatric Sub-specialties
questions/106731d4-2568-43d9-96ca-df9f89b4ef4a.json,106731d4-2568-43d9-96ca-df9f89b4ef4a,published,true,true,1,Answerable (exactly one correct option),Paediatric Sub-specialties
questions/106934c3-17cd-4ff5-9e5a-f060de3c1c96.json,106934c3-17cd-4ff5-9e5a-f060de3c1c96,published,true,true,1,Answerable (exactly one correct option),Paediatric Surgery
questions/1088501a-5a85-4399-b900-5db856738129.json,1088501a-5a85-4399-b900-5db856738129,published,false,true,1,Answerable (exactly one correct option),Paediatric Sub-specialties
questions/10980e2e-8233-4e5b-8347-573f2e21b1e5.json,10980e2e-8233-4e5b-8347-573f2e21b1e5,published,true,true,1,Answerable (exactly one correct option),General Paediatrics
questions/10abcef5-2883-4b6e-be26-540124b9c286.json,10abcef5-2883-4b6e-be26-540124b9c286,published,false,true,1,Answerable (exactly one correct option),Paediatric Sub-specialties
questions/10b078eb-461a-551b-bef3-9b177183af68.json,10b078eb-461a-551b-bef3-9b177183af68,published,false,true,1,Answerable (exactly one correct option),Paediatric Sub-specialties
questions/10bf56eb-020f-5232-a8cf-c7e893dbb2fb.json,10bf56eb-020f-5232-a8cf-c7e893dbb2fb,published,false,true,1,Answerable (exactly one correct option),Paediatric Sub-specialties
questions/10ccec07-d776-4f0a-95b3-36b2420016ec.json,10ccec07-d776-4f0a-95b3-36b2420016ec,published,true,true,1,Answerable (exactly one correct option),Emergency Paediatrics
questions/10db2a36-2108-4c78-9433-297e02825e10.json,10db2a36-2108-4c78-9433-297e02825e10,published,false,true,1,Answerable (exactly one correct option),Emergency Paediatrics
questions/11064c0a-5658-49a1-9f82-b5e79f49175f.json,11064c0a-5658-49a1-9f82-b5e79f49175f,published,false,true,1,Answerable (exactly one correct option),Paediatric Sub-specialties
questions/110ed087-8679-52a3-abfb-4d98ba02b30f.json,110ed087-8679-52a3-abfb-4d98ba02b30f,published,false,true,1,Answerable (exactly one correct option),Emergency Paediatrics
questions/11166fdb-884c-4657-88bd-029c8017471e.json,11166fdb-884c-4657-88bd-029c8017471e,published,true,true,1,Answerable (exactly one correct option),Paediatric Surgery
questions/113f9182-1d2d-431e-a126-f4762c3c509f.json,113f9182-1d2d-431e-a126-f4762c3c509f,published,true,true,1,Answerable (exactly one correct option),Paediatric Surgery
questions/1174c60b-0fd2-4bec-a124-fbef3c6312a1.json,1174c60b-0fd2-4bec-a124-fbef3c6312a1,published,false,true,1,Answerable (exactly one correct option),General Paediatrics
questions/1182516d-8f6a-4d51-bc83-66acf6624c2b.json,1182516d-8f6a-4d51-bc83-66acf6624c2b,published,true,true,1,Answerable (exactly one correct option),General Paediatrics
questions/11898d31-2bd9-57d1-b9bb-1480331e9a97.json,11898d31-2bd9-57d1-b9bb-1480331e9a97,published,false,true,1,Answerable (exactly one correct option),Paediatric Surgery
questions/119b73ad-55a6-405b-9421-bc31510c7df3.json,119b73ad-55a6-405b-9421-bc31510c7df3,published,true,true,1,Answerable (exactly one correct option),General Paediatrics
questions/11b8d925-d581-4350-8ffb-24aa1bddb939.json,11b8d925-d581-4350-8ffb-24aa1bddb939,published,false,true,1,Answerable (exactly one correct option),Paediatric Sub-specialties
questions/11c1c91f-c752-41a7-a943-4fe3971478c8.json,11c1c91f-c752-41a7-a943-4fe3971478c8,published,false,true,1,Answerable (exactly one correct option),Emergency Paediatrics
questions/11c496f6-2a74-4e75-aa5e-3e12f8b13e73.json,11c496f6-2a74-4e75-aa5e-3e12f8b13e73,published,true,true,1,Answerable (exactly one correct option),Paediatric Surgery
questions/11c87dbe-4447-551c-b1e1-553c7b77715b.json,11c87dbe-4447-551c-b1e1-553c7b77715b,published,false,true,1,Answerable (exactly one correct option),Paediatric Sub-specialties
questions/11d07162-8046-4765-ad2f-6e7f3f22c58b.json,11d07162-8046-4765-ad2f-6e7f3f22c58b,published,true,true,1,Answerable (exactly one correct option),General Paediatrics
questions/11e0bbc1-e846-43ac-87ef-9a0084bb6a90.json,11e0bbc1-e846-43ac-87ef-9a0084bb6a90,published,true,true,1,Answerable (exactly one correct option),General Paediatrics
questions/12113178-0986-4312-9255-c76096f8c5d8.json,12113178-0986-4312-9255-c76096f8c5d8,published,true,true,1,Answerable (exactly one correct option),General Paediatrics
questions/1214d718-08da-5be1-8a55-e20cbf180361.json,1214d718-08da-5be1-8a55-e20cbf180361,published,false,true,1,Answerable (exactly one correct option),Community-based Paediatrics
questions/121cc15f-1faa-4809-816b-42d11a3ac7cc.json,121cc15f-1faa-4809-816b-42d11a3ac7cc,published,false,true,1,Answerable (exactly one correct option),Emergency Paediatrics
questions/12358eb4-de0a-43cc-a6c8-e7f67a657965.json,12358eb4-de0a-43cc-a6c8-e7f67a657965,published,true,true,1,Answerable (exactly one correct option),Paediatric Surgery
questions/125514b6-f452-412c-98e3-28da78990d58.json,125514b6-f452-412c-98e3-28da78990d58,published,true,true,1,Answerable (exactly one correct option),Paediatric Sub-specialties
questions/12553dc2-e907-5712-b8a5-dc303f14eeb5.json,12553dc2-e907-5712-b8a5-dc303f14eeb5,published,false,true,1,Answerable (exactly one correct option),General Paediatrics
questions/12733798-ab35-442f-be78-f4b01b97b191.json,12733798-ab35-442f-be78-f4b01b97b191,published,true,true,1,Answerable (exactly one correct option),Paediatric Surgery
questions/127e1740-a9de-57b3-889e-9472d5bfe37c.json,127e1740-a9de-57b3-889e-9472d5bfe37c,published,false,true,1,Answerable (exactly one correct option),Emergency Paediatrics
questions/128d19dd-d7df-560f-a1db-634ab0e3e8ce.json,128d19dd-d7df-560f-a1db-634ab0e3e8ce,published,false,true,1,Answerable (exactly one correct option),General Paediatrics
questions/129dd7cc-f8bc-4365-9bfc-5c1842a11f11.json,129dd7cc-f8bc-4365-9bfc-5c1842a11f11,published,true,true,1,Answerable (exactly one correct option),Paediatric Sub-specialties
questions/12a30ad9-8ceb-5bd8-afc0-9a84276795e9.json,12a30ad9-8ceb-5bd8-afc0-9a84276795e9,published,false,true,1,Answerable (exactly one correct option),Paediatric Sub-specialties
questions/12de9fae-5765-57c2-a57c-d8f474731b7d.json,12de9fae-5765-57c2-a57c-d8f474731b7d,published,false,true,1,Answerable (exactly one correct option),Paediatric Surgery
questions/135b6f2b-47f1-4a36-8e77-f453e2fd3340.json,135b6f2b-47f1-4a36-8e77-f453e2fd3340,published,true,true,1,Answerable (exactly one correct option),General Paediatrics
questions/13a23d65-3bfc-4c5f-b175-ed553b2adc53.json,13a23d65-3bfc-4c5f-b175-ed553b2adc53,published,false,true,1,Answerable (exactly one correct option),Paediatric Sub-specialties
questions/13a59355-5c02-4f2a-b174-ea51ee0c29c7.json,13a59355-5c02-4f2a-b174-ea51ee0c29c7,published,true,true,1,Answerable (exactly one correct option),General Paediatrics
questions/13c5c926-f22b-4324-b926-5fd18c5baa76.json,13c5c926-f22b-4324-b926-5fd18c5baa76,published,false,true,1,Answerable (exactly one correct option),Paediatric Sub-specialties
questions/13e2c145-73c1-45aa-bbd6-479c1b05377b.json,13e2c145-73c1-45aa-bbd6-479c1b05377b,published,true,true,1,Answerable (exactly one correct option),General Paediatrics
questions/13e392ef-b6d8-527d-92aa-7954840838bf.json,13e392ef-b6d8-527d-92aa-7954840838bf,published,false,true,1,Answerable (exactly one correct option),Paediatric Surgery
questions/1406d417-22e7-414f-9872-932576b82cf1.json,1406d417-22e7-414f-9872-932576b82cf1,published,false,true,1,Answerable (exactly one correct option),Paediatric Sub-specialties
questions/141a39f7-8b4d-4771-900e-856cc68cf1c6.json,141a39f7-8b4d-4771-900e-856cc68cf1c6,published,false,true,1,Answerable (exactly one correct option),Adolescent Medicine
questions/14518cf8-c3ae-5d01-ba1b-7d8e4b6740c8.json,14518cf8-c3ae-5d01-ba1b-7d8e4b6740c8,published,false,true,1,Answerable (exactly one correct option),Paediatric Sub-specialties
questions/14643cd8-0798-54aa-b787-99ea991a916b.json,14643cd8-0798-54aa-b787-99ea991a916b,published,false,true,1,Answerable (exactly one correct option),Paediatric Sub-specialties
questions/149132b1-fccf-459a-8463-cf955be475c3.json,149132b1-fccf-459a-8463-cf955be475c3,published,true,true,1,Answerable (exactly one correct option),Paediatric Surgery
questions/14948d27-378e-46b1-8053-0dad8eef6e15.json,14948d27-378e-46b1-8053-0dad8eef6e15,published,true,true,1,Answerable (exactly one correct option),General Paediatrics
questions/14aa2750-c4ac-4aa2-9500-09a36c407892.json,14aa2750-c4ac-4aa2-9500-09a36c407892,published,false,true,1,Answerable (exactly one correct option),Unclassified
questions/14b17e28-3046-527a-b9d6-40f627a80aa3.json,14b17e28-3046-527a-b9d6-40f627a80aa3,published,false,true,1,Answerable (exactly one correct option),Paediatric Sub-specialties
questions/14c49e0d-606d-4fbf-b78d-51d8c8954f5e.json,14c49e0d-606d-4fbf-b78d-51d8c8954f5e,published,true,true,1,Answerable (exactly one correct option),Paediatric Sub-specialties
questions/14c80c11-bffb-49bc-8dba-34952a82732b.json,14c80c11-bffb-49bc-8dba-34952a82732b,published,true,true,1,Answerable (exactly one correct option),General Paediatrics
questions/14d77d8a-42e8-45e5-9ebd-4b6e419a8387.json,14d77d8a-42e8-45e5-9ebd-4b6e419a8387,published,true,true,1,Answerable (exactly one correct option),Adolescent Medicine
questions/14d7919c-6e66-4e94-950d-a20cacfc77f8.json,14d7919c-6e66-4e94-950d-a20cacfc77f8,published,true,true,1,Answerable (exactly one correct option),Community-based Paediatrics
questions/14ecc84e-448f-43e7-bb09-6cff47e89b18.json,14ecc84e-448f-43e7-bb09-6cff47e89b18,published,false,true,1,Answerable (exactly one correct option),Unclassified
questions/14ed57d1-fd9c-59d4-a2e1-a0062f94f27f.json,14ed57d1-fd9c-59d4-a2e1-a0062f94f27f,published,false,true,1,Answerable (exactly one correct option),Adolescent Medicine
questions/150726f3-2d12-521c-bd00-1ec5ed12a51a.json,150726f3-2d12-521c-bd00-1ec5ed12a51a,published,false,true,1,Answerable (exactly one correct option),Paediatric Sub-specialties
questions/15572832-8cc5-4bdd-b616-88e5dda8a5bc.json,15572832-8cc5-4bdd-b616-88e5dda8a5bc,published,false,true,1,Answerable (exactly one correct option),Paediatric Surgery
questions/15a662e1-9dd9-52d4-a8c1-d9f128f6fa9b.json,15a662e1-9dd9-52d4-a8c1-d9f128f6fa9b,published,false,true,1,Answerable (exactly one correct option),Paediatric Sub-specialties
questions/15b83fdc-1a17-5a70-8c00-86e47bb1eb09.json,15b83fdc-1a17-5a70-8c00-86e47bb1eb09,published,false,true,1,Answerable (exactly one correct option),Paediatric Sub-specialties
questions/15be61de-14a3-4f4f-9fdc-06c9c8bc780b.json,15be61de-14a3-4f4f-9fdc-06c9c8bc780b,published,true,true,1,Answerable (exactly one correct option),General Paediatrics
questions/15e8daf2-c79c-49d2-9fcd-2bd4bec73da2.json,15e8daf2-c79c-49d2-9fcd-2bd4bec73da2,published,true,true,1,Answerable (exactly one correct option),General Paediatrics
questions/160c328e-dad5-5825-b157-4c37201f4980.json,160c328e-dad5-5825-b157-4c37201f4980,published,false,true,1,Answerable (exactly one correct option),Paediatric Surgery
questions/163140c2-14c3-4711-9951-e9b7bc5a482e.json,163140c2-14c3-4711-9951-e9b7bc5a482e,published,true,true,1,Answerable (exactly one correct option),Adolescent Medicine
questions/1632cd6e-d405-578f-8361-bcfeb9841d55.json,1632cd6e-d405-578f-8361-bcfeb9841d55,published,false,true,1,Answerable (exactly one correct option),Paediatric Sub-specialties
questions/165e8ffd-c503-4cc2-9972-986361d33484.json,165e8ffd-c503-4cc2-9972-986361d33484,published,true,true,1,Answerable (exactly one correct option),Community-based Paediatrics
questions/16697e79-57e8-40b0-848d-b12fa2682ea2.json,16697e79-57e8-40b0-848d-b12fa2682ea2,published,true,true,1,Answerable (exactly one correct option),Paediatric Sub-specialties
questions/1682f43b-6048-5a43-805e-8bac95ed4315.json,1682f43b-6048-5a43-805e-8bac95ed4315,published,false,true,1,Answerable (exactly one correct option),General Paediatrics
questions/1698abdf-9fd2-4e3e-a2e3-55a9ae91ee86.json,1698abdf-9fd2-4e3e-a2e3-55a9ae91ee86,published,true,true,1,Answerable (exactly one correct option),Emergency Paediatrics
questions/16a6d26a-ba26-46ba-ba2a-b39352c76c88.json,16a6d26a-ba26-46ba-ba2a-b39352c76c88,published,true,true,1,Answerable (exactly one correct option),Paediatric Surgery
questions/16afd5cc-be3c-5bd5-a931-7c11f0ab8377.json,16afd5cc-be3c-5bd5-a931-7c11f0ab8377,published,false,true,1,Answerable (exactly one correct option),Paediatric Sub-specialties
questions/16b77ead-68f3-5d02-84f9-5360b349c342.json,16b77ead-68f3-5d02-84f9-5360b349c342,published,false,true,1,Answerable (exactly one correct option),Community-based Paediatrics
questions/16bbf485-ddfe-4ef6-ae5a-bbfffdad3f69.json,16bbf485-ddfe-4ef6-ae5a-bbfffdad3f69,published,true,true,1,Answerable (exactly one correct option),Community-based Paediatrics
questions/16ddb41b-5b89-44f9-a4f8-0a125f11d40c.json,16ddb41b-5b89-44f9-a4f8-0a125f11d40c,published,true,true,1,Answerable (exactly one correct option),General Paediatrics
questions/16e0162b-82e6-45ac-9cd6-326196a04627.json,16e0162b-82e6-45ac-9cd6-326196a04627,published,false,true,1,Answerable (exactly one correct option),Paediatric Sub-specialties
questions/16e5e63b-fdd2-46cf-9f00-145961a72403.json,16e5e63b-fdd2-46cf-9f00-145961a72403,published,true,true,1,Answerable (exactly one correct option),Emergency Paediatrics
questions/1705bd22-cf0c-5d32-abb5-15695bbe2b8d.json,1705bd22-cf0c-5d32-abb5-15695bbe2b8d,published,false,true,1,Answerable (exactly one correct option),Paediatric Surgery
questions/17074664-5e1c-41ce-83a5-1771bba6e057.json,17074664-5e1c-41ce-83a5-1771bba6e057,published,true,true,1,Answerable (exactly one correct option),Paediatric Surgery
questions/1741b2ed-74da-4988-8d42-8f6b412319ed.json,1741b2ed-74da-4988-8d42-8f6b412319ed,published,true,true,1,Answerable (exactly one correct option),Emergency Paediatrics
questions/175d620c-bb2f-43a5-94c4-c103261652c8.json,175d620c-bb2f-43a5-94c4-c103261652c8,published,true,true,1,Answerable (exactly one correct option),General Paediatrics
questions/176738b0-31bc-4219-a838-0a42f0c2d752.json,176738b0-31bc-4219-a838-0a42f0c2d752,published,false,true,1,Answerable (exactly one correct option),Unclassified
questions/17818448-2268-4dbe-a786-51b3b198f053.json,17818448-2268-4dbe-a786-51b3b198f053,published,true,true,1,Answerable (exactly one correct option),General Paediatrics
questions/178ad714-a527-57b9-bce8-d07e7da59924.json,178ad714-a527-57b9-bce8-d07e7da59924,published,false,true,1,Answerable (exactly one correct option),Paediatric Sub-specialties
questions/179f3524-1483-4217-9341-fb04c1246d70.json,179f3524-1483-4217-9341-fb04c1246d70,published,false,true,1,Answerable (exactly one correct option),Paediatric Sub-specialties
questions/17a34c39-9cf8-440e-8a9e-41479b966c7e.json,17a34c39-9cf8-440e-8a9e-41479b966c7e,published,false,true,1,Answerable (exactly one correct option),Community-based Paediatrics
questions/17af322e-eb97-46d9-a9d2-fad9976e2ec8.json,17af322e-eb97-46d9-a9d2-fad9976e2ec8,published,true,true,1,Answerable (exactly one correct option),Community-based Paediatrics
questions/17b2cb65-d535-5ba6-a996-ba948b889b23.json,17b2cb65-d535-5ba6-a996-ba948b889b23,published,false,true,1,Answerable (exactly one correct option),Paediatric Surgery
questions/17c0d7aa-0661-5543-9960-991502e56ac8.json,17c0d7aa-0661-5543-9960-991502e56ac8,published,false,true,1,Answerable (exactly one correct option),Paediatric Sub-specialties
questions/17c41691-3e76-48a3-891b-c280bf7ea071.json,17c41691-3e76-48a3-891b-c280bf7ea071,published,true,true,1,Answerable (exactly one correct option),Paediatric Sub-specialties
questions/17c5b09d-0695-491d-8c4d-000322af7515.json,17c5b09d-0695-491d-8c4d-000322af7515,published,false,true,1,Answerable (exactly one correct option),General Paediatrics
questions/17cd6d34-97ac-5b3a-a325-d599d1efce1e.json,17cd6d34-97ac-5b3a-a325-d599d1efce1e,published,false,true,1,Answerable (exactly one correct option),General Paediatrics
questions/17e3b467-8159-45c9-b95f-704ca77c049b.json,17e3b467-8159-45c9-b95f-704ca77c049b,published,false,true,1,Answerable (exactly one correct option),General Paediatrics
questions/17eaf41e-e445-5b36-ab12-c143981565e6.json,17eaf41e-e445-5b36-ab12-c143981565e6,published,false,true,1,Answerable (exactly one correct option),Paediatric Surgery
questions/17fa4477-fa92-440f-9571-c5c3d5ab4ec4.json,17fa4477-fa92-440f-9571-c5c3d5ab4ec4,published,false,true,1,Answerable (exactly one correct option),Paediatric Sub-specialties
questions/181996e7-43a5-41fc-8ef3-d1cc3a91308c.json,181996e7-43a5-41fc-8ef3-d1cc3a91308c,published,true,true,1,Answerable (exactly one correct option),General Paediatrics
questions/1838a800-ad07-42a9-81a8-138cb2d52a26.json,1838a800-ad07-42a9-81a8-138cb2d52a26,published,false,true,1,Answerable (exactly one correct option),Paediatric Surgery
questions/1845d329-8011-5124-bc89-dfa3badc559c.json,1845d329-8011-5124-bc89-dfa3badc559c,published,false,true,1,Answerable (exactly one correct option),Paediatric Surgery
questions/184a9116-0ea3-49b5-bb5c-37f6dc3c49ea.json,184a9116-0ea3-49b5-bb5c-37f6dc3c49ea,published,true,true,1,Answerable (exactly one correct option),General Paediatrics
questions/18526fc8-64c7-5078-af9b-c8576c674429.json,18526fc8-64c7-5078-af9b-c8576c674429,published,false,true,1,Answerable (exactly one correct option),General Paediatrics
questions/1852e6a3-97b6-553e-8534-708b916bb702.json,1852e6a3-97b6-553e-8534-708b916bb702,published,false,true,1,Answerable (exactly one correct option),General Paediatrics
questions/185bc3d4-6906-5933-aabd-d04a24c419fa.json,185bc3d4-6906-5933-aabd-d04a24c419fa,published,false,true,1,Answerable (exactly one correct option),General Paediatrics
questions/186c0938-5b44-5c87-9b80-57c1ff6b562f.json,186c0938-5b44-5c87-9b80-57c1ff6b562f,published,false,true,1,Answerable (exactly one correct option),Paediatric Surgery
questions/1870d4cd-eeb5-4694-8f5b-1877e6f749d3.json,1870d4cd-eeb5-4694-8f5b-1877e6f749d3,published,false,true,1,Answerable (exactly one correct option),General Paediatrics
questions/18994af9-1e7b-5a70-b699-f74813fd0b8c.json,18994af9-1e7b-5a70-b699-f74813fd0b8c,published,false,true,1,Answerable (exactly one correct option),Community-based Paediatrics
questions/18a589ba-690f-5f00-925a-220e0232b57f.json,18a589ba-690f-5f00-925a-220e0232b57f,published,false,true,1,Answerable (exactly one correct option),General Paediatrics
questions/18ba6ddf-46e8-4fc4-a809-7969f5194a9a.json,18ba6ddf-46e8-4fc4-a809-7969f5194a9a,published,false,true,1,Answerable (exactly one correct option),Paediatric Sub-specialties
questions/18c82304-8215-4b37-93e0-021bbb1dc647.json,18c82304-8215-4b37-93e0-021bbb1dc647,published,false,true,1,Answerable (exactly one correct option),Emergency Paediatrics
questions/18d3d4e7-967f-4653-bec5-9e9da6e3cb4c.json,18d3d4e7-967f-4653-bec5-9e9da6e3cb4c,published,true,true,1,Answerable (exactly one correct option),General Paediatrics
questions/18e17808-3ea6-42a6-9334-e615fb8017b5.json,18e17808-3ea6-42a6-9334-e615fb8017b5,published,true,true,1,Answerable (exactly one correct option),Paediatric Surgery
questions/18e95833-476e-4a08-9249-e993a5374ed1.json,18e95833-476e-4a08-9249-e993a5374ed1,published,false,true,1,Answerable (exactly one correct option),General Paediatrics
questions/18f403fb-d277-48e5-a9e9-f31eeb6e8bf8.json,18f403fb-d277-48e5-a9e9-f31eeb6e8bf8,published,false,true,1,Answerable (exactly one correct option),General Paediatrics
questions/19388ca6-afea-4604-bfc2-0d7c0f6f04b8.json,19388ca6-afea-4604-bfc2-0d7c0f6f04b8,published,false,true,1,Answerable (exactly one correct option),Community-based Paediatrics
questions/19397ebe-b9eb-49ed-ba72-d5ab0ae74515.json,19397ebe-b9eb-49ed-ba72-d5ab0ae74515,published,false,true,1,Answerable (exactly one correct option),Emergency Paediatrics
questions/194d0340-8b2c-4523-8e50-1db95f5712ee.json,194d0340-8b2c-4523-8e50-1db95f5712ee,published,false,true,1,Answerable (exactly one correct option),Adolescent Medicine
questions/1961b3b4-1f5d-4dca-ac51-afe9ad7136f0.json,1961b3b4-1f5d-4dca-ac51-afe9ad7136f0,published,false,true,1,Answerable (exactly one correct option),Community-based Paediatrics
questions/197fcba6-ffe6-4ae2-b0b5-ee83509cba8b.json,197fcba6-ffe6-4ae2-b0b5-ee83509cba8b,published,false,true,1,Answerable (exactly one correct option),Unclassified
questions/199bc3c8-9316-4af5-b890-3206b4863d49.json,199bc3c8-9316-4af5-b890-3206b4863d49,published,true,true,1,Answerable (exactly one correct option),Adolescent Medicine
questions/19af9a3d-e11e-5e5e-843f-1129d8e3d302.json,19af9a3d-e11e-5e5e-843f-1129d8e3d302,published,false,true,1,Answerable (exactly one correct option),Adolescent Medicine
questions/19ec46ae-273a-404c-8032-5fc65dbebc76.json,19ec46ae-273a-404c-8032-5fc65dbebc76,published,false,true,1,Answerable (exactly one correct option),Emergency Paediatrics
questions/19fb81fa-d767-4225-9ae4-8406889e6e4c.json,19fb81fa-d767-4225-9ae4-8406889e6e4c,published,true,true,1,Answerable (exactly one correct option),General Paediatrics
questions/1a0f28d0-1e8e-45bf-8d6e-095bd8a28d83.json,1a0f28d0-1e8e-45bf-8d6e-095bd8a28d83,published,false,true,1,Answerable (exactly one correct option),Unclassified
questions/1a1b2fb2-cd7b-5994-8628-ed9a3eab1e41.json,1a1b2fb2-cd7b-5994-8628-ed9a3eab1e41,published,false,true,1,Answerable (exactly one correct option),Paediatric Sub-specialties
questions/1a1c77a9-3f9f-5799-8a90-11776c97652d.json,1a1c77a9-3f9f-5799-8a90-11776c97652d,published,false,true,1,Answerable (exactly one correct option),Paediatric Sub-specialties
questions/1a385f1e-87d7-59f5-8132-2c33ecf72d59.json,1a385f1e-87d7-59f5-8132-2c33ecf72d59,published,false,true,1,Answerable (exactly one correct option),Paediatric Sub-specialties
questions/1a4aff83-e959-52b3-b6be-f753a60ffa83.json,1a4aff83-e959-52b3-b6be-f753a60ffa83,published,false,true,1,Answerable (exactly one correct option),Emergency Paediatrics
questions/1a593325-39bd-5248-8ae3-5f1b37e79a48.json,1a593325-39bd-5248-8ae3-5f1b37e79a48,published,false,true,1,Answerable (exactly one correct option),General Paediatrics
questions/1a762751-82c3-42f5-8f53-14ef69988872.json,1a762751-82c3-42f5-8f53-14ef69988872,published,true,true,1,Answerable (exactly one correct option),General Paediatrics
questions/1a861924-fa2d-4d03-a18a-3adf9cf026d0.json,1a861924-fa2d-4d03-a18a-3adf9cf026d0,published,false,true,1,Answerable (exactly one correct option),Paediatric Sub-specialties
questions/1a8893ba-dca1-459d-8deb-204eaad8925e.json,1a8893ba-dca1-459d-8deb-204eaad8925e,published,true,true,1,Answerable (exactly one correct option),Paediatric Sub-specialties
questions/1a9209f3-f886-45af-80a1-34f1d7fc5e22.json,1a9209f3-f886-45af-80a1-34f1d7fc5e22,published,true,true,1,Answerable (exactly one correct option),Community-based Paediatrics
questions/1aa92b91-d9a4-58bc-91ee-81eee6ae4045.json,1aa92b91-d9a4-58bc-91ee-81eee6ae4045,published,false,true,1,Answerable (exactly one correct option),Paediatric Sub-specialties
questions/1aba247c-8c20-531f-8350-d797d0a28cf2.json,1aba247c-8c20-531f-8350-d797d0a28cf2,published,false,true,1,Answerable (exactly one correct option),Paediatric Surgery
questions/1ac68ed8-9c4c-4fb5-bb2c-10eb5528e673.json,1ac68ed8-9c4c-4fb5-bb2c-10eb5528e673,published,true,true,1,Answerable (exactly one correct option),Paediatric Surgery
questions/1ac979cc-8f62-40e5-8ac1-43df305c3b76.json,1ac979cc-8f62-40e5-8ac1-43df305c3b76,published,false,true,1,Answerable (exactly one correct option),General Paediatrics
questions/1ace4ab0-3058-5383-a906-d4dbe6fe3983.json,1ace4ab0-3058-5383-a906-d4dbe6fe3983,published,false,true,1,Answerable (exactly one correct option),Paediatric Surgery
questions/1ae95d28-2468-431b-9338-d4d5b3b80443.json,1ae95d28-2468-431b-9338-d4d5b3b80443,published,true,true,1,Answerable (exactly one correct option),General Paediatrics
questions/1b1362c5-a0da-4fd6-97c6-8faeae92cab5.json,1b1362c5-a0da-4fd6-97c6-8faeae92cab5,published,true,true,1,Answerable (exactly one correct option),Adolescent Medicine
questions/1b364e28-ee2a-4615-aa88-0657abb74bf2.json,1b364e28-ee2a-4615-aa88-0657abb74bf2,published,false,true,1,Answerable (exactly one correct option),General Paediatrics
questions/1b3cb28a-fa6a-4a3a-ac00-86037f46b100.json,1b3cb28a-fa6a-4a3a-ac00-86037f46b100,published,true,true,1,Answerable (exactly one correct option),Emergency Paediatrics
questions/1b46d94f-9db7-59b7-a401-c25d2aad619e.json,1b46d94f-9db7-59b7-a401-c25d2aad619e,published,false,true,1,Answerable (exactly one correct option),Paediatric Sub-specialties
questions/1b6859a6-70b7-5384-8ea1-939fa7ce0206.json,1b6859a6-70b7-5384-8ea1-939fa7ce0206,published,false,true,1,Answerable (exactly one correct option),Paediatric Surgery
questions/1b77a4a0-a725-4d9e-b35a-cb638833c841.json,1b77a4a0-a725-4d9e-b35a-cb638833c841,published,true,true,1,Answerable (exactly one correct option),General Paediatrics
questions/1b89f8cf-48a0-4011-bc39-ea4911ed6eea.json,1b89f8cf-48a0-4011-bc39-ea4911ed6eea,published,false,true,1,Answerable (exactly one correct option),Adolescent Medicine
questions/1baef817-886f-5272-b8a0-c9031ec93578.json,1baef817-886f-5272-b8a0-c9031ec93578,published,false,true,1,Answerable (exactly one correct option),Paediatric Sub-specialties
questions/1bd681b6-723c-57f0-9ddb-f5e79785928d.json,1bd681b6-723c-57f0-9ddb-f5e79785928d,published,false,true,1,Answerable (exactly one correct option),Paediatric Sub-specialties
questions/1bd73b6a-7f9d-410e-b33e-cf5bc9df36e3.json,1bd73b6a-7f9d-410e-b33e-cf5bc9df36e3,published,false,true,1,Answerable (exactly one correct option),Paediatric Sub-specialties
questions/1be61753-18a6-47cc-8440-fb9c2947a304.json,1be61753-18a6-47cc-8440-fb9c2947a304,published,true,true,1,Answerable (exactly one correct option),Emergency Paediatrics
questions/1be93898-4746-479e-b9e2-35b9a3fdd81f.json,1be93898-4746-479e-b9e2-35b9a3fdd81f,published,false,true,1,Answerable (exactly one correct option),Adolescent Medicine
questions/1bf1e229-733a-4839-a923-60382a45ea43.json,1bf1e229-733a-4839-a923-60382a45ea43,published,true,true,1,Answerable (exactly one correct option),Emergency Paediatrics
questions/1bf75886-0c7c-42d8-8a26-9b00542b3ff3.json,1bf75886-0c7c-42d8-8a26-9b00542b3ff3,published,false,true,1,Answerable (exactly one correct option),General Paediatrics
questions/1c0a7504-2fdd-4e8b-9e3b-460938861be8.json,1c0a7504-2fdd-4e8b-9e3b-460938861be8,published,false,true,1,Answerable (exactly one correct option),Paediatric Sub-specialties
questions/1c139f25-eb83-52a1-8434-ccafa23e02d7.json,1c139f25-eb83-52a1-8434-ccafa23e02d7,published,false,true,1,Answerable (exactly one correct option),Paediatric Sub-specialties
questions/1c9cb139-1e67-4abb-8a11-b1501ead7093.json,1c9cb139-1e67-4abb-8a11-b1501ead7093,published,true,true,1,Answerable (exactly one correct option),Paediatric Sub-specialties
questions/1ca15163-537d-5805-a0d1-00ee73766185.json,1ca15163-537d-5805-a0d1-00ee73766185,published,false,true,1,Answerable (exactly one correct option),General Paediatrics
questions/1cb61378-a15d-4144-806e-ee0acd283fde.json,1cb61378-a15d-4144-806e-ee0acd283fde,published,true,true,1,Answerable (exactly one correct option),General Paediatrics
questions/1cbf8c6d-eab7-5a47-96be-4fc9da03dbfc.json,1cbf8c6d-eab7-5a47-96be-4fc9da03dbfc,published,false,true,1,Answerable (exactly one correct option),Paediatric Sub-specialties
questions/1cc00549-c2ef-4bbf-87fe-3aa9917dc193.json,1cc00549-c2ef-4bbf-87fe-3aa9917dc193,published,true,true,1,Answerable (exactly one correct option),Emergency Paediatrics
questions/1cc15134-d10d-56b9-804b-7260f3de5874.json,1cc15134-d10d-56b9-804b-7260f3de5874,published,false,true,1,Answerable (exactly one correct option),Paediatric Sub-specialties
questions/1cd4d609-d400-56a2-9e5b-8cafedee63a2.json,1cd4d609-d400-56a2-9e5b-8cafedee63a2,published,false,true,1,Answerable (exactly one correct option),Paediatric Surgery
questions/1cd6a4ea-8aed-461c-ab20-a0c7ac5658a2.json,1cd6a4ea-8aed-461c-ab20-a0c7ac5658a2,published,false,true,1,Answerable (exactly one correct option),Paediatric Surgery
questions/1ce8362a-7177-4f39-bbdb-5becec79097b.json,1ce8362a-7177-4f39-bbdb-5becec79097b,published,true,true,1,Answerable (exactly one correct option),General Paediatrics
questions/1d3abdca-7286-4ea7-b98f-261ecc464c1d.json,1d3abdca-7286-4ea7-b98f-261ecc464c1d,published,true,true,1,Answerable (exactly one correct option),Adolescent Medicine
questions/1d4a43eb-c951-538a-904a-c2c055790425.json,1d4a43eb-c951-538a-904a-c2c055790425,published,false,true,1,Answerable (exactly one correct option),Paediatric Sub-specialties
questions/1d57d20b-4630-4e98-b926-dc5ee943c6ba.json,1d57d20b-4630-4e98-b926-dc5ee943c6ba,published,true,true,1,Answerable (exactly one correct option),Paediatric Surgery
questions/1d874f49-36f6-4420-a702-d4ff24c876a7.json,1d874f49-36f6-4420-a702-d4ff24c876a7,published,false,true,1,Answerable (exactly one correct option),Paediatric Sub-specialties
questions/1d953703-4631-5060-b233-9b531d6ef710.json,1d953703-4631-5060-b233-9b531d6ef710,published,false,true,1,Answerable (exactly one correct option),Paediatric Sub-specialties
questions/1dd64c54-fb9d-4790-86e1-8d062198677d.json,1dd64c54-fb9d-4790-86e1-8d062198677d,published,true,true,1,Answerable (exactly one correct option),Paediatric Sub-specialties
questions/1e297754-ba50-4ee0-8a89-274632f398fa.json,1e297754-ba50-4ee0-8a89-274632f398fa,published,false,true,1,Answerable (exactly one correct option),Community-based Paediatrics
questions/1e3598e1-ec27-5c0a-bcc1-693e8fce5ef6.json,1e3598e1-ec27-5c0a-bcc1-693e8fce5ef6,published,false,true,1,Answerable (exactly one correct option),Paediatric Surgery
questions/1e3b79f6-26ff-4e61-b673-a4c3d5a07dbb.json,1e3b79f6-26ff-4e61-b673-a4c3d5a07dbb,published,true,true,1,Answerable (exactly one correct option),General Paediatrics
questions/1e5d7b56-5b96-4d41-9a80-5fe04ca2e1a4.json,1e5d7b56-5b96-4d41-9a80-5fe04ca2e1a4,published,true,true,1,Answerable (exactly one correct option),Emergency Paediatrics
questions/1e5f7cd7-703f-4945-8c41-f45e68eb4429.json,1e5f7cd7-703f-4945-8c41-f45e68eb4429,published,true,true,1,Answerable (exactly one correct option),General Paediatrics
questions/1e853829-e1db-5040-b7eb-ba3ffb5f48cc.json,1e853829-e1db-5040-b7eb-ba3ffb5f48cc,published,false,true,1,Answerable (exactly one correct option),General Paediatrics
questions/1ee978fc-69ac-41a6-be4a-319d1d5528e4.json,1ee978fc-69ac-41a6-be4a-319d1d5528e4,published,true,true,1,Answerable (exactly one correct option),Paediatric Sub-specialties
questions/1eeb4231-28b6-51a4-9ad3-b03c6e855efe.json,1eeb4231-28b6-51a4-9ad3-b03c6e855efe,published,false,true,1,Answerable (exactly one correct option),Paediatric Sub-specialties
questions/1effa773-c74d-44cb-8e6f-4a3eb78f0663.json,1effa773-c74d-44cb-8e6f-4a3eb78f0663,published,true,true,1,Answerable (exactly one correct option),General Paediatrics
questions/1f0cdffb-faac-5547-92b0-f26605c78acf.json,1f0cdffb-faac-5547-92b0-f26605c78acf,published,false,true,1,Answerable (exactly one correct option),General Paediatrics
questions/1f22c893-158b-5a55-ba49-fddcd537f526.json,1f22c893-158b-5a55-ba49-fddcd537f526,published,false,true,1,Answerable (exactly one correct option),Emergency Paediatrics
questions/1f241386-ed53-4c1e-a401-f0943c00944a.json,1f241386-ed53-4c1e-a401-f0943c00944a,published,false,true,1,Answerable (exactly one correct option),Paediatric Sub-specialties
questions/1f2e0347-b8ba-5d5b-8307-8ae68e2c8c84.json,1f2e0347-b8ba-5d5b-8307-8ae68e2c8c84,published,false,true,1,Answerable (exactly one correct option),Paediatric Sub-specialties
questions/1f410602-df7d-4c1f-8f8c-3da5f33dc62b.json,1f410602-df7d-4c1f-8f8c-3da5f33dc62b,published,true,true,1,Answerable (exactly one correct option),General Paediatrics
questions/1f68e7f7-e8c1-57e6-a8e4-edca86a7277a.json,1f68e7f7-e8c1-57e6-a8e4-edca86a7277a,published,false,true,1,Answerable (exactly one correct option),Paediatric Sub-specialties
questions/1f85e703-a7ef-4e8e-8a3f-376bb7cd5103.json,1f85e703-a7ef-4e8e-8a3f-376bb7cd5103,published,true,true,1,Answerable (exactly one correct option),General Paediatrics
questions/1f980e2e-7176-5bec-909d-51792de6ff76.json,1f980e2e-7176-5bec-909d-51792de6ff76,published,false,true,1,Answerable (exactly one correct option),General Paediatrics
questions/1f9aeac7-1733-4d83-aa43-597a8532ed10.json,1f9aeac7-1733-4d83-aa43-597a8532ed10,published,false,true,1,Answerable (exactly one correct option),Community-based Paediatrics
questions/1fa54e7d-1c6a-469d-b8cf-708554b8d256.json,1fa54e7d-1c6a-469d-b8cf-708554b8d256,published,false,true,1,Answerable (exactly one correct option),Community-based Paediatrics
questions/1fbc305d-7220-45c1-a2e7-5d62e4eec8d5.json,1fbc305d-7220-45c1-a2e7-5d62e4eec8d5,published,false,true,1,Answerable (exactly one correct option),Emergency Paediatrics
questions/1fbda6d6-21d6-4639-aa6f-03d7b62a13a5.json,1fbda6d6-21d6-4639-aa6f-03d7b62a13a5,published,true,true,1,Answerable (exactly one correct option),Paediatric Surgery
questions/1fc5cf85-53a0-4d99-b1db-996790c139a5.json,1fc5cf85-53a0-4d99-b1db-996790c139a5,published,true,true,1,Answerable (exactly one correct option),Emergency Paediatrics
questions/200df83d-ac25-42e3-8599-14b4bfc11df9.json,200df83d-ac25-42e3-8599-14b4bfc11df9,published,true,true,1,Answerable (exactly one correct option),Community-based Paediatrics
questions/202b27e0-5c6f-4ade-a6ae-60f27b687069.json,202b27e0-5c6f-4ade-a6ae-60f27b687069,published,false,true,1,Answerable (exactly one correct option),Paediatric Sub-specialties
questions/203ff408-113a-547d-bcd5-222c0f80b6f8.json,203ff408-113a-547d-bcd5-222c0f80b6f8,published,false,true,1,Answerable (exactly one correct option),Emergency Paediatrics
questions/2063be61-1dba-442f-ae7f-1c976ff41bc4.json,2063be61-1dba-442f-ae7f-1c976ff41bc4,published,false,true,1,Answerable (exactly one correct option),Unclassified
questions/20653a73-f0b3-4456-b7e5-8e0791e98241.json,20653a73-f0b3-4456-b7e5-8e0791e98241,published,true,true,1,Answerable (exactly one correct option),Paediatric Sub-specialties
questions/206ca0d7-0d8c-4d91-8c1d-213587e68a6e.json,206ca0d7-0d8c-4d91-8c1d-213587e68a6e,published,true,true,1,Answerable (exactly one correct option),General Paediatrics
questions/207a7b12-484c-47d0-b9c2-f8d7bf3391a0.json,207a7b12-484c-47d0-b9c2-f8d7bf3391a0,published,true,true,1,Answerable (exactly one correct option),General Paediatrics
questions/209ad875-d29a-4fa8-861a-6e2d47afe410.json,209ad875-d29a-4fa8-861a-6e2d47afe410,published,false,true,1,Answerable (exactly one correct option),Unclassified
questions/209e33eb-c07a-4f74-8399-9a6be3e73023.json,209e33eb-c07a-4f74-8399-9a6be3e73023,published,true,true,1,Answerable (exactly one correct option),Paediatric Sub-specialties
questions/20aab1a5-9731-53f4-a30c-9ae2441fed3a.json,20aab1a5-9731-53f4-a30c-9ae2441fed3a,published,false,true,1,Answerable (exactly one correct option),Paediatric Sub-specialties
questions/20ac8cca-04aa-4efb-aa42-0acc5628af6e.json,20ac8cca-04aa-4efb-aa42-0acc5628af6e,published,false,true,1,Answerable (exactly one correct option),General Paediatrics
questions/20c4c7f2-c6ab-4602-8144-2c5a6db4b4e4.json,20c4c7f2-c6ab-4602-8144-2c5a6db4b4e4,published,true,true,1,Answerable (exactly one correct option),Adolescent Medicine
questions/20f2aee8-eb4a-476c-adca-71fb215e5a90.json,20f2aee8-eb4a-476c-adca-71fb215e5a90,published,false,true,1,Answerable (exactly one correct option),Unclassified
questions/20f37775-8d02-5996-8c5f-1b64aca31187.json,20f37775-8d02-5996-8c5f-1b64aca31187,published,false,true,1,Answerable (exactly one correct option),Paediatric Sub-specialties
questions/2107629b-bce7-5876-9f36-c4f25b12c96f.json,2107629b-bce7-5876-9f36-c4f25b12c96f,published,false,true,1,Answerable (exactly one correct option),General Paediatrics
questions/21359b4e-7f44-5bef-83df-0bed95f3c55b.json,21359b4e-7f44-5bef-83df-0bed95f3c55b,published,false,true,1,Answerable (exactly one correct option),Adolescent Medicine
questions/21419693-c9e0-4046-8d03-c76b7f881d92.json,21419693-c9e0-4046-8d03-c76b7f881d92,published,false,true,1,Answerable (exactly one correct option),Community-based Paediatrics
questions/215328a4-adbc-5bc0-8096-e30a9c7ea2f4.json,215328a4-adbc-5bc0-8096-e30a9c7ea2f4,published,false,true,1,Answerable (exactly one correct option),Paediatric Surgery
questions/21587e72-0f2f-4632-a770-9aa744f3dd9d.json,21587e72-0f2f-4632-a770-9aa744f3dd9d,published,false,true,1,Answerable (exactly one correct option),Unclassified
questions/215e6236-b437-4f48-aa6f-62f48edc714b.json,215e6236-b437-4f48-aa6f-62f48edc714b,published,false,true,1,Answerable (exactly one correct option),Adolescent Medicine
questions/21795795-dfc6-4261-b280-8e64f23b71d7.json,21795795-dfc6-4261-b280-8e64f23b71d7,published,false,true,1,Answerable (exactly one correct option),Paediatric Sub-specialties
questions/218062d2-33fa-4c66-a71a-c6c983d35956.json,218062d2-33fa-4c66-a71a-c6c983d35956,published,true,true,1,Answerable (exactly one correct option),Paediatric Surgery
questions/218a47e9-ff26-4603-92ab-53b39fc8d64d.json,218a47e9-ff26-4603-92ab-53b39fc8d64d,published,true,true,1,Answerable (exactly one correct option),Community-based Paediatrics
questions/219229cf-ef6c-464c-a815-aa323b4946c2.json,219229cf-ef6c-464c-a815-aa323b4946c2,published,true,true,1,Answerable (exactly one correct option),General Paediatrics
questions/21958cbe-7edd-58d4-b05e-7418ddee0ff3.json,21958cbe-7edd-58d4-b05e-7418ddee0ff3,published,false,true,1,Answerable (exactly one correct option),Community-based Paediatrics
questions/21be553b-dec4-57e9-a347-b475e66c869c.json,21be553b-dec4-57e9-a347-b475e66c869c,published,false,true,1,Answerable (exactly one correct option),Paediatric Surgery
questions/21ccb79a-68b2-4017-80e1-91f992b4ac95.json,21ccb79a-68b2-4017-80e1-91f992b4ac95,published,true,true,1,Answerable (exactly one correct option),Community-based Paediatrics
questions/21cd100f-347b-5ae5-a59e-a60db361a0bb.json,21cd100f-347b-5ae5-a59e-a60db361a0bb,published,false,true,1,Answerable (exactly one correct option),Emergency Paediatrics
questions/21df3d2e-ef7b-4b91-89af-2955e5476fbe.json,21df3d2e-ef7b-4b91-89af-2955e5476fbe,published,true,true,1,Answerable (exactly one correct option),General Paediatrics
questions/22051adc-9998-47c7-b6bc-2423383c31e6.json,22051adc-9998-47c7-b6bc-2423383c31e6,published,false,true,1,Answerable (exactly one correct option),Paediatric Sub-specialties
questions/22111e8a-01c2-4320-b76d-c320418fca9b.json,22111e8a-01c2-4320-b76d-c320418fca9b,published,false,true,1,Answerable (exactly one correct option),Paediatric Sub-specialties
questions/2240961f-5b97-5cff-bfa4-a17709f28b10.json,2240961f-5b97-5cff-bfa4-a17709f28b10,published,false,true,1,Answerable (exactly one correct option),Paediatric Surgery
questions/2240c7d2-f887-4687-a80b-ca7b1956d5ce.json,2240c7d2-f887-4687-a80b-ca7b1956d5ce,published,true,true,1,Answerable (exactly one correct option),Paediatric Sub-specialties
questions/225fe50f-0de2-5256-bbd9-40da08e3f11b.json,225fe50f-0de2-5256-bbd9-40da08e3f11b,published,false,true,1,Answerable (exactly one correct option),Paediatric Surgery
questions/22612a9f-fc85-4550-954f-5cd3c6157920.json,22612a9f-fc85-4550-954f-5cd3c6157920,published,false,true,1,Answerable (exactly one correct option),Paediatric Surgery
questions/2266c5cf-0007-46e7-8795-4c78f49ef839.json,2266c5cf-0007-46e7-8795-4c78f49ef839,published,false,true,1,Answerable (exactly one correct option),General Paediatrics
questions/227398cb-3df4-4967-bed1-da59a1fdf9dd.json,227398cb-3df4-4967-bed1-da59a1fdf9dd,published,true,true,1,Answerable (exactly one correct option),Emergency Paediatrics
questions/227d9f33-2f0c-46ea-a29a-a458eafe8aa1.json,227d9f33-2f0c-46ea-a29a-a458eafe8aa1,published,false,true,1,Answerable (exactly one correct option),Adolescent Medicine
questions/228fb4a8-d7b2-4de5-ac15-15e3fa0e28e5.json,228fb4a8-d7b2-4de5-ac15-15e3fa0e28e5,published,true,true,1,Answerable (exactly one correct option),General Paediatrics
questions/22e461fb-887a-4b67-9173-d3e3bf77802e.json,22e461fb-887a-4b67-9173-d3e3bf77802e,published,false,true,1,Answerable (exactly one correct option),Emergency Paediatrics
questions/22fc8c26-b27e-51c4-8101-cec29e1e238e.json,22fc8c26-b27e-51c4-8101-cec29e1e238e,published,false,true,1,Answerable (exactly one correct option),Paediatric Surgery
questions/22fd06df-9336-5e94-a452-ba57fa12bc2c.json,22fd06df-9336-5e94-a452-ba57fa12bc2c,published,false,true,1,Answerable (exactly one correct option),Emergency Paediatrics
questions/2324242f-590b-4bd4-8c08-b2a650ece820.json,2324242f-590b-4bd4-8c08-b2a650ece820,published,true,true,1,Answerable (exactly one correct option),Emergency Paediatrics
questions/2328f30d-ad83-4fe1-b6c9-8c36c0440f0a.json,2328f30d-ad83-4fe1-b6c9-8c36c0440f0a,published,true,true,1,Answerable (exactly one correct option),Paediatric Sub-specialties
questions/233c5f2c-3da3-56ed-b52c-ab2e0ae4292a.json,233c5f2c-3da3-56ed-b52c-ab2e0ae4292a,published,false,true,1,Answerable (exactly one correct option),General Paediatrics
questions/233ee756-f56f-5ebc-b24b-fac07e27eea5.json,233ee756-f56f-5ebc-b24b-fac07e27eea5,published,false,true,1,Answerable (exactly one correct option),Paediatric Surgery
questions/23447086-d3a1-56cb-aadb-c59591bcbf83.json,23447086-d3a1-56cb-aadb-c59591bcbf83,published,false,true,1,Answerable (exactly one correct option),Paediatric Sub-specialties
questions/23550e93-4324-4082-ad66-65a1da6e5b2b.json,23550e93-4324-4082-ad66-65a1da6e5b2b,published,false,true,1,Answerable (exactly one correct option),Unclassified
questions/235ae48f-1e89-5822-a83a-8ed454425bc6.json,235ae48f-1e89-5822-a83a-8ed454425bc6,published,false,true,1,Answerable (exactly one correct option),General Paediatrics
questions/23683cdc-044b-575c-80c2-023589d5cc71.json,23683cdc-044b-575c-80c2-023589d5cc71,published,false,true,1,Answerable (exactly one correct option),Emergency Paediatrics
questions/2378f7a7-0f7a-43b2-9bbe-ea899d6dcca4.json,2378f7a7-0f7a-43b2-9bbe-ea899d6dcca4,published,true,true,1,Answerable (exactly one correct option),Emergency Paediatrics
questions/23843fb5-45cc-4d0a-bd2d-a3137dbc1661.json,23843fb5-45cc-4d0a-bd2d-a3137dbc1661,published,true,true,1,Answerable (exactly one correct option),General Paediatrics
questions/238caf42-1b53-419d-86f8-a86446dbc77f.json,238caf42-1b53-419d-86f8-a86446dbc77f,published,false,true,1,Answerable (exactly one correct option),Paediatric Sub-specialties
questions/23c1f740-533d-4a27-a231-8ff93b589fca.json,23c1f740-533d-4a27-a231-8ff93b589fca,published,true,true,1,Answerable (exactly one correct option),Emergency Paediatrics
questions/23c954b7-d986-56c3-9e6c-df9becf1ec1d.json,23c954b7-d986-56c3-9e6c-df9becf1ec1d,published,false,true,1,Answerable (exactly one correct option),Emergency Paediatrics
questions/23f0855a-cf5d-4d6e-8767-a34d5b9e4043.json,23f0855a-cf5d-4d6e-8767-a34d5b9e4043,published,true,true,1,Answerable (exactly one correct option),General Paediatrics
questions/23f239aa-7a5d-5afc-b759-fff6a9c90152.json,23f239aa-7a5d-5afc-b759-fff6a9c90152,published,false,true,1,Answerable (exactly one correct option),Paediatric Surgery
questions/24057ac3-ce8b-5fea-841b-489fe030366a.json,24057ac3-ce8b-5fea-841b-489fe030366a,published,false,true,1,Answerable (exactly one correct option),Paediatric Sub-specialties
questions/243927ba-a180-5a4e-ae28-3dab5c94a3ed.json,243927ba-a180-5a4e-ae28-3dab5c94a3ed,published,false,true,1,Answerable (exactly one correct option),Adolescent Medicine
questions/2489d11f-fbc0-488c-819b-49121337e356.json,2489d11f-fbc0-488c-819b-49121337e356,published,false,true,1,Answerable (exactly one correct option),Paediatric Surgery
questions/24a9f871-c157-50c2-8fb4-1d7bc0328d14.json,24a9f871-c157-50c2-8fb4-1d7bc0328d14,published,false,true,1,Answerable (exactly one correct option),General Paediatrics
questions/24b843ec-8c11-406d-9f3e-62f1b39b7aa4.json,24b843ec-8c11-406d-9f3e-62f1b39b7aa4,published,false,true,1,Answerable (exactly one correct option),Adolescent Medicine
questions/24c575d3-4d56-43fa-ba59-7ec8a7cc47cf.json,24c575d3-4d56-43fa-ba59-7ec8a7cc47cf,published,true,true,1,Answerable (exactly one correct option),Paediatric Surgery
questions/24c974dd-1058-4ecf-bf3b-70fa70fd33eb.json,24c974dd-1058-4ecf-bf3b-70fa70fd33eb,published,true,true,1,Answerable (exactly one correct option),General Paediatrics
questions/24cb87fa-29f1-42a0-bf1a-2be57a1f24aa.json,24cb87fa-29f1-42a0-bf1a-2be57a1f24aa,published,false,true,1,Answerable (exactly one correct option),Adolescent Medicine
questions/24cdb7b5-7395-4690-baf3-20b814ccf6dc.json,24cdb7b5-7395-4690-baf3-20b814ccf6dc,published,true,true,1,Answerable (exactly one correct option),Community-based Paediatrics
questions/24ebce01-5884-53c9-a6d6-a1912526b3b9.json,24ebce01-5884-53c9-a6d6-a1912526b3b9,published,false,true,1,Answerable (exactly one correct option),General Paediatrics
questions/2509be2a-59ec-5796-afca-26995a8b22c6.json,2509be2a-59ec-5796-afca-26995a8b22c6,published,false,true,1,Answerable (exactly one correct option),Paediatric Surgery
questions/252c633a-2756-5001-aacd-3b2e005ebb56.json,252c633a-2756-5001-aacd-3b2e005ebb56,published,false,true,1,Answerable (exactly one correct option),General Paediatrics
questions/256c492e-9ac6-47e4-89ed-9d7681f8bab7.json,256c492e-9ac6-47e4-89ed-9d7681f8bab7,published,true,true,1,Answerable (exactly one correct option),Paediatric Sub-specialties
questions/2575cad2-5a0e-4e56-a23d-1f3858f315bd.json,2575cad2-5a0e-4e56-a23d-1f3858f315bd,published,true,true,1,Answerable (exactly one correct option),Emergency Paediatrics
questions/25c1bfe0-b9d1-4a90-9de8-095b35de0df4.json,25c1bfe0-b9d1-4a90-9de8-095b35de0df4,published,false,true,1,Answerable (exactly one correct option),Paediatric Sub-specialties
questions/25c80bba-f6c3-46a8-b2d3-e45baf2cc279.json,25c80bba-f6c3-46a8-b2d3-e45baf2cc279,published,true,true,1,Answerable (exactly one correct option),General Paediatrics
questions/25caea17-2688-5f1b-a541-fc156cd293a1.json,25caea17-2688-5f1b-a541-fc156cd293a1,published,false,true,1,Answerable (exactly one correct option),Community-based Paediatrics
questions/25cc4ac0-0321-4fe2-9144-b3b120f581e6.json,25cc4ac0-0321-4fe2-9144-b3b120f581e6,published,true,true,1,Answerable (exactly one correct option),Paediatric Sub-specialties
questions/25d8ec4c-bf60-5a94-a40c-2f8909a90f8f.json,25d8ec4c-bf60-5a94-a40c-2f8909a90f8f,published,false,true,1,Answerable (exactly one correct option),Community-based Paediatrics
questions/25eabbc0-215c-4ecc-b86b-5a8fc5771af6.json,25eabbc0-215c-4ecc-b86b-5a8fc5771af6,published,false,true,1,Answerable (exactly one correct option),Paediatric Sub-specialties
questions/25f0901a-67e2-5e33-b493-113f5d765a40.json,25f0901a-67e2-5e33-b493-113f5d765a40,published,false,true,1,Answerable (exactly one correct option),General Paediatrics
questions/25f19406-2d15-5dbf-b264-f73df8b04a61.json,25f19406-2d15-5dbf-b264-f73df8b04a61,published,false,true,1,Answerable (exactly one correct option),Paediatric Sub-specialties
questions/25f4a973-f45b-41dc-873f-64ce02a14764.json,25f4a973-f45b-41dc-873f-64ce02a14764,published,false,true,1,Answerable (exactly one correct option),Emergency Paediatrics
questions/25f5e5a8-3a78-4c7e-a870-a7bc21326ce3.json,25f5e5a8-3a78-4c7e-a870-a7bc21326ce3,published,false,true,1,Answerable (exactly one correct option),Unclassified
questions/25fe7911-0566-5a98-98c8-f61298623100.json,25fe7911-0566-5a98-98c8-f61298623100,published,false,true,1,Answerable (exactly one correct option),Paediatric Sub-specialties
questions/264fd37e-503a-599e-a941-a677bd7ca894.json,264fd37e-503a-599e-a941-a677bd7ca894,published,false,true,1,Answerable (exactly one correct option),Paediatric Sub-specialties
questions/2663d327-2186-5a74-a93f-43e91fa686b7.json,2663d327-2186-5a74-a93f-43e91fa686b7,published,false,true,1,Answerable (exactly one correct option),Emergency Paediatrics
questions/266fbbbd-d715-50d6-aaa7-25f85c793aa0.json,266fbbbd-d715-50d6-aaa7-25f85c793aa0,published,false,true,1,Answerable (exactly one correct option),Paediatric Sub-specialties
questions/26d72115-dbec-4b4a-a362-f75ecdc5b62a.json,26d72115-dbec-4b4a-a362-f75ecdc5b62a,published,true,true,1,Answerable (exactly one correct option),General Paediatrics
questions/2717c3dd-3554-450a-89cd-387202cfd064.json,2717c3dd-3554-450a-89cd-387202cfd064,published,false,true,1,Answerable (exactly one correct option),Unclassified
questions/271f5ec8-b73b-4192-a6a9-d463270e29b4.json,271f5ec8-b73b-4192-a6a9-d463270e29b4,published,false,true,1,Answerable (exactly one correct option),Paediatric Sub-specialties
questions/27200f70-6090-45a5-b5f0-c26f5b5a47ba.json,27200f70-6090-45a5-b5f0-c26f5b5a47ba,published,false,true,1,Answerable (exactly one correct option),Paediatric Sub-specialties
questions/272896a3-59f3-435f-a512-0a3b21400481.json,272896a3-59f3-435f-a512-0a3b21400481,published,true,true,1,Answerable (exactly one correct option),General Paediatrics
questions/2739ab1b-5855-41bb-8796-3f2ac40be866.json,2739ab1b-5855-41bb-8796-3f2ac40be866,published,true,true,1,Answerable (exactly one correct option),General Paediatrics
questions/275c31c3-92e3-472f-9860-9beac1a8a4cf.json,275c31c3-92e3-472f-9860-9beac1a8a4cf,published,false,true,1,Answerable (exactly one correct option),General Paediatrics
questions/2760723a-2c81-5ca4-a677-69ed52cbc96b.json,2760723a-2c81-5ca4-a677-69ed52cbc96b,published,false,true,1,Answerable (exactly one correct option),Paediatric Surgery
questions/276252b5-88df-4f80-98a0-0abcef88cedf.json,276252b5-88df-4f80-98a0-0abcef88cedf,published,true,true,1,Answerable (exactly one correct option),Emergency Paediatrics
questions/2773c550-acfa-5d21-856a-3204bc977562.json,2773c550-acfa-5d21-856a-3204bc977562,published,false,true,1,Answerable (exactly one correct option),Community-based Paediatrics
questions/278d86d5-728d-4401-a2b5-2278c9a2489e.json,278d86d5-728d-4401-a2b5-2278c9a2489e,published,true,true,1,Answerable (exactly one correct option),Community-based Paediatrics
questions/27b2c1d9-374a-4db2-a918-5317d5af329a.json,27b2c1d9-374a-4db2-a918-5317d5af329a,published,true,true,1,Answerable (exactly one correct option),Adolescent Medicine
questions/27bed37b-0a69-4440-8dc6-9f260cf2186d.json,27bed37b-0a69-4440-8dc6-9f260cf2186d,published,false,true,1,Answerable (exactly one correct option),General Paediatrics
questions/27d8eb93-871a-4605-a56e-85bd2a76de06.json,27d8eb93-871a-4605-a56e-85bd2a76de06,published,false,true,1,Answerable (exactly one correct option),Paediatric Sub-specialties
questions/27f39331-b0fc-4de5-82ae-240dff615b98.json,27f39331-b0fc-4de5-82ae-240dff615b98,published,false,true,1,Answerable (exactly one correct option),Paediatric Sub-specialties
questions/2802cbfd-20d2-4bcc-ab8f-9a929cd2bb4b.json,2802cbfd-20d2-4bcc-ab8f-9a929cd2bb4b,published,false,true,1,Answerable (exactly one correct option),Unclassified
questions/280fdb7c-7438-521c-9b86-1fbadc1b84ff.json,280fdb7c-7438-521c-9b86-1fbadc1b84ff,published,false,true,1,Answerable (exactly one correct option),Community-based Paediatrics
questions/282688dd-154e-5714-a31f-1774bbcdef93.json,282688dd-154e-5714-a31f-1774bbcdef93,published,false,true,1,Answerable (exactly one correct option),Paediatric Sub-specialties
questions/283274e3-6f3b-4507-b25d-7207c8f7bd71.json,283274e3-6f3b-4507-b25d-7207c8f7bd71,published,true,true,1,Answerable (exactly one correct option),Adolescent Medicine
questions/28368c9b-cfe6-590e-849d-4ca5e7a9d3ce.json,28368c9b-cfe6-590e-849d-4ca5e7a9d3ce,published,false,true,1,Answerable (exactly one correct option),Paediatric Surgery
questions/2857fa4e-3740-444b-928b-f4a825bb637b.json,2857fa4e-3740-444b-928b-f4a825bb637b,published,false,true,1,Answerable (exactly one correct option),Paediatric Surgery
questions/285c3a3b-1bcc-4844-9273-a5756de673e3.json,285c3a3b-1bcc-4844-9273-a5756de673e3,published,true,true,1,Answerable (exactly one correct option),Adolescent Medicine
questions/2873d884-7bfc-4f2f-9912-de3b547720c0.json,2873d884-7bfc-4f2f-9912-de3b547720c0,published,false,true,1,Answerable (exactly one correct option),General Paediatrics
questions/288e8aac-d00a-4891-ba69-d1ef1584caa4.json,288e8aac-d00a-4891-ba69-d1ef1584caa4,published,true,true,1,Answerable (exactly one correct option),General Paediatrics
questions/28960267-4b06-5a3d-a393-59be639b46ad.json,28960267-4b06-5a3d-a393-59be639b46ad,published,false,true,1,Answerable (exactly one correct option),Paediatric Sub-specialties
questions/28996322-0d43-435d-ac92-8090cabd5a50.json,28996322-0d43-435d-ac92-8090cabd5a50,published,false,true,1,Answerable (exactly one correct option),Emergency Paediatrics
questions/289dc05a-2f79-4d53-98a5-18e1d9a36039.json,289dc05a-2f79-4d53-98a5-18e1d9a36039,published,false,true,1,Answerable (exactly one correct option),Paediatric Sub-specialties
questions/28ac301f-6d08-4b2b-84dd-3c1ad45d6c84.json,28ac301f-6d08-4b2b-84dd-3c1ad45d6c84,published,false,true,1,Answerable (exactly one correct option),Paediatric Sub-specialties
questions/28b27e2c-9d6b-4335-862d-dba17fe971b0.json,28b27e2c-9d6b-4335-862d-dba17fe971b0,published,true,true,1,Answerable (exactly one correct option),Emergency Paediatrics
questions/28d3b19b-f1e8-5dcd-802b-4960314f7970.json,28d3b19b-f1e8-5dcd-802b-4960314f7970,published,false,true,1,Answerable (exactly one correct option),General Paediatrics
questions/28e54858-debf-4b6f-884c-b02df7d43874.json,28e54858-debf-4b6f-884c-b02df7d43874,published,true,true,1,Answerable (exactly one correct option),Paediatric Sub-specialties
questions/29322ce9-b099-502c-bf3e-d29c6bca3f29.json,29322ce9-b099-502c-bf3e-d29c6bca3f29,published,false,true,1,Answerable (exactly one correct option),General Paediatrics
questions/293237ee-6201-485a-bc40-82c397a6d25d.json,293237ee-6201-485a-bc40-82c397a6d25d,published,true,true,1,Answerable (exactly one correct option),Emergency Paediatrics
questions/29654977-ff7f-47e1-8547-4d31c0b49a0c.json,29654977-ff7f-47e1-8547-4d31c0b49a0c,published,true,true,1,Answerable (exactly one correct option),Paediatric Sub-specialties
questions/2982b3ae-3223-4b21-8d2f-350dd80c4886.json,2982b3ae-3223-4b21-8d2f-350dd80c4886,published,true,true,1,Answerable (exactly one correct option),General Paediatrics
questions/298aa21d-9896-4bd6-acfc-f540464bb1ea.json,298aa21d-9896-4bd6-acfc-f540464bb1ea,published,true,true,1,Answerable (exactly one correct option),Paediatric Surgery
questions/299cef98-c115-4d9b-9af2-bf972f8fdd91.json,299cef98-c115-4d9b-9af2-bf972f8fdd91,published,true,true,1,Answerable (exactly one correct option),Paediatric Surgery
questions/29f03ec6-cf6d-40c3-afa9-fbd4c5d06a47.json,29f03ec6-cf6d-40c3-afa9-fbd4c5d06a47,published,true,true,1,Answerable (exactly one correct option),General Paediatrics
questions/29f29d03-c870-5c9a-acd4-31ec4f41f004.json,29f29d03-c870-5c9a-acd4-31ec4f41f004,published,false,true,1,Answerable (exactly one correct option),Paediatric Sub-specialties
questions/2a29118c-8796-554b-ac17-f73cd8905d54.json,2a29118c-8796-554b-ac17-f73cd8905d54,published,false,true,1,Answerable (exactly one correct option),Paediatric Surgery
questions/2a291876-23aa-4223-8767-9f9e5d6b0935.json,2a291876-23aa-4223-8767-9f9e5d6b0935,published,false,true,1,Answerable (exactly one correct option),Emergency Paediatrics
questions/2a6fc101-4e3b-481a-bb63-c5db8fdd7251.json,2a6fc101-4e3b-481a-bb63-c5db8fdd7251,published,true,true,1,Answerable (exactly one correct option),General Paediatrics
questions/2a9512da-ff7d-483d-a28b-84820eb2339d.json,2a9512da-ff7d-483d-a28b-84820eb2339d,published,true,true,1,Answerable (exactly one correct option),Community-based Paediatrics
questions/2abc4c9e-53e0-4ad0-a51d-f1d64b3070b5.json,2abc4c9e-53e0-4ad0-a51d-f1d64b3070b5,published,true,true,1,Answerable (exactly one correct option),General Paediatrics
questions/2ac14671-6126-53e2-b26b-99c70b348b24.json,2ac14671-6126-53e2-b26b-99c70b348b24,published,false,true,1,Answerable (exactly one correct option),Community-based Paediatrics
questions/2ae18d0c-c6a7-5966-85c1-773d74e402de.json,2ae18d0c-c6a7-5966-85c1-773d74e402de,published,false,true,1,Answerable (exactly one correct option),Paediatric Surgery
questions/2aed239f-be51-454a-b831-38ad5c0d06ba.json,2aed239f-be51-454a-b831-38ad5c0d06ba,published,false,true,1,Answerable (exactly one correct option),General Paediatrics
questions/2b05c289-5974-455b-92c9-eaa1b195c9d0.json,2b05c289-5974-455b-92c9-eaa1b195c9d0,published,true,true,1,Answerable (exactly one correct option),Paediatric Sub-specialties
questions/2b093431-e27b-5543-b1f3-82eba174458f.json,2b093431-e27b-5543-b1f3-82eba174458f,published,false,true,1,Answerable (exactly one correct option),Paediatric Surgery
questions/2b093fa5-dda5-534b-95d5-90ff30293008.json,2b093fa5-dda5-534b-95d5-90ff30293008,published,false,true,1,Answerable (exactly one correct option),Paediatric Sub-specialties
questions/2b0cba03-6a53-5e2b-a9a1-c2b2d3a5ba90.json,2b0cba03-6a53-5e2b-a9a1-c2b2d3a5ba90,published,false,true,1,Answerable (exactly one correct option),Paediatric Sub-specialties
questions/2b353616-c5f0-49de-ba00-addb4f63823d.json,2b353616-c5f0-49de-ba00-addb4f63823d,published,true,true,1,Answerable (exactly one correct option),Adolescent Medicine
questions/2b4a53fc-fa1e-435f-91c8-e309e8e10d36.json,2b4a53fc-fa1e-435f-91c8-e309e8e10d36,published,false,true,1,Answerable (exactly one correct option),Paediatric Sub-specialties
questions/2b5a4beb-7b6f-5a10-b848-30321d1f1450.json,2b5a4beb-7b6f-5a10-b848-30321d1f1450,published,false,true,1,Answerable (exactly one correct option),General Paediatrics
questions/2b94dd7b-0412-4766-b022-3368677ad06e.json,2b94dd7b-0412-4766-b022-3368677ad06e,published,true,true,1,Answerable (exactly one correct option),General Paediatrics
questions/2b96ede0-c175-4ab8-aeb9-6bcc16d57291.json,2b96ede0-c175-4ab8-aeb9-6bcc16d57291,published,false,true,1,Answerable (exactly one correct option),Unclassified
questions/2bb24800-8c5c-4628-811c-822e6270038c.json,2bb24800-8c5c-4628-811c-822e6270038c,published,true,true,1,Answerable (exactly one correct option),General Paediatrics
questions/2bbf8062-b412-4e7b-9e20-5b6fcb76292f.json,2bbf8062-b412-4e7b-9e20-5b6fcb76292f,published,true,true,1,Answerable (exactly one correct option),Paediatric Sub-specialties
questions/2bc76ef1-bbfd-47e1-85af-39e18f1b6c2a.json,2bc76ef1-bbfd-47e1-85af-39e18f1b6c2a,published,true,true,1,Answerable (exactly one correct option),General Paediatrics
questions/2bce10cd-fca5-4112-a843-933acc8f13e2.json,2bce10cd-fca5-4112-a843-933acc8f13e2,published,false,true,1,Answerable (exactly one correct option),Paediatric Sub-specialties
questions/2bf94879-1d55-4dde-89a8-0da50f9ed588.json,2bf94879-1d55-4dde-89a8-0da50f9ed588,published,true,true,1,Answerable (exactly one correct option),General Paediatrics
questions/2c0a0c62-f533-5bd9-a865-b9ef5fd43972.json,2c0a0c62-f533-5bd9-a865-b9ef5fd43972,published,false,true,1,Answerable (exactly one correct option),Paediatric Sub-specialties
questions/2c0f472a-a831-4d1b-b8a9-4d7a36134153.json,2c0f472a-a831-4d1b-b8a9-4d7a36134153,published,false,true,1,Answerable (exactly one correct option),Unclassified
questions/2c12ec94-5763-4265-a09c-a9ec82f5cb46.json,2c12ec94-5763-4265-a09c-a9ec82f5cb46,published,true,true,1,Answerable (exactly one correct option),General Paediatrics
questions/2c423445-6b82-5158-8a6a-058407b5dcc1.json,2c423445-6b82-5158-8a6a-058407b5dcc1,published,false,true,1,Answerable (exactly one correct option),Paediatric Sub-specialties
questions/2c664a4f-82aa-492c-886d-8ace9bf8245e.json,2c664a4f-82aa-492c-886d-8ace9bf8245e,published,true,true,1,Answerable (exactly one correct option),Adolescent Medicine
questions/2c6b9130-b4bf-53ee-b370-147650454aa0.json,2c6b9130-b4bf-53ee-b370-147650454aa0,published,false,true,1,Answerable (exactly one correct option),Paediatric Sub-specialties
questions/2c94d6d6-22b7-4541-a556-58c243856260.json,2c94d6d6-22b7-4541-a556-58c243856260,published,true,true,1,Answerable (exactly one correct option),Emergency Paediatrics
questions/2c95b1a5-852c-42f1-8d22-a696dabf17e3.json,2c95b1a5-852c-42f1-8d22-a696dabf17e3,published,false,true,1,Answerable (exactly one correct option),Paediatric Surgery
questions/2cbe9010-ffc1-4589-ac7b-523cbdd2572b.json,2cbe9010-ffc1-4589-ac7b-523cbdd2572b,published,true,true,1,Answerable (exactly one correct option),Emergency Paediatrics
questions/2cc1217e-b7f5-4a57-aabc-5f3bd3f7e902.json,2cc1217e-b7f5-4a57-aabc-5f3bd3f7e902,published,true,true,1,Answerable (exactly one correct option),General Paediatrics
questions/2cd0f9d6-fca0-50b8-92d5-0a70186f9f66.json,2cd0f9d6-fca0-50b8-92d5-0a70186f9f66,published,false,true,1,Answerable (exactly one correct option),General Paediatrics
questions/2ce27571-f2f3-50a5-b59e-a06f57f23334.json,2ce27571-f2f3-50a5-b59e-a06f57f23334,published,false,true,1,Answerable (exactly one correct option),Paediatric Surgery
questions/2d1bdc03-b06e-47e4-8c19-08486e9e7e05.json,2d1bdc03-b06e-47e4-8c19-08486e9e7e05,published,true,true,1,Answerable (exactly one correct option),General Paediatrics
questions/2d1e23fa-aef0-4712-98cc-80fce7dee4a5.json,2d1e23fa-aef0-4712-98cc-80fce7dee4a5,published,true,true,1,Answerable (exactly one correct option),Paediatric Surgery
questions/2d1f4f85-8ed8-41f3-a6f2-818886582e7a.json,2d1f4f85-8ed8-41f3-a6f2-818886582e7a,published,true,true,1,Answerable (exactly one correct option),Adolescent Medicine
questions/2d526e8b-c4e3-4f90-b233-c4071c86b1ff.json,2d526e8b-c4e3-4f90-b233-c4071c86b1ff,published,true,true,1,Answerable (exactly one correct option),Paediatric Sub-specialties
questions/2d56cfba-8d4b-422e-9380-4507ee4a4213.json,2d56cfba-8d4b-422e-9380-4507ee4a4213,published,false,true,1,Answerable (exactly one correct option),Emergency Paediatrics
questions/2d5ca55b-2fec-4a2c-9e7f-c162199d0deb.json,2d5ca55b-2fec-4a2c-9e7f-c162199d0deb,published,false,true,1,Answerable (exactly one correct option),Unclassified
questions/2d6050ee-411d-4c1a-9b48-e98c2edc3549.json,2d6050ee-411d-4c1a-9b48-e98c2edc3549,published,true,true,1,Answerable (exactly one correct option),Community-based Paediatrics
questions/2d892442-f03a-4a80-a5b8-4b730c420a7f.json,2d892442-f03a-4a80-a5b8-4b730c420a7f,published,true,true,1,Answerable (exactly one correct option),General Paediatrics
questions/2d89622a-76e0-4263-8941-6b39a951576c.json,2d89622a-76e0-4263-8941-6b39a951576c,published,true,true,1,Answerable (exactly one correct option),General Paediatrics
questions/2dfaa7ad-19c9-4fbe-a38f-ef1031cd80f7.json,2dfaa7ad-19c9-4fbe-a38f-ef1031cd80f7,published,false,true,1,Answerable (exactly one correct option),Paediatric Surgery
questions/2e0363ed-077b-44eb-a0bc-5cfb9ba4fa9b.json,2e0363ed-077b-44eb-a0bc-5cfb9ba4fa9b,published,false,true,1,Answerable (exactly one correct option),Paediatric Surgery
questions/2e1ca668-9022-4c50-ba50-a32494462b68.json,2e1ca668-9022-4c50-ba50-a32494462b68,published,true,true,1,Answerable (exactly one correct option),Paediatric Surgery
questions/2e423325-b5bc-4389-af80-42b5a133f301.json,2e423325-b5bc-4389-af80-42b5a133f301,published,false,true,1,Answerable (exactly one correct option),Adolescent Medicine
questions/2e48d20f-d0a5-5c29-93cf-814920da73d1.json,2e48d20f-d0a5-5c29-93cf-814920da73d1,published,false,true,1,Answerable (exactly one correct option),Paediatric Surgery
questions/2e4d53af-e323-4eab-a734-71fa0d8f16c4.json,2e4d53af-e323-4eab-a734-71fa0d8f16c4,published,true,true,1,Answerable (exactly one correct option),Paediatric Sub-specialties
questions/2e582187-d8bc-4e18-bd8f-5e1f3c2acaa6.json,2e582187-d8bc-4e18-bd8f-5e1f3c2acaa6,published,false,true,1,Answerable (exactly one correct option),Community-based Paediatrics
questions/2e7f7d82-0526-41f6-8c65-fad46a0b4489.json,2e7f7d82-0526-41f6-8c65-fad46a0b4489,published,false,true,1,Answerable (exactly one correct option),Emergency Paediatrics
questions/2e93466c-cc0d-5de3-8c66-ba9375dc4887.json,2e93466c-cc0d-5de3-8c66-ba9375dc4887,published,false,true,1,Answerable (exactly one correct option),Emergency Paediatrics
questions/2e9e0a66-e56c-43b9-863e-1a1e3d3e2b9d.json,2e9e0a66-e56c-43b9-863e-1a1e3d3e2b9d,published,false,true,1,Answerable (exactly one correct option),Unclassified
questions/2edc7407-28f6-5848-b3ae-11c86c472e49.json,2edc7407-28f6-5848-b3ae-11c86c472e49,published,false,true,1,Answerable (exactly one correct option),Paediatric Sub-specialties
questions/2ef70c69-fcb5-48aa-9d3c-c2930bd6d450.json,2ef70c69-fcb5-48aa-9d3c-c2930bd6d450,published,false,true,1,Answerable (exactly one correct option),Paediatric Sub-specialties
questions/2efd27cd-df97-522d-b520-b13b6e6375db.json,2efd27cd-df97-522d-b520-b13b6e6375db,published,false,true,1,Answerable (exactly one correct option),Paediatric Sub-specialties
questions/2f04ee6c-6efa-5920-8a86-ced91ce4e860.json,2f04ee6c-6efa-5920-8a86-ced91ce4e860,published,false,true,1,Answerable (exactly one correct option),Paediatric Surgery
questions/2f20e603-94e9-4dfd-b021-22e928b39e49.json,2f20e603-94e9-4dfd-b021-22e928b39e49,published,false,true,1,Answerable (exactly one correct option),Unclassified
questions/2f67d832-0135-5667-9d74-9ea36cd23894.json,2f67d832-0135-5667-9d74-9ea36cd23894,published,false,true,1,Answerable (exactly one correct option),Paediatric Sub-specialties
questions/2f7e7450-0fd1-4f6d-950b-7c391de99464.json,2f7e7450-0fd1-4f6d-950b-7c391de99464,published,true,true,1,Answerable (exactly one correct option),Paediatric Surgery
questions/2fab40c0-2a49-4d77-9f5c-d347a6c953e4.json,2fab40c0-2a49-4d77-9f5c-d347a6c953e4,published,false,true,1,Answerable (exactly one correct option),Adolescent Medicine
questions/2fb73b59-f264-4971-bdf6-253b11ce3a6e.json,2fb73b59-f264-4971-bdf6-253b11ce3a6e,published,true,true,1,Answerable (exactly one correct option),General Paediatrics
questions/2fdd0877-7a9a-5cb6-ad9c-2c7eb3a3e88c.json,2fdd0877-7a9a-5cb6-ad9c-2c7eb3a3e88c,published,false,true,1,Answerable (exactly one correct option),Paediatric Sub-specialties
questions/2fe2b3b8-707b-5c71-909f-b63b3af4601e.json,2fe2b3b8-707b-5c71-909f-b63b3af4601e,published,false,true,1,Answerable (exactly one correct option),Paediatric Surgery
questions/300d1e8a-2660-42b5-8348-c1b4c362d2bc.json,300d1e8a-2660-42b5-8348-c1b4c362d2bc,published,true,true,1,Answerable (exactly one correct option),General Paediatrics
questions/30117822-ec51-5a40-b424-89f7e4db7e34.json,30117822-ec51-5a40-b424-89f7e4db7e34,published,false,true,1,Answerable (exactly one correct option),Paediatric Sub-specialties
questions/301bbd7b-0d78-5f1e-bfdb-fa0e15df4084.json,301bbd7b-0d78-5f1e-bfdb-fa0e15df4084,published,false,true,1,Answerable (exactly one correct option),Paediatric Sub-specialties
questions/3035b0ae-cbeb-5fb2-a0ca-de310f4b35b3.json,3035b0ae-cbeb-5fb2-a0ca-de310f4b35b3,published,false,true,1,Answerable (exactly one correct option),Emergency Paediatrics
questions/3043cb10-1723-53cb-ab0e-26e3db464615.json,3043cb10-1723-53cb-ab0e-26e3db464615,published,false,true,1,Answerable (exactly one correct option),Paediatric Sub-specialties
questions/304bf056-b2e8-4483-8870-b96492b44bb0.json,304bf056-b2e8-4483-8870-b96492b44bb0,published,true,true,1,Answerable (exactly one correct option),General Paediatrics
questions/3066fc0c-d6ae-432d-b906-cbd705eb8067.json,3066fc0c-d6ae-432d-b906-cbd705eb8067,published,false,true,1,Answerable (exactly one correct option),Paediatric Sub-specialties
questions/306f67c3-718c-54c6-a2e4-2088925f543d.json,306f67c3-718c-54c6-a2e4-2088925f543d,published,false,true,1,Answerable (exactly one correct option),Adolescent Medicine
questions/30815457-1fe6-5579-b0e8-bf644a11777d.json,30815457-1fe6-5579-b0e8-bf644a11777d,published,false,true,1,Answerable (exactly one correct option),Paediatric Sub-specialties
questions/3097ede2-069e-488c-a7ff-5ef33d6ddb8a.json,3097ede2-069e-488c-a7ff-5ef33d6ddb8a,published,true,true,1,Answerable (exactly one correct option),Paediatric Surgery
questions/30b76cce-4124-4a14-8d25-9d84c1669804.json,30b76cce-4124-4a14-8d25-9d84c1669804,published,true,true,1,Answerable (exactly one correct option),General Paediatrics
questions/310c693a-cdb0-529f-90fb-8bb52153a0da.json,310c693a-cdb0-529f-90fb-8bb52153a0da,published,false,true,1,Answerable (exactly one correct option),Paediatric Sub-specialties
questions/3126f0a7-bc56-4949-a007-0199e24e1c50.json,3126f0a7-bc56-4949-a007-0199e24e1c50,published,true,true,1,Answerable (exactly one correct option),Paediatric Surgery
questions/31535ede-f3b0-4415-8d07-7b1ebbc0a144.json,31535ede-f3b0-4415-8d07-7b1ebbc0a144,published,true,true,1,Answerable (exactly one correct option),Adolescent Medicine
questions/3157746c-1bbd-45a4-8f6e-0b09d4350283.json,3157746c-1bbd-45a4-8f6e-0b09d4350283,published,true,true,1,Answerable (exactly one correct option),Paediatric Surgery
questions/315f0156-671c-4f82-a4ab-0a0938bedb0a.json,315f0156-671c-4f82-a4ab-0a0938bedb0a,published,true,true,1,Answerable (exactly one correct option),Emergency Paediatrics
questions/31b0d30e-0701-4c3f-8b2b-feec765300f8.json,31b0d30e-0701-4c3f-8b2b-feec765300f8,published,false,true,1,Answerable (exactly one correct option),Unclassified
questions/31b3dbd4-a542-44b7-8ae2-abbbe9b44176.json,31b3dbd4-a542-44b7-8ae2-abbbe9b44176,published,false,true,1,Answerable (exactly one correct option),Unclassified
questions/31c12d57-7350-510f-9251-e7a3a994ab17.json,31c12d57-7350-510f-9251-e7a3a994ab17,published,false,true,1,Answerable (exactly one correct option),Paediatric Sub-specialties
questions/31c1fa51-15d5-4c2f-a0c5-0ecb527a406f.json,31c1fa51-15d5-4c2f-a0c5-0ecb527a406f,published,true,true,1,Answerable (exactly one correct option),Paediatric Sub-specialties
questions/31cb0e18-ca07-49c2-8d4e-608d0f4ce764.json,31cb0e18-ca07-49c2-8d4e-608d0f4ce764,published,false,true,1,Answerable (exactly one correct option),General Paediatrics
questions/31cc914d-e19d-4dfa-8d0f-e1f27b8cb4fd.json,31cc914d-e19d-4dfa-8d0f-e1f27b8cb4fd,published,false,true,1,Answerable (exactly one correct option),Paediatric Sub-specialties
questions/31d4ab50-7d77-4ff7-92c4-b1a065473bec.json,31d4ab50-7d77-4ff7-92c4-b1a065473bec,published,true,true,1,Answerable (exactly one correct option),Paediatric Surgery
questions/31d70c03-34ff-5b49-809f-38e4a99ea2fc.json,31d70c03-34ff-5b49-809f-38e4a99ea2fc,published,false,true,1,Answerable (exactly one correct option),Emergency Paediatrics
questions/31d7644a-d7ff-493c-8eb1-a0a01307d076.json,31d7644a-d7ff-493c-8eb1-a0a01307d076,published,true,true,1,Answerable (exactly one correct option),General Paediatrics
questions/322de2ff-c628-4b0a-ab69-9021e409621d.json,322de2ff-c628-4b0a-ab69-9021e409621d,published,false,true,1,Answerable (exactly one correct option),Paediatric Sub-specialties
questions/322ed2cd-cff2-4baa-a528-79494d7f90c6.json,322ed2cd-cff2-4baa-a528-79494d7f90c6,published,true,true,1,Answerable (exactly one correct option),Paediatric Surgery
questions/324423da-17eb-5205-bbfa-fa340b308792.json,324423da-17eb-5205-bbfa-fa340b308792,published,false,true,1,Answerable (exactly one correct option),General Paediatrics
questions/325060de-de5d-4954-aa4d-90e075888daa.json,325060de-de5d-4954-aa4d-90e075888daa,published,false,true,1,Answerable (exactly one correct option),Unclassified
questions/325cbd03-9e2f-4113-b498-1e2ad291b0e7.json,325cbd03-9e2f-4113-b498-1e2ad291b0e7,published,false,true,1,Answerable (exactly one correct option),Community-based Paediatrics
questions/3285a712-8fa1-5bb5-aaab-3c84921ce874.json,3285a712-8fa1-5bb5-aaab-3c84921ce874,published,false,true,1,Answerable (exactly one correct option),Emergency Paediatrics
questions/32b63c51-c59e-43a9-8b27-9550b68d67a3.json,32b63c51-c59e-43a9-8b27-9550b68d67a3,published,false,true,1,Answerable (exactly one correct option),Community-based Paediatrics
questions/32be2ee1-3c8b-49ff-8aa3-f23394b01ccc.json,32be2ee1-3c8b-49ff-8aa3-f23394b01ccc,published,true,true,1,Answerable (exactly one correct option),General Paediatrics
questions/32c056a7-a0c3-4996-a075-0ecf78fe8fed.json,32c056a7-a0c3-4996-a075-0ecf78fe8fed,published,false,true,1,Answerable (exactly one correct option),Unclassified
questions/32d93b7e-f688-5a78-91c4-6cc28f7bd35e.json,32d93b7e-f688-5a78-91c4-6cc28f7bd35e,published,false,true,1,Answerable (exactly one correct option),Adolescent Medicine
questions/32e4c7dd-02f6-4616-88a0-62b1ce039e38.json,32e4c7dd-02f6-4616-88a0-62b1ce039e38,published,false,true,1,Answerable (exactly one correct option),Emergency Paediatrics
questions/32f77d9f-01a5-45e0-8750-10532e3c1545.json,32f77d9f-01a5-45e0-8750-10532e3c1545,published,true,true,1,Answerable (exactly one correct option),Emergency Paediatrics
questions/3322d2d7-61a3-44f0-ac28-fc727323ce48.json,3322d2d7-61a3-44f0-ac28-fc727323ce48,published,false,true,1,Answerable (exactly one correct option),Unclassified
questions/33260907-4ef0-40e9-9ea6-733d12ce6a71.json,33260907-4ef0-40e9-9ea6-733d12ce6a71,published,true,true,1,Answerable (exactly one correct option),General Paediatrics
questions/3336aed1-e2d2-5751-87cd-35934ff03bc6.json,3336aed1-e2d2-5751-87cd-35934ff03bc6,published,false,true,1,Answerable (exactly one correct option),Paediatric Sub-specialties
questions/33667771-6548-4eea-bf26-fd96c0e5e9a5.json,33667771-6548-4eea-bf26-fd96c0e5e9a5,published,true,true,1,Answerable (exactly one correct option),Paediatric Surgery
questions/339ef308-96b9-4bc3-a044-558206b4e2f5.json,339ef308-96b9-4bc3-a044-558206b4e2f5,published,true,true,1,Answerable (exactly one correct option),General Paediatrics
questions/33d0b364-ac4f-4932-ba41-05e71626a3f7.json,33d0b364-ac4f-4932-ba41-05e71626a3f7,published,false,true,1,Answerable (exactly one correct option),Community-based Paediatrics
questions/33fbd100-52ba-5f88-a1f6-6363376c91d7.json,33fbd100-52ba-5f88-a1f6-6363376c91d7,published,false,true,1,Answerable (exactly one correct option),General Paediatrics
questions/3401fb83-a632-5613-89fe-e8250156427b.json,3401fb83-a632-5613-89fe-e8250156427b,published,false,true,1,Answerable (exactly one correct option),General Paediatrics
questions/340390bd-071d-422b-9970-62f72259a21e.json,340390bd-071d-422b-9970-62f72259a21e,published,false,true,1,Answerable (exactly one correct option),Community-based Paediatrics
questions/342819c2-640e-488b-8192-f7faa7d8e2c5.json,342819c2-640e-488b-8192-f7faa7d8e2c5,published,true,true,1,Answerable (exactly one correct option),General Paediatrics
questions/3438ca25-8b12-42b3-bd90-58ca619c9896.json,3438ca25-8b12-42b3-bd90-58ca619c9896,published,true,true,1,Answerable (exactly one correct option),Paediatric Sub-specialties
questions/3455bbd5-89dd-4f0f-9b44-dbf101e425aa.json,3455bbd5-89dd-4f0f-9b44-dbf101e425aa,published,true,true,1,Answerable (exactly one correct option),Paediatric Surgery
questions/34690a0f-b5da-4293-b245-88537dd38de1.json,34690a0f-b5da-4293-b245-88537dd38de1,published,true,true,1,Answerable (exactly one correct option),General Paediatrics
questions/34780cd2-4038-594d-8328-389bbecc5b18.json,34780cd2-4038-594d-8328-389bbecc5b18,published,false,true,1,Answerable (exactly one correct option),Paediatric Surgery
questions/3485a9f0-3a35-57f3-88b2-e8e72e841508.json,3485a9f0-3a35-57f3-88b2-e8e72e841508,published,false,true,1,Answerable (exactly one correct option),General Paediatrics
questions/34b1a033-fe00-4c4b-b080-9a1f715afbc7.json,34b1a033-fe00-4c4b-b080-9a1f715afbc7,published,true,true,1,Answerable (exactly one correct option),Paediatric Surgery
questions/34e3a2cc-633e-44aa-ad69-de109f37cf2c.json,34e3a2cc-633e-44aa-ad69-de109f37cf2c,published,false,true,1,Answerable (exactly one correct option),Paediatric Sub-specialties
questions/34ec32a2-37e2-482d-981c-86a5a4827492.json,34ec32a2-37e2-482d-981c-86a5a4827492,published,true,true,1,Answerable (exactly one correct option),General Paediatrics
questions/35574ce2-90bb-5386-98f5-8b56c0be0cac.json,35574ce2-90bb-5386-98f5-8b56c0be0cac,published,false,true,1,Answerable (exactly one correct option),Paediatric Sub-specialties
questions/3562eb0c-021e-47ba-95c3-1df22ef3713e.json,3562eb0c-021e-47ba-95c3-1df22ef3713e,published,false,true,1,Answerable (exactly one correct option),Paediatric Surgery
questions/3563abce-5827-44eb-91ee-03faafdab23e.json,3563abce-5827-44eb-91ee-03faafdab23e,published,true,true,1,Answerable (exactly one correct option),General Paediatrics
questions/3569ab26-f7ec-4240-bac6-c51b4a5a2f0a.json,3569ab26-f7ec-4240-bac6-c51b4a5a2f0a,published,true,true,1,Answerable (exactly one correct option),Community-based Paediatrics
questions/35aadac5-2ca3-5d65-8e71-900edf5b4624.json,35aadac5-2ca3-5d65-8e71-900edf5b4624,published,false,true,1,Answerable (exactly one correct option),Paediatric Sub-specialties
questions/35c20410-6d8c-5464-85c4-6c92f5b426ed.json,35c20410-6d8c-5464-85c4-6c92f5b426ed,published,false,true,1,Answerable (exactly one correct option),Paediatric Sub-specialties
questions/35c2d1e8-a4ef-511a-a05a-d2cb927bdc84.json,35c2d1e8-a4ef-511a-a05a-d2cb927bdc84,published,false,true,1,Answerable (exactly one correct option),Adolescent Medicine
questions/35ca4ffc-67c6-401b-ac38-df7a4e2f1274.json,35ca4ffc-67c6-401b-ac38-df7a4e2f1274,published,true,true,1,Answerable (exactly one correct option),Emergency Paediatrics
questions/35dd571d-79f3-4511-82e9-4cf0cadf1eeb.json,35dd571d-79f3-4511-82e9-4cf0cadf1eeb,published,true,true,1,Answerable (exactly one correct option),Paediatric Sub-specialties
questions/35e1abb4-05ff-4a71-b789-24c325396c46.json,35e1abb4-05ff-4a71-b789-24c325396c46,published,true,true,1,Answerable (exactly one correct option),General Paediatrics
questions/35e9e744-a1af-5268-921b-2a526f6b80f7.json,35e9e744-a1af-5268-921b-2a526f6b80f7,published,false,true,1,Answerable (exactly one correct option),Paediatric Sub-specialties
questions/35f3a69c-2f2f-4b8b-9b8a-0ab8262376db.json,35f3a69c-2f2f-4b8b-9b8a-0ab8262376db,published,true,true,1,Answerable (exactly one correct option),Emergency Paediatrics
questions/35f4f63b-a3a7-5acc-9655-fb4b61d229b0.json,35f4f63b-a3a7-5acc-9655-fb4b61d229b0,published,false,true,1,Answerable (exactly one correct option),Paediatric Surgery
questions/36126208-6d62-5d31-8eed-e5fc1f3d946d.json,36126208-6d62-5d31-8eed-e5fc1f3d946d,published,false,true,1,Answerable (exactly one correct option),Paediatric Sub-specialties
questions/36633575-c1f6-4c66-9c14-904bacd57cee.json,36633575-c1f6-4c66-9c14-904bacd57cee,published,false,true,1,Answerable (exactly one correct option),Adolescent Medicine
questions/366f17ed-1cdf-4c27-8d3f-3709e90d5d50.json,366f17ed-1cdf-4c27-8d3f-3709e90d5d50,published,true,true,1,Answerable (exactly one correct option),Emergency Paediatrics
questions/367f156f-7541-4327-b09f-fb1d8323d359.json,367f156f-7541-4327-b09f-fb1d8323d359,published,false,true,1,Answerable (exactly one correct option),Paediatric Sub-specialties
questions/3680bd2b-8d67-4ab1-9a3e-ce6f357729f6.json,3680bd2b-8d67-4ab1-9a3e-ce6f357729f6,published,true,true,1,Answerable (exactly one correct option),Emergency Paediatrics
questions/36baffe0-bc2c-437e-be68-8f61162ae0f3.json,36baffe0-bc2c-437e-be68-8f61162ae0f3,published,true,true,1,Answerable (exactly one correct option),Community-based Paediatrics
questions/36c1f126-d391-53a8-8ec3-1fe3ca0e3093.json,36c1f126-d391-53a8-8ec3-1fe3ca0e3093,published,false,true,1,Answerable (exactly one correct option),Community-based Paediatrics
questions/36c6fd9b-d6a5-5b1d-8310-4215867255b9.json,36c6fd9b-d6a5-5b1d-8310-4215867255b9,published,false,true,1,Answerable (exactly one correct option),Paediatric Sub-specialties
questions/36e50f8c-e5f4-4689-91b8-577d75d4a7cc.json,36e50f8c-e5f4-4689-91b8-577d75d4a7cc,published,false,true,1,Answerable (exactly one correct option),Paediatric Surgery
questions/36f17998-b288-5506-8df8-fc0218536f50.json,36f17998-b288-5506-8df8-fc0218536f50,published,false,true,1,Answerable (exactly one correct option),Community-based Paediatrics
questions/36ff8391-7385-5d5b-a5c0-ac27d11147b2.json,36ff8391-7385-5d5b-a5c0-ac27d11147b2,published,false,true,1,Answerable (exactly one correct option),Paediatric Surgery
questions/37056067-01ff-55eb-939f-36edc9e92aec.json,37056067-01ff-55eb-939f-36edc9e92aec,published,false,true,1,Answerable (exactly one correct option),General Paediatrics
questions/371d12f7-e196-5fac-ad58-809944065df2.json,371d12f7-e196-5fac-ad58-809944065df2,published,false,true,1,Answerable (exactly one correct option),Emergency Paediatrics
questions/3729f02b-008a-4003-85bf-f3601a8dd630.json,3729f02b-008a-4003-85bf-f3601a8dd630,published,false,true,1,Answerable (exactly one correct option),Unclassified
questions/3734c6f9-ea2b-4d7a-a28f-5b7c52b37ff1.json,3734c6f9-ea2b-4d7a-a28f-5b7c52b37ff1,published,true,true,1,Answerable (exactly one correct option),Adolescent Medicine
questions/3777f824-f50d-4200-880c-2fd81cace663.json,3777f824-f50d-4200-880c-2fd81cace663,published,true,true,1,Answerable (exactly one correct option),General Paediatrics
questions/377e3883-d9bf-5035-87fb-223a7ad632bd.json,377e3883-d9bf-5035-87fb-223a7ad632bd,published,false,true,1,Answerable (exactly one correct option),Adolescent Medicine
questions/3786cc41-8679-5c2b-9e6e-1a47a23bd7e8.json,3786cc41-8679-5c2b-9e6e-1a47a23bd7e8,published,false,true,1,Answerable (exactly one correct option),Paediatric Surgery
questions/3793c5c5-bb14-54dc-9951-4e318a137b6d.json,3793c5c5-bb14-54dc-9951-4e318a137b6d,published,false,true,1,Answerable (exactly one correct option),Paediatric Sub-specialties
questions/37a85910-e5c3-45ae-80c6-28de430d9573.json,37a85910-e5c3-45ae-80c6-28de430d9573,published,false,true,1,Answerable (exactly one correct option),Unclassified
questions/37a8b366-8561-4a8a-8a01-6ca0d7c88e77.json,37a8b366-8561-4a8a-8a01-6ca0d7c88e77,published,false,true,1,Answerable (exactly one correct option),Adolescent Medicine
questions/37ae18ac-f22e-4d27-a675-7f78b2cf9475.json,37ae18ac-f22e-4d27-a675-7f78b2cf9475,published,false,true,1,Answerable (exactly one correct option),Paediatric Surgery
questions/37c13622-f6bd-5885-8d53-7c060bc1df0f.json,37c13622-f6bd-5885-8d53-7c060bc1df0f,published,false,true,1,Answerable (exactly one correct option),Paediatric Surgery
questions/37c62a51-752a-5ade-9812-be706c0a43be.json,37c62a51-752a-5ade-9812-be706c0a43be,published,false,true,1,Answerable (exactly one correct option),Paediatric Sub-specialties
questions/37e767e9-47fa-435c-ac3c-a2174f43b7b3.json,37e767e9-47fa-435c-ac3c-a2174f43b7b3,published,true,true,1,Answerable (exactly one correct option),General Paediatrics
questions/37ed728a-effa-437b-91b3-c86b3ddee08f.json,37ed728a-effa-437b-91b3-c86b3ddee08f,published,false,true,1,Answerable (exactly one correct option),Emergency Paediatrics
questions/37fe6f1d-9338-55a3-a366-f14e62f712fc.json,37fe6f1d-9338-55a3-a366-f14e62f712fc,published,false,true,1,Answerable (exactly one correct option),Paediatric Sub-specialties
questions/3803bfb5-ca4b-42a5-9e5a-8784a986db61.json,3803bfb5-ca4b-42a5-9e5a-8784a986db61,published,true,true,1,Answerable (exactly one correct option),Paediatric Surgery
questions/38041148-d56c-4f2c-b83b-8192bd838782.json,38041148-d56c-4f2c-b83b-8192bd838782,published,true,true,1,Answerable (exactly one correct option),Paediatric Sub-specialties
questions/3815cb70-8991-5d36-95f2-fd185d59d948.json,3815cb70-8991-5d36-95f2-fd185d59d948,published,false,true,1,Answerable (exactly one correct option),Paediatric Sub-specialties
questions/38523fc0-258b-4970-8154-a881ccbd35c4.json,38523fc0-258b-4970-8154-a881ccbd35c4,published,true,true,1,Answerable (exactly one correct option),Paediatric Surgery
questions/38545457-87c6-5e94-a1c6-19205aad985f.json,38545457-87c6-5e94-a1c6-19205aad985f,published,false,true,1,Answerable (exactly one correct option),Paediatric Sub-specialties
questions/385d88bf-d65d-4937-baf2-70a1c5219eaa.json,385d88bf-d65d-4937-baf2-70a1c5219eaa,published,true,true,1,Answerable (exactly one correct option),General Paediatrics
questions/38aaf8fa-f971-5297-ba24-58e2d44ff96e.json,38aaf8fa-f971-5297-ba24-58e2d44ff96e,published,false,true,1,Answerable (exactly one correct option),Emergency Paediatrics
questions/38b7124e-81f4-55ae-9fa0-4f04f6567fa8.json,38b7124e-81f4-55ae-9fa0-4f04f6567fa8,published,false,true,1,Answerable (exactly one correct option),Paediatric Surgery
questions/38ffb3e5-69a7-443f-8520-31e5193042f5.json,38ffb3e5-69a7-443f-8520-31e5193042f5,published,true,true,1,Answerable (exactly one correct option),Paediatric Surgery
questions/3908838a-83e0-42e7-b51e-6bb4a05fc173.json,3908838a-83e0-42e7-b51e-6bb4a05fc173,published,false,true,1,Answerable (exactly one correct option),General Paediatrics
questions/391e028b-fd09-4f1f-b56d-b960afac8d08.json,391e028b-fd09-4f1f-b56d-b960afac8d08,published,true,true,1,Answerable (exactly one correct option),General Paediatrics
questions/3924ef65-c826-5030-9b5e-8012bdecbe36.json,3924ef65-c826-5030-9b5e-8012bdecbe36,published,false,true,1,Answerable (exactly one correct option),Paediatric Sub-specialties
questions/392ab142-3545-55e1-91fc-1f49d2c058fa.json,392ab142-3545-55e1-91fc-1f49d2c058fa,published,false,true,1,Answerable (exactly one correct option),Emergency Paediatrics
questions/39565b2f-07d4-5761-acf0-ac1146df17fa.json,39565b2f-07d4-5761-acf0-ac1146df17fa,published,false,true,1,Answerable (exactly one correct option),Paediatric Sub-specialties
questions/39b4dc10-eeba-529d-b5d6-b94f7ca77ceb.json,39b4dc10-eeba-529d-b5d6-b94f7ca77ceb,published,false,true,1,Answerable (exactly one correct option),Emergency Paediatrics
questions/39ba1032-7c97-4bb7-8725-03091942bef8.json,39ba1032-7c97-4bb7-8725-03091942bef8,published,false,true,1,Answerable (exactly one correct option),Paediatric Sub-specialties
questions/39c8fc8a-1d38-4104-9a33-c78d2ada9431.json,39c8fc8a-1d38-4104-9a33-c78d2ada9431,published,true,true,1,Answerable (exactly one correct option),Paediatric Sub-specialties
questions/39c9a0c1-acbb-51ed-9d21-a7ee1d761e88.json,39c9a0c1-acbb-51ed-9d21-a7ee1d761e88,published,false,true,1,Answerable (exactly one correct option),General Paediatrics
questions/39d54f02-115c-41ea-8af8-a4deff322748.json,39d54f02-115c-41ea-8af8-a4deff322748,published,true,true,1,Answerable (exactly one correct option),General Paediatrics
questions/39ecf8ee-a548-43b9-bdfd-0ea5bd61c5c2.json,39ecf8ee-a548-43b9-bdfd-0ea5bd61c5c2,published,true,true,1,Answerable (exactly one correct option),Community-based Paediatrics
questions/3a09e438-d86f-57ee-98fa-8b4dd260d6ba.json,3a09e438-d86f-57ee-98fa-8b4dd260d6ba,published,false,true,1,Answerable (exactly one correct option),Paediatric Surgery
questions/3a1bcd0f-3bc1-4ea5-a495-d2d19b8df4a6.json,3a1bcd0f-3bc1-4ea5-a495-d2d19b8df4a6,published,false,true,1,Answerable (exactly one correct option),Unclassified
questions/3a253580-4ad3-4c1c-8125-5100de414f17.json,3a253580-4ad3-4c1c-8125-5100de414f17,published,true,true,1,Answerable (exactly one correct option),General Paediatrics
questions/3a35c2a7-44f3-42ad-b642-f368045545b5.json,3a35c2a7-44f3-42ad-b642-f368045545b5,published,false,true,1,Answerable (exactly one correct option),Paediatric Sub-specialties
questions/3a3abc95-66b0-4b8e-a21e-2b356b805c3d.json,3a3abc95-66b0-4b8e-a21e-2b356b805c3d,published,false,true,1,Answerable (exactly one correct option),Adolescent Medicine
questions/3a5953be-c1ee-43af-a870-761e2a3623f2.json,3a5953be-c1ee-43af-a870-761e2a3623f2,published,true,true,1,Answerable (exactly one correct option),General Paediatrics
questions/3a616af3-3d7c-5737-8a48-ca9b4a9ecd91.json,3a616af3-3d7c-5737-8a48-ca9b4a9ecd91,published,false,true,1,Answerable (exactly one correct option),Paediatric Sub-specialties
questions/3a687865-72a8-44fb-8301-2c0ab55194cf.json,3a687865-72a8-44fb-8301-2c0ab55194cf,published,false,true,1,Answerable (exactly one correct option),Unclassified
questions/3a932ebf-2917-4161-b4eb-628e0e46194d.json,3a932ebf-2917-4161-b4eb-628e0e46194d,published,false,true,1,Answerable (exactly one correct option),Adolescent Medicine
questions/3a9f324a-d925-4ee0-a225-64c0460c1aa3.json,3a9f324a-d925-4ee0-a225-64c0460c1aa3,published,true,true,1,Answerable (exactly one correct option),General Paediatrics
questions/3ab3b040-6cd6-4576-892f-6fe600641e8c.json,3ab3b040-6cd6-4576-892f-6fe600641e8c,published,true,true,1,Answerable (exactly one correct option),Paediatric Sub-specialties
questions/3acb87f8-109b-5751-8f22-b9a7d2447914.json,3acb87f8-109b-5751-8f22-b9a7d2447914,published,false,true,1,Answerable (exactly one correct option),Paediatric Sub-specialties
questions/3ace41b5-429f-41a0-bc50-2f66db2b66b1.json,3ace41b5-429f-41a0-bc50-2f66db2b66b1,published,false,true,1,Answerable (exactly one correct option),Paediatric Surgery
questions/3af93de1-6d29-412e-90c6-1298355fdb65.json,3af93de1-6d29-412e-90c6-1298355fdb65,published,true,true,1,Answerable (exactly one correct option),General Paediatrics
questions/3b08fcf3-6bfc-4d04-896f-ea58635fc713.json,3b08fcf3-6bfc-4d04-896f-ea58635fc713,published,false,true,1,Answerable (exactly one correct option),Paediatric Surgery
questions/3b0e78d0-289d-5765-bb51-1278449df3e7.json,3b0e78d0-289d-5765-bb51-1278449df3e7,published,false,true,1,Answerable (exactly one correct option),Paediatric Sub-specialties
questions/3b12d3b1-b94c-481a-a107-f17124683eb2.json,3b12d3b1-b94c-481a-a107-f17124683eb2,published,true,true,1,Answerable (exactly one correct option),Paediatric Surgery
questions/3b425c0d-621f-4cf6-b449-4adf2646bc2e.json,3b425c0d-621f-4cf6-b449-4adf2646bc2e,published,false,true,1,Answerable (exactly one correct option),Paediatric Sub-specialties
questions/3b466809-e7da-5b49-9e6e-08f3973ac92b.json,3b466809-e7da-5b49-9e6e-08f3973ac92b,published,false,true,1,Answerable (exactly one correct option),Paediatric Sub-specialties
questions/3b77a78a-8397-4901-af80-bd2b2d777b91.json,3b77a78a-8397-4901-af80-bd2b2d777b91,published,true,true,1,Answerable (exactly one correct option),Paediatric Surgery
questions/3bc3adff-3067-447f-9a61-5bfd03be3536.json,3bc3adff-3067-447f-9a61-5bfd03be3536,published,true,true,1,Answerable (exactly one correct option),Community-based Paediatrics
questions/3bd73c5b-5831-4c9a-aa38-6cbbc6ae1f3e.json,3bd73c5b-5831-4c9a-aa38-6cbbc6ae1f3e,published,false,true,1,Answerable (exactly one correct option),Paediatric Sub-specialties
questions/3be0ccc7-40ab-4880-8d0e-e35697d17da1.json,3be0ccc7-40ab-4880-8d0e-e35697d17da1,published,false,true,1,Answerable (exactly one correct option),General Paediatrics
questions/3bf9e7ef-7b17-4057-b2b3-a058bf84acd3.json,3bf9e7ef-7b17-4057-b2b3-a058bf84acd3,published,false,true,1,Answerable (exactly one correct option),Paediatric Surgery
questions/3c25b6af-a1dc-4a04-ae4c-09f0427ddd75.json,3c25b6af-a1dc-4a04-ae4c-09f0427ddd75,published,false,true,1,Answerable (exactly one correct option),Paediatric Sub-specialties
questions/3c38ca88-83a4-40df-8307-6167743ea9e5.json,3c38ca88-83a4-40df-8307-6167743ea9e5,published,false,true,1,Answerable (exactly one correct option),Unclassified
questions/3c529ff9-ca98-42da-9100-49988653e825.json,3c529ff9-ca98-42da-9100-49988653e825,published,false,true,1,Answerable (exactly one correct option),Paediatric Sub-specialties
questions/3c681b65-f171-4507-97e0-52a1a76694dd.json,3c681b65-f171-4507-97e0-52a1a76694dd,published,true,true,1,Answerable (exactly one correct option),Paediatric Surgery
questions/3ca407bc-55da-4059-9113-889059392ed2.json,3ca407bc-55da-4059-9113-889059392ed2,published,true,true,1,Answerable (exactly one correct option),Paediatric Sub-specialties
questions/3cad1e39-aaec-5efe-acd5-3993537d616a.json,3cad1e39-aaec-5efe-acd5-3993537d616a,published,false,true,1,Answerable (exactly one correct option),Paediatric Surgery
questions/3cbf800c-761c-402c-bf7e-9fe43e21cd5a.json,3cbf800c-761c-402c-bf7e-9fe43e21cd5a,published,true,true,1,Answerable (exactly one correct option),General Paediatrics
questions/3cc8cc92-c93e-41be-81fc-d3df29fbbbdb.json,3cc8cc92-c93e-41be-81fc-d3df29fbbbdb,published,true,true,1,Answerable (exactly one correct option),General Paediatrics
questions/3ce4b312-9016-491c-946d-a0b75322f16c.json,3ce4b312-9016-491c-946d-a0b75322f16c,published,false,true,1,Answerable (exactly one correct option),Paediatric Sub-specialties
questions/3ce6e0fe-5794-4f64-b79c-a33bf8708d7c.json,3ce6e0fe-5794-4f64-b79c-a33bf8708d7c,published,false,true,1,Answerable (exactly one correct option),Unclassified
questions/3cfa272d-4071-4521-9b11-d0552ab86164.json,3cfa272d-4071-4521-9b11-d0552ab86164,published,true,true,1,Answerable (exactly one correct option),Paediatric Sub-specialties
questions/3d06bc37-4e9e-4d96-a473-dac9671badde.json,3d06bc37-4e9e-4d96-a473-dac9671badde,published,true,true,1,Answerable (exactly one correct option),General Paediatrics
questions/3d596f3a-770d-5530-94d2-bb6dbf726ef2.json,3d596f3a-770d-5530-94d2-bb6dbf726ef2,published,false,true,1,Answerable (exactly one correct option),Paediatric Surgery
questions/3d712465-88ee-4819-9325-e0db8927611e.json,3d712465-88ee-4819-9325-e0db8927611e,published,true,true,1,Answerable (exactly one correct option),General Paediatrics
questions/3d851ded-c923-4807-a361-fbd62b0dd923.json,3d851ded-c923-4807-a361-fbd62b0dd923,published,false,true,1,Answerable (exactly one correct option),Paediatric Sub-specialties
questions/3d891297-cc09-50ce-84e7-ef49e3c9c458.json,3d891297-cc09-50ce-84e7-ef49e3c9c458,published,false,true,1,Answerable (exactly one correct option),Adolescent Medicine
questions/3d8ca30b-b89e-4fa4-b6d5-9cc0a66bea20.json,3d8ca30b-b89e-4fa4-b6d5-9cc0a66bea20,published,true,true,1,Answerable (exactly one correct option),Adolescent Medicine
questions/3da49985-8260-4508-ad92-b0770aa6555c.json,3da49985-8260-4508-ad92-b0770aa6555c,published,false,true,1,Answerable (exactly one correct option),General Paediatrics
questions/3dc1f9c2-9d18-4d75-8177-e03d4c64eb14.json,3dc1f9c2-9d18-4d75-8177-e03d4c64eb14,published,false,true,1,Answerable (exactly one correct option),Paediatric Sub-specialties
questions/3de343e2-4012-4e2f-9daa-0e254583d808.json,3de343e2-4012-4e2f-9daa-0e254583d808,published,true,true,1,Answerable (exactly one correct option),Emergency Paediatrics
questions/3de43711-e159-55f6-8efa-1c414e2cf7cf.json,3de43711-e159-55f6-8efa-1c414e2cf7cf,published,false,true,1,Answerable (exactly one correct option),Paediatric Sub-specialties
questions/3e0face6-de15-5856-af0e-53306133c8b7.json,3e0face6-de15-5856-af0e-53306133c8b7,published,false,true,1,Answerable (exactly one correct option),Paediatric Sub-specialties
questions/3e429748-a0c9-4d3e-b209-8ace42819dc3.json,3e429748-a0c9-4d3e-b209-8ace42819dc3,published,false,true,1,Answerable (exactly one correct option),Unclassified
questions/3e5fe266-c776-5e48-9f8e-4806ce09cb8d.json,3e5fe266-c776-5e48-9f8e-4806ce09cb8d,published,false,true,1,Answerable (exactly one correct option),Paediatric Surgery
questions/3e607aed-2aec-45b7-b71d-0d5ea3cd1fcd.json,3e607aed-2aec-45b7-b71d-0d5ea3cd1fcd,published,true,true,1,Answerable (exactly one correct option),General Paediatrics
questions/3e806118-8f41-48b9-bfca-d8e31dbba8ee.json,3e806118-8f41-48b9-bfca-d8e31dbba8ee,published,true,true,1,Answerable (exactly one correct option),Paediatric Sub-specialties
questions/3ea1a5a7-c3cc-4320-a659-ecf9616e357d.json,3ea1a5a7-c3cc-4320-a659-ecf9616e357d,published,false,true,1,Answerable (exactly one correct option),Unclassified
questions/3eaa8a6d-4068-461d-b9d4-886a3b20c85b.json,3eaa8a6d-4068-461d-b9d4-886a3b20c85b,published,false,true,1,Answerable (exactly one correct option),Paediatric Sub-specialties
questions/3eabf03a-6af3-58b7-8f93-ba3223c72feb.json,3eabf03a-6af3-58b7-8f93-ba3223c72feb,published,false,true,1,Answerable (exactly one correct option),Emergency Paediatrics
questions/3ed06848-9785-494a-92f2-950906ea10b7.json,3ed06848-9785-494a-92f2-950906ea10b7,published,true,true,1,Answerable (exactly one correct option),General Paediatrics
questions/3f0dd1f2-4fcb-4c72-8229-77c4250c144b.json,3f0dd1f2-4fcb-4c72-8229-77c4250c144b,published,true,true,1,Answerable (exactly one correct option),General Paediatrics
questions/3f13a0c2-46b1-56f6-b7d4-3fd0a198fea6.json,3f13a0c2-46b1-56f6-b7d4-3fd0a198fea6,published,false,true,1,Answerable (exactly one correct option),Paediatric Sub-specialties
questions/3f13dee8-eeab-40de-9ed7-f7e62c7912b5.json,3f13dee8-eeab-40de-9ed7-f7e62c7912b5,published,false,true,1,Answerable (exactly one correct option),Adolescent Medicine
questions/3f1a108d-1676-494e-8da6-7ee8dd47d72b.json,3f1a108d-1676-494e-8da6-7ee8dd47d72b,published,true,true,1,Answerable (exactly one correct option),General Paediatrics
questions/3f28dda9-60c4-4344-915d-f2f398a498c5.json,3f28dda9-60c4-4344-915d-f2f398a498c5,published,true,true,1,Answerable (exactly one correct option),Paediatric Surgery
questions/3f56ca71-4ccc-44b4-a742-00f39599adb7.json,3f56ca71-4ccc-44b4-a742-00f39599adb7,published,true,true,1,Answerable (exactly one correct option),General Paediatrics
questions/3f56e698-4a2c-434a-9e4e-9db5c6f8714b.json,3f56e698-4a2c-434a-9e4e-9db5c6f8714b,published,false,true,1,Answerable (exactly one correct option),Paediatric Sub-specialties
questions/3f8c5319-cb3e-4d5c-adc3-5c7e627ebfbb.json,3f8c5319-cb3e-4d5c-adc3-5c7e627ebfbb,published,false,true,1,Answerable (exactly one correct option),Paediatric Surgery
questions/3faecc6a-7672-5fbb-bfc3-7dd9a70d2d15.json,3faecc6a-7672-5fbb-bfc3-7dd9a70d2d15,published,false,true,1,Answerable (exactly one correct option),Paediatric Sub-specialties
questions/3fbd42b3-2159-4449-ac7a-858edeaeede6.json,3fbd42b3-2159-4449-ac7a-858edeaeede6,published,true,true,1,Answerable (exactly one correct option),Community-based Paediatrics
questions/3fc5f9e0-953d-5b9a-9768-9a88c598fbd1.json,3fc5f9e0-953d-5b9a-9768-9a88c598fbd1,published,false,true,1,Answerable (exactly one correct option),Community-based Paediatrics
questions/3fd4a9ff-299c-5d61-a69c-99070e725486.json,3fd4a9ff-299c-5d61-a69c-99070e725486,published,false,true,1,Answerable (exactly one correct option),Paediatric Sub-specialties
questions/3fe05eef-98e1-4116-95e5-df779c43ea64.json,3fe05eef-98e1-4116-95e5-df779c43ea64,published,true,true,1,Answerable (exactly one correct option),Adolescent Medicine
questions/3ff0fc9d-ae63-4a62-a035-df0e9b852dee.json,3ff0fc9d-ae63-4a62-a035-df0e9b852dee,published,false,true,1,Answerable (exactly one correct option),General Paediatrics
questions/3ff36fdd-34ae-5049-810e-a4262d314d02.json,3ff36fdd-34ae-5049-810e-a4262d314d02,published,false,true,1,Answerable (exactly one correct option),Paediatric Sub-specialties
questions/3ffa71d3-c9a1-4696-9c09-84389843e1dc.json,3ffa71d3-c9a1-4696-9c09-84389843e1dc,published,false,true,1,Answerable (exactly one correct option),Paediatric Surgery
questions/4034c65e-6fcf-4169-956e-e8b0a5b6405b.json,4034c65e-6fcf-4169-956e-e8b0a5b6405b,published,false,true,1,Answerable (exactly one correct option),Paediatric Sub-specialties
questions/403dff68-4d8a-4065-919c-0c56069d140d.json,403dff68-4d8a-4065-919c-0c56069d140d,published,true,true,1,Answerable (exactly one correct option),Adolescent Medicine
questions/4078da6f-7106-478d-a496-c63bab779899.json,4078da6f-7106-478d-a496-c63bab779899,published,true,true,1,Answerable (exactly one correct option),General Paediatrics
questions/408c48e2-f669-4464-be42-16910bfa44d2.json,408c48e2-f669-4464-be42-16910bfa44d2,published,false,true,1,Answerable (exactly one correct option),Unclassified
questions/40a410f6-ea01-4897-9c70-504032662ad9.json,40a410f6-ea01-4897-9c70-504032662ad9,published,true,true,1,Answerable (exactly one correct option),General Paediatrics
questions/40e9d48f-339c-489d-b232-12699233b73f.json,40e9d48f-339c-489d-b232-12699233b73f,published,true,true,1,Answerable (exactly one correct option),General Paediatrics
questions/410f49c0-582a-463d-b945-75883f5cc00d.json,410f49c0-582a-463d-b945-75883f5cc00d,published,true,true,1,Answerable (exactly one correct option),Paediatric Surgery
questions/411e9c07-3414-4901-a527-73936032cc23.json,411e9c07-3414-4901-a527-73936032cc23,published,false,true,1,Answerable (exactly one correct option),Paediatric Surgery
questions/41395eb6-f540-4af5-8482-33b9d710bee0.json,41395eb6-f540-4af5-8482-33b9d710bee0,published,true,true,1,Answerable (exactly one correct option),General Paediatrics
questions/4148e147-5f42-5ea1-a978-d83469a8a299.json,4148e147-5f42-5ea1-a978-d83469a8a299,published,false,true,1,Answerable (exactly one correct option),Paediatric Sub-specialties
questions/41508571-7bc5-4396-afde-354b1376f642.json,41508571-7bc5-4396-afde-354b1376f642,published,false,true,1,Answerable (exactly one correct option),Paediatric Sub-specialties
questions/41cd676b-4e39-45f1-949c-441d96fee2be.json,41cd676b-4e39-45f1-949c-441d96fee2be,published,true,true,1,Answerable (exactly one correct option),General Paediatrics
questions/41d21443-ed59-4c6d-ac30-c40c45e4345d.json,41d21443-ed59-4c6d-ac30-c40c45e4345d,published,false,true,1,Answerable (exactly one correct option),General Paediatrics
questions/41d3699a-d5a4-48a0-ac5d-a046c48fd9ac.json,41d3699a-d5a4-48a0-ac5d-a046c48fd9ac,published,true,true,1,Answerable (exactly one correct option),General Paediatrics
questions/41d4aa97-5b91-4150-b792-737934cd948b.json,41d4aa97-5b91-4150-b792-737934cd948b,published,false,true,1,Answerable (exactly one correct option),Unclassified
questions/41d52a2a-5b8e-5acb-ae41-7a8a0c5f0087.json,41d52a2a-5b8e-5acb-ae41-7a8a0c5f0087,published,false,true,1,Answerable (exactly one correct option),General Paediatrics
questions/41ed5c0f-909a-406c-8397-6d52c92dcb92.json,41ed5c0f-909a-406c-8397-6d52c92dcb92,published,false,true,1,Answerable (exactly one correct option),Paediatric Sub-specialties
questions/4200f437-1dfa-51e8-a913-67aa9a9dcd5f.json,4200f437-1dfa-51e8-a913-67aa9a9dcd5f,published,false,true,1,Answerable (exactly one correct option),Paediatric Sub-specialties
questions/420472d4-c998-488c-b5fd-4423a3286e5f.json,420472d4-c998-488c-b5fd-4423a3286e5f,published,true,true,1,Answerable (exactly one correct option),Community-based Paediatrics
questions/422513eb-25c3-5028-85b6-bf2b30de28a4.json,422513eb-25c3-5028-85b6-bf2b30de28a4,published,false,true,1,Answerable (exactly one correct option),Paediatric Sub-specialties
questions/4226be0c-b7e1-4324-8ebb-f2b39ccdcd21.json,4226be0c-b7e1-4324-8ebb-f2b39ccdcd21,published,true,true,1,Answerable (exactly one correct option),General Paediatrics
questions/42290543-5deb-4489-b55e-aee77262bcbd.json,42290543-5deb-4489-b55e-aee77262bcbd,published,true,true,1,Answerable (exactly one correct option),General Paediatrics
questions/4244aaa3-c85b-4c82-865f-53ea23f65dc2.json,4244aaa3-c85b-4c82-865f-53ea23f65dc2,published,false,true,1,Answerable (exactly one correct option),Unclassified
questions/424ddc68-dc8c-414a-8c5a-a1a57d9f13cc.json,424ddc68-dc8c-414a-8c5a-a1a57d9f13cc,published,true,true,1,Answerable (exactly one correct option),General Paediatrics
questions/4261e4f2-b5fc-4983-84e4-10e20c9b6664.json,4261e4f2-b5fc-4983-84e4-10e20c9b6664,published,true,true,1,Answerable (exactly one correct option),Paediatric Sub-specialties
questions/426be17a-ef69-4cbe-a337-2cbc34ea0d6f.json,426be17a-ef69-4cbe-a337-2cbc34ea0d6f,published,false,true,1,Answerable (exactly one correct option),Unclassified
questions/4282796d-fbb6-45d0-94c4-46976cf48834.json,4282796d-fbb6-45d0-94c4-46976cf48834,published,true,true,1,Answerable (exactly one correct option),General Paediatrics
questions/428d0787-7d36-40b1-8eb4-6b334ef98e8b.json,428d0787-7d36-40b1-8eb4-6b334ef98e8b,published,true,true,1,Answerable (exactly one correct option),Adolescent Medicine
questions/42a33fe7-4f99-55bf-84c8-472ecbc6d993.json,42a33fe7-4f99-55bf-84c8-472ecbc6d993,published,false,true,1,Answerable (exactly one correct option),General Paediatrics
questions/42bfe489-9d01-5bf1-ac24-79b28ef42ff4.json,42bfe489-9d01-5bf1-ac24-79b28ef42ff4,published,false,true,1,Answerable (exactly one correct option),Paediatric Surgery
questions/42c70334-97d4-4120-a9b2-a6b0ef00f251.json,42c70334-97d4-4120-a9b2-a6b0ef00f251,published,true,true,1,Answerable (exactly one correct option),Paediatric Sub-specialties
questions/42e01678-893d-485a-8c28-7f1c41765bc7.json,42e01678-893d-485a-8c28-7f1c41765bc7,published,false,true,1,Answerable (exactly one correct option),Paediatric Surgery
questions/42e86ac4-c317-4d8c-99a6-aa7cc9dee1d4.json,42e86ac4-c317-4d8c-99a6-aa7cc9dee1d4,published,true,true,1,Answerable (exactly one correct option),Paediatric Surgery
questions/42fa83a2-a84b-4e55-a023-0db89cfa729e.json,42fa83a2-a84b-4e55-a023-0db89cfa729e,published,true,true,1,Answerable (exactly one correct option),Community-based Paediatrics
questions/430a4eaa-c145-4f02-9699-dc009a5aee60.json,430a4eaa-c145-4f02-9699-dc009a5aee60,published,true,true,1,Answerable (exactly one correct option),Paediatric Surgery
questions/430ed1a2-144b-5617-a22c-9bace6f32f12.json,430ed1a2-144b-5617-a22c-9bace6f32f12,published,false,true,1,Answerable (exactly one correct option),General Paediatrics
questions/4338ffd1-9553-5447-888b-ad4698542453.json,4338ffd1-9553-5447-888b-ad4698542453,published,false,true,1,Answerable (exactly one correct option),Paediatric Sub-specialties
questions/434ebb0c-3085-4713-8efb-426031def50c.json,434ebb0c-3085-4713-8efb-426031def50c,published,false,true,1,Answerable (exactly one correct option),Adolescent Medicine
questions/43846fcd-d897-4fe5-8f92-64b9cda93163.json,43846fcd-d897-4fe5-8f92-64b9cda93163,published,true,true,1,Answerable (exactly one correct option),Adolescent Medicine
questions/438889de-d8a8-4458-b321-32028abd16a1.json,438889de-d8a8-4458-b321-32028abd16a1,published,true,true,1,Answerable (exactly one correct option),Paediatric Surgery
questions/439fb260-1dcb-4434-b12e-90288ba4e4b0.json,439fb260-1dcb-4434-b12e-90288ba4e4b0,published,false,true,1,Answerable (exactly one correct option),Paediatric Sub-specialties
questions/43a56698-5a81-4551-ad40-570343ef0007.json,43a56698-5a81-4551-ad40-570343ef0007,published,false,true,1,Answerable (exactly one correct option),Paediatric Sub-specialties
questions/43aa6508-9522-4ab9-950f-42df435ea560.json,43aa6508-9522-4ab9-950f-42df435ea560,published,false,true,1,Answerable (exactly one correct option),General Paediatrics
questions/43b00587-627e-4215-b0cb-ffdbf1a7122a.json,43b00587-627e-4215-b0cb-ffdbf1a7122a,published,true,true,1,Answerable (exactly one correct option),General Paediatrics
questions/43bbefb6-e2b7-4e2e-b25e-c0c130741448.json,43bbefb6-e2b7-4e2e-b25e-c0c130741448,published,true,true,1,Answerable (exactly one correct option),Emergency Paediatrics
questions/43e4ebf6-dce2-538f-bb78-7c044a447261.json,43e4ebf6-dce2-538f-bb78-7c044a447261,published,false,true,1,Answerable (exactly one correct option),Paediatric Sub-specialties
questions/43eb8c68-e8e4-4843-a77e-b689e11e37bb.json,43eb8c68-e8e4-4843-a77e-b689e11e37bb,published,false,true,1,Answerable (exactly one correct option),Unclassified
questions/4411fa04-c8d7-50b4-9b64-6d78f711147d.json,4411fa04-c8d7-50b4-9b64-6d78f711147d,published,false,true,1,Answerable (exactly one correct option),Paediatric Surgery
questions/44440429-fc24-4eaa-9a36-a1e49a42cdaa.json,44440429-fc24-4eaa-9a36-a1e49a42cdaa,published,true,true,1,Answerable (exactly one correct option),Paediatric Sub-specialties
questions/445f40d0-53d5-43d2-a364-998a7fb63ddc.json,445f40d0-53d5-43d2-a364-998a7fb63ddc,published,true,true,1,Answerable (exactly one correct option),Paediatric Sub-specialties
questions/446e95e8-b9ad-4139-b844-536a4d893d31.json,446e95e8-b9ad-4139-b844-536a4d893d31,published,false,true,1,Answerable (exactly one correct option),Adolescent Medicine
questions/446eafc6-66cd-41c8-8608-eb6681f41e4d.json,446eafc6-66cd-41c8-8608-eb6681f41e4d,published,true,true,1,Answerable (exactly one correct option),Paediatric Sub-specialties
questions/447439c5-91ef-4d4b-9576-ca29985fc50a.json,447439c5-91ef-4d4b-9576-ca29985fc50a,published,false,true,1,Answerable (exactly one correct option),Community-based Paediatrics
questions/4474cfcf-d33e-522e-a74d-186102dbc0a3.json,4474cfcf-d33e-522e-a74d-186102dbc0a3,published,false,true,1,Answerable (exactly one correct option),Paediatric Sub-specialties
questions/448eea1d-7716-5b6b-ae6f-5efdcc28c0fc.json,448eea1d-7716-5b6b-ae6f-5efdcc28c0fc,published,false,true,1,Answerable (exactly one correct option),Adolescent Medicine
questions/44aae7f8-f29f-5a6f-b2af-18267c7dc098.json,44aae7f8-f29f-5a6f-b2af-18267c7dc098,published,false,true,1,Answerable (exactly one correct option),Paediatric Sub-specialties
questions/44b55a22-f585-40c8-b83d-8946f6d7e64c.json,44b55a22-f585-40c8-b83d-8946f6d7e64c,published,true,true,1,Answerable (exactly one correct option),Emergency Paediatrics
questions/44d81fcb-a2f6-4053-a8bc-5c105c7e9b5d.json,44d81fcb-a2f6-4053-a8bc-5c105c7e9b5d,published,false,true,1,Answerable (exactly one correct option),Emergency Paediatrics
questions/44eb57db-6a7e-4a52-a2af-2716d71e4122.json,44eb57db-6a7e-4a52-a2af-2716d71e4122,published,false,true,1,Answerable (exactly one correct option),Paediatric Surgery
questions/4508e49c-731d-4238-a030-b508c91ed3e5.json,4508e49c-731d-4238-a030-b508c91ed3e5,published,true,true,1,Answerable (exactly one correct option),Paediatric Sub-specialties
questions/4514366c-94ef-4e01-afe1-d78192b94353.json,4514366c-94ef-4e01-afe1-d78192b94353,published,true,true,1,Answerable (exactly one correct option),Paediatric Sub-specialties
questions/452e078e-3be3-57ec-bc11-a00c10a721b0.json,452e078e-3be3-57ec-bc11-a00c10a721b0,published,false,true,1,Answerable (exactly one correct option),Paediatric Surgery
questions/4541028d-d896-4bf5-af6e-f1e3aa30c12f.json,4541028d-d896-4bf5-af6e-f1e3aa30c12f,published,false,true,1,Answerable (exactly one correct option),General Paediatrics
questions/45520a32-befd-49e6-b95c-d5aca017cb30.json,45520a32-befd-49e6-b95c-d5aca017cb30,published,true,true,1,Answerable (exactly one correct option),Community-based Paediatrics
questions/45548c80-2e47-5d5b-86f8-6a35581f43c4.json,45548c80-2e47-5d5b-86f8-6a35581f43c4,published,false,true,1,Answerable (exactly one correct option),General Paediatrics
questions/4564375f-435d-495d-8281-b8e7080c2bf0.json,4564375f-435d-495d-8281-b8e7080c2bf0,published,true,true,1,Answerable (exactly one correct option),Emergency Paediatrics
questions/4565b0b0-b394-4b40-b8ea-c66f5b0f9c7b.json,4565b0b0-b394-4b40-b8ea-c66f5b0f9c7b,published,true,true,1,Answerable (exactly one correct option),Paediatric Sub-specialties
questions/45a11e2b-b486-4a7d-89fc-e0cb1f843f89.json,45a11e2b-b486-4a7d-89fc-e0cb1f843f89,published,false,true,1,Answerable (exactly one correct option),Emergency Paediatrics
questions/45aa3f25-c38b-51a5-b3f3-89f5bd180b8a.json,45aa3f25-c38b-51a5-b3f3-89f5bd180b8a,published,false,true,1,Answerable (exactly one correct option),Paediatric Surgery
questions/45c966ac-e55c-5844-9a1e-0be7df0f20ae.json,45c966ac-e55c-5844-9a1e-0be7df0f20ae,published,false,true,1,Answerable (exactly one correct option),Paediatric Sub-specialties
questions/45d246f4-c65f-46fe-ae6b-c5910bd4b7f7.json,45d246f4-c65f-46fe-ae6b-c5910bd4b7f7,published,false,true,1,Answerable (exactly one correct option),Paediatric Sub-specialties
questions/45d299cc-9f98-4093-94ea-e489db16f69a.json,45d299cc-9f98-4093-94ea-e489db16f69a,published,true,true,1,Answerable (exactly one correct option),General Paediatrics
questions/45d4783b-1f56-4cd6-bb91-746d2218ec81.json,45d4783b-1f56-4cd6-bb91-746d2218ec81,published,true,true,1,Answerable (exactly one correct option),Community-based Paediatrics
questions/45f0678d-9d73-45ea-b43c-910df9c820db.json,45f0678d-9d73-45ea-b43c-910df9c820db,published,false,true,1,Answerable (exactly one correct option),General Paediatrics
questions/45fdf293-ac7e-4e17-befc-6f0ab5cd83fa.json,45fdf293-ac7e-4e17-befc-6f0ab5cd83fa,published,false,true,1,Answerable (exactly one correct option),Unclassified
questions/46093086-604c-5083-a050-fb9263614382.json,46093086-604c-5083-a050-fb9263614382,published,false,true,1,Answerable (exactly one correct option),Paediatric Surgery
questions/4615f4f7-56e7-51e9-be92-4e6230cd1526.json,4615f4f7-56e7-51e9-be92-4e6230cd1526,published,false,true,1,Answerable (exactly one correct option),Emergency Paediatrics
questions/461f267c-0950-4289-ae1c-c143af6cf7d6.json,461f267c-0950-4289-ae1c-c143af6cf7d6,published,true,true,1,Answerable (exactly one correct option),Emergency Paediatrics
questions/4624ddd4-8ee4-4d75-b5c0-a0e6a602cbcb.json,4624ddd4-8ee4-4d75-b5c0-a0e6a602cbcb,published,true,true,1,Answerable (exactly one correct option),Paediatric Surgery
questions/4635b88a-6277-468a-9e59-2a27f75cca99.json,4635b88a-6277-468a-9e59-2a27f75cca99,published,true,true,1,Answerable (exactly one correct option),Adolescent Medicine
questions/46684402-ca38-4610-a548-2b187fa9a90a.json,46684402-ca38-4610-a548-2b187fa9a90a,published,true,true,1,Answerable (exactly one correct option),General Paediatrics
questions/4670bfaa-16a3-4a65-8b93-2f7a927a39b5.json,4670bfaa-16a3-4a65-8b93-2f7a927a39b5,published,false,true,1,Answerable (exactly one correct option),Emergency Paediatrics
questions/46881ed7-d725-5b4f-8507-11750269a364.json,46881ed7-d725-5b4f-8507-11750269a364,published,false,true,1,Answerable (exactly one correct option),Paediatric Surgery
questions/46d09c82-d988-4cc0-9e6d-288bd846d7fb.json,46d09c82-d988-4cc0-9e6d-288bd846d7fb,published,false,true,1,Answerable (exactly one correct option),Paediatric Surgery
questions/46dc856d-8e13-414d-8bb4-cb97fa2d78c5.json,46dc856d-8e13-414d-8bb4-cb97fa2d78c5,published,true,true,1,Answerable (exactly one correct option),Emergency Paediatrics
questions/46fb335c-5018-4560-b093-e17156772f65.json,46fb335c-5018-4560-b093-e17156772f65,published,true,true,1,Answerable (exactly one correct option),Paediatric Sub-specialties
questions/46ff89ea-fcc2-5b80-8a72-5a6843cad1f3.json,46ff89ea-fcc2-5b80-8a72-5a6843cad1f3,published,false,true,1,Answerable (exactly one correct option),Paediatric Sub-specialties
questions/4737b232-a50d-46ce-88fa-d4e7ed26aeee.json,4737b232-a50d-46ce-88fa-d4e7ed26aeee,published,false,true,1,Answerable (exactly one correct option),Emergency Paediatrics
questions/4744d27c-b24a-4f75-bdcd-3caeb45fc09c.json,4744d27c-b24a-4f75-bdcd-3caeb45fc09c,published,true,true,1,Answerable (exactly one correct option),Paediatric Surgery
questions/4760a860-d9ee-590c-9fcd-b2bd9ae525b3.json,4760a860-d9ee-590c-9fcd-b2bd9ae525b3,published,false,true,1,Answerable (exactly one correct option),Paediatric Sub-specialties
questions/476d710f-d4b6-49a5-9cbf-ffdc45dbfa40.json,476d710f-d4b6-49a5-9cbf-ffdc45dbfa40,published,true,true,1,Answerable (exactly one correct option),Emergency Paediatrics
questions/478e92c9-64e8-41c1-a48d-02ce15c8abf9.json,478e92c9-64e8-41c1-a48d-02ce15c8abf9,published,true,true,1,Answerable (exactly one correct option),Paediatric Sub-specialties
questions/4793e248-02b0-5061-af7b-ff476cd44725.json,4793e248-02b0-5061-af7b-ff476cd44725,published,false,true,1,Answerable (exactly one correct option),General Paediatrics
questions/479cdefe-a374-458e-99bd-4ba0166cad0b.json,479cdefe-a374-458e-99bd-4ba0166cad0b,published,true,true,1,Answerable (exactly one correct option),Community-based Paediatrics
questions/47b99aac-8268-4d2e-9145-60dc32a76d9e.json,47b99aac-8268-4d2e-9145-60dc32a76d9e,published,true,true,1,Answerable (exactly one correct option),General Paediatrics
questions/47dfc848-abe6-50c2-ae6e-a03b66d0f328.json,47dfc848-abe6-50c2-ae6e-a03b66d0f328,published,false,true,1,Answerable (exactly one correct option),General Paediatrics
questions/47f59ad7-48ad-43c8-bee4-09e95c4bdb23.json,47f59ad7-48ad-43c8-bee4-09e95c4bdb23,published,false,true,1,Answerable (exactly one correct option),Paediatric Sub-specialties
questions/47f72e2b-0158-5021-9d39-3f38999bb16c.json,47f72e2b-0158-5021-9d39-3f38999bb16c,published,false,true,1,Answerable (exactly one correct option),Paediatric Sub-specialties
questions/484595ef-b92f-4043-85d7-b0ac28549705.json,484595ef-b92f-4043-85d7-b0ac28549705,published,false,true,1,Answerable (exactly one correct option),Paediatric Surgery
questions/4859ac09-39f7-4174-bee2-8c1ee4b0face.json,4859ac09-39f7-4174-bee2-8c1ee4b0face,published,true,true,1,Answerable (exactly one correct option),Paediatric Surgery
questions/486a47a1-687b-431b-9177-463c57af32d5.json,486a47a1-687b-431b-9177-463c57af32d5,published,false,true,1,Answerable (exactly one correct option),Paediatric Surgery
questions/489ece26-40e1-4e85-9088-8b44bd8f64e2.json,489ece26-40e1-4e85-9088-8b44bd8f64e2,published,true,true,1,Answerable (exactly one correct option),Paediatric Surgery
questions/48b555e3-6f0f-52f8-aeca-0afe363181c9.json,48b555e3-6f0f-52f8-aeca-0afe363181c9,published,false,true,1,Answerable (exactly one correct option),Community-based Paediatrics
questions/48c5fed8-fe6a-4a30-9903-ff30a2b26bad.json,48c5fed8-fe6a-4a30-9903-ff30a2b26bad,published,false,true,1,Answerable (exactly one correct option),Community-based Paediatrics
questions/48d9d22b-b329-449f-996d-cc1c9dbdfc6c.json,48d9d22b-b329-449f-996d-cc1c9dbdfc6c,published,false,true,1,Answerable (exactly one correct option),Emergency Paediatrics
questions/48e2dc8a-6a11-4374-bd15-3d448820af55.json,48e2dc8a-6a11-4374-bd15-3d448820af55,published,false,true,1,Answerable (exactly one correct option),Emergency Paediatrics
questions/48e74de3-df5d-46b0-9894-d8fa285ace83.json,48e74de3-df5d-46b0-9894-d8fa285ace83,published,true,true,1,Answerable (exactly one correct option),Emergency Paediatrics
questions/48eeb7fe-e1fb-5926-b219-402c1ff411e5.json,48eeb7fe-e1fb-5926-b219-402c1ff411e5,published,false,true,1,Answerable (exactly one correct option),Paediatric Surgery
questions/48f05303-f14f-47e3-a766-b758c5a2b7ca.json,48f05303-f14f-47e3-a766-b758c5a2b7ca,published,false,true,1,Answerable (exactly one correct option),General Paediatrics
questions/48f541b6-a102-451a-bcd0-98262a726fe5.json,48f541b6-a102-451a-bcd0-98262a726fe5,published,false,true,1,Answerable (exactly one correct option),Paediatric Sub-specialties
questions/4907c270-e0d0-5833-99b8-dba7870b55cc.json,4907c270-e0d0-5833-99b8-dba7870b55cc,published,false,true,1,Answerable (exactly one correct option),Paediatric Surgery
questions/490a8777-4aa6-4580-88c1-441f673ba5f8.json,490a8777-4aa6-4580-88c1-441f673ba5f8,published,true,true,1,Answerable (exactly one correct option),Emergency Paediatrics
questions/491119d9-be6d-5ce8-8d0e-d9b6504f0917.json,491119d9-be6d-5ce8-8d0e-d9b6504f0917,published,false,true,1,Answerable (exactly one correct option),Paediatric Sub-specialties
questions/492228ab-c11f-428e-a354-93425d9f830d.json,492228ab-c11f-428e-a354-93425d9f830d,published,false,true,1,Answerable (exactly one correct option),Paediatric Surgery
questions/49532168-4b3a-4912-aec7-abdfbba44f7c.json,49532168-4b3a-4912-aec7-abdfbba44f7c,published,false,true,1,Answerable (exactly one correct option),Adolescent Medicine
questions/4974dcec-c6c3-47d0-96f8-b6e809dbecbf.json,4974dcec-c6c3-47d0-96f8-b6e809dbecbf,published,true,true,1,Answerable (exactly one correct option),General Paediatrics
questions/497b8d18-001a-4151-9d0d-d4990d7e0751.json,497b8d18-001a-4151-9d0d-d4990d7e0751,published,false,true,1,Answerable (exactly one correct option),Paediatric Surgery
questions/49cd8d38-dca8-4be9-9e2b-9a2edec5a147.json,49cd8d38-dca8-4be9-9e2b-9a2edec5a147,published,true,true,1,Answerable (exactly one correct option),Community-based Paediatrics
questions/49dc6a86-4a7c-4528-aae2-ff1b5c60acc5.json,49dc6a86-4a7c-4528-aae2-ff1b5c60acc5,published,true,true,1,Answerable (exactly one correct option),Emergency Paediatrics
questions/49eab82e-cadb-4887-80b8-762e0b70c126.json,49eab82e-cadb-4887-80b8-762e0b70c126,published,true,true,1,Answerable (exactly one correct option),Emergency Paediatrics
questions/49f43026-6698-4d1e-b373-b578a098fada.json,49f43026-6698-4d1e-b373-b578a098fada,published,true,true,1,Answerable (exactly one correct option),Emergency Paediatrics
questions/49fde85d-f992-578a-bbc5-5e429b677635.json,49fde85d-f992-578a-bbc5-5e429b677635,published,false,true,1,Answerable (exactly one correct option),Paediatric Surgery
questions/4a0db095-a95e-478e-b4e9-eca27e1cda71.json,4a0db095-a95e-478e-b4e9-eca27e1cda71,published,true,true,1,Answerable (exactly one correct option),General Paediatrics
questions/4a12f85d-1371-432d-93fd-6bf745d76603.json,4a12f85d-1371-432d-93fd-6bf745d76603,published,false,true,1,Answerable (exactly one correct option),Emergency Paediatrics
questions/4a2b383c-2b3b-48ba-8035-54bdbe974816.json,4a2b383c-2b3b-48ba-8035-54bdbe974816,published,true,true,1,Answerable (exactly one correct option),General Paediatrics
questions/4a426fdc-926e-456d-911c-6e4a3f2d5634.json,4a426fdc-926e-456d-911c-6e4a3f2d5634,published,true,true,1,Answerable (exactly one correct option),Emergency Paediatrics
questions/4a54264a-d1ea-475b-9fe5-9c256bdb7581.json,4a54264a-d1ea-475b-9fe5-9c256bdb7581,published,true,true,1,Answerable (exactly one correct option),General Paediatrics
questions/4a549f7c-7add-47d6-9474-53de9dc28280.json,4a549f7c-7add-47d6-9474-53de9dc28280,published,false,true,1,Answerable (exactly one correct option),Paediatric Sub-specialties
questions/4a720532-7e13-41c8-a4b6-955c197abdb8.json,4a720532-7e13-41c8-a4b6-955c197abdb8,published,true,true,1,Answerable (exactly one correct option),Paediatric Sub-specialties
questions/4a9bb934-66fb-482e-9ed4-fed6ecdcf0e6.json,4a9bb934-66fb-482e-9ed4-fed6ecdcf0e6,published,false,true,1,Answerable (exactly one correct option),Emergency Paediatrics
questions/4ab26b24-6803-41f7-9654-0f1dcdf9202b.json,4ab26b24-6803-41f7-9654-0f1dcdf9202b,published,true,true,1,Answerable (exactly one correct option),Paediatric Surgery
questions/4ac0d282-6d58-4f79-b00a-599dcef24b17.json,4ac0d282-6d58-4f79-b00a-599dcef24b17,published,false,true,1,Answerable (exactly one correct option),Paediatric Sub-specialties
questions/4ac3b2ed-c749-403e-bf8c-6ba0e6d490cc.json,4ac3b2ed-c749-403e-bf8c-6ba0e6d490cc,published,false,true,1,Answerable (exactly one correct option),Paediatric Sub-specialties
questions/4ace4351-79f1-54fb-8355-ef9eb1144e80.json,4ace4351-79f1-54fb-8355-ef9eb1144e80,published,false,true,1,Answerable (exactly one correct option),Paediatric Sub-specialties
questions/4aef6afd-d5bb-4105-a99e-5fc88acd7eef.json,4aef6afd-d5bb-4105-a99e-5fc88acd7eef,published,false,true,1,Answerable (exactly one correct option),Paediatric Sub-specialties
questions/4b06454e-71ab-4f37-bdb2-44681bf860ba.json,4b06454e-71ab-4f37-bdb2-44681bf860ba,published,true,true,1,Answerable (exactly one correct option),Community-based Paediatrics
questions/4b319554-a4f7-4d93-97ce-342828356f0e.json,4b319554-a4f7-4d93-97ce-342828356f0e,published,false,true,1,Answerable (exactly one correct option),Paediatric Sub-specialties
questions/4b491d6e-9fba-5261-b9c5-b7578fcc3a6b.json,4b491d6e-9fba-5261-b9c5-b7578fcc3a6b,published,false,true,1,Answerable (exactly one correct option),Paediatric Surgery
questions/4b700472-84fb-4e6f-b1f1-44ff68e1bcab.json,4b700472-84fb-4e6f-b1f1-44ff68e1bcab,published,false,true,1,Answerable (exactly one correct option),Adolescent Medicine
questions/4b96a493-84b3-48dc-9a01-cfbf9dd89851.json,4b96a493-84b3-48dc-9a01-cfbf9dd89851,published,false,true,1,Answerable (exactly one correct option),Emergency Paediatrics
questions/4ba379c5-9e3f-469b-a435-47badcb27482.json,4ba379c5-9e3f-469b-a435-47badcb27482,published,false,true,1,Answerable (exactly one correct option),Community-based Paediatrics
questions/4ba66546-ff13-500f-a626-a973eecdcb37.json,4ba66546-ff13-500f-a626-a973eecdcb37,published,false,true,1,Answerable (exactly one correct option),Paediatric Surgery
questions/4bb216bc-369c-4e7b-a0f5-87d87feb20a9.json,4bb216bc-369c-4e7b-a0f5-87d87feb20a9,published,false,true,1,Answerable (exactly one correct option),Unclassified
questions/4bb535b8-5d22-4d55-ab85-f72c70a19331.json,4bb535b8-5d22-4d55-ab85-f72c70a19331,published,true,true,1,Answerable (exactly one correct option),Paediatric Sub-specialties
questions/4bb5964c-ff64-41a5-9581-15a3c08e61b9.json,4bb5964c-ff64-41a5-9581-15a3c08e61b9,published,true,true,1,Answerable (exactly one correct option),Emergency Paediatrics
questions/4bbc0cd7-8afe-4458-9c9a-8d6f8958e822.json,4bbc0cd7-8afe-4458-9c9a-8d6f8958e822,published,true,true,1,Answerable (exactly one correct option),Paediatric Sub-specialties
questions/4bc07644-1cdd-40ce-a07a-837feca3c641.json,4bc07644-1cdd-40ce-a07a-837feca3c641,published,false,true,1,Answerable (exactly one correct option),Paediatric Sub-specialties
questions/4bc5e014-6012-4a96-b6ea-947c66c2b065.json,4bc5e014-6012-4a96-b6ea-947c66c2b065,published,true,true,1,Answerable (exactly one correct option),Emergency Paediatrics
questions/4bf409ca-ce0c-5a70-a600-7e4396b4c0cd.json,4bf409ca-ce0c-5a70-a600-7e4396b4c0cd,published,false,true,1,Answerable (exactly one correct option),Paediatric Sub-specialties
questions/4bf82cae-d685-4585-abf6-257f7e8d384c.json,4bf82cae-d685-4585-abf6-257f7e8d384c,published,false,true,1,Answerable (exactly one correct option),Emergency Paediatrics
questions/4bf962b6-c894-4fce-aede-e2caef563630.json,4bf962b6-c894-4fce-aede-e2caef563630,published,true,true,1,Answerable (exactly one correct option),Adolescent Medicine
questions/4c033ea8-b9cd-5152-a4ba-7d8a84e50c82.json,4c033ea8-b9cd-5152-a4ba-7d8a84e50c82,published,false,true,1,Answerable (exactly one correct option),General Paediatrics
questions/4c4c23f0-a6b7-58c5-8928-71032d6ad417.json,4c4c23f0-a6b7-58c5-8928-71032d6ad417,published,false,true,1,Answerable (exactly one correct option),Emergency Paediatrics
questions/4c4d6bf7-afe7-5967-880a-83a30f3b7a88.json,4c4d6bf7-afe7-5967-880a-83a30f3b7a88,published,false,true,1,Answerable (exactly one correct option),General Paediatrics
questions/4c5a58d6-2451-52be-8bcb-6f351fcd81a6.json,4c5a58d6-2451-52be-8bcb-6f351fcd81a6,published,false,true,1,Answerable (exactly one correct option),Emergency Paediatrics
questions/4c5bfd49-d28a-4323-a6ca-14207d08507f.json,4c5bfd49-d28a-4323-a6ca-14207d08507f,published,true,true,1,Answerable (exactly one correct option),Emergency Paediatrics
questions/4c6319d6-f4c7-42b9-8399-8332eabf516f.json,4c6319d6-f4c7-42b9-8399-8332eabf516f,published,true,true,1,Answerable (exactly one correct option),Emergency Paediatrics
questions/4c68cc3c-e2a9-4967-a243-b10e50b833f5.json,4c68cc3c-e2a9-4967-a243-b10e50b833f5,published,true,true,1,Answerable (exactly one correct option),General Paediatrics
questions/4c693c1a-e713-488e-95d9-c8c27cf16fba.json,4c693c1a-e713-488e-95d9-c8c27cf16fba,published,true,true,1,Answerable (exactly one correct option),Community-based Paediatrics
questions/4c73b15f-9c8a-4b4c-98e6-e093fad8a783.json,4c73b15f-9c8a-4b4c-98e6-e093fad8a783,published,true,true,1,Answerable (exactly one correct option),Paediatric Sub-specialties
questions/4cbfd0f6-fd4c-51c5-8946-ea07db3f29bf.json,4cbfd0f6-fd4c-51c5-8946-ea07db3f29bf,published,false,true,1,Answerable (exactly one correct option),Emergency Paediatrics
questions/4ce11998-507f-4cd9-8896-efcc15486297.json,4ce11998-507f-4cd9-8896-efcc15486297,published,false,true,1,Answerable (exactly one correct option),Paediatric Sub-specialties
questions/4ce3013a-6152-413f-bfc2-771ba0b612a7.json,4ce3013a-6152-413f-bfc2-771ba0b612a7,published,true,true,1,Answerable (exactly one correct option),Paediatric Surgery
questions/4ce762a0-5c29-4418-9bc8-42f14c5dd55d.json,4ce762a0-5c29-4418-9bc8-42f14c5dd55d,published,false,true,1,Answerable (exactly one correct option),Emergency Paediatrics
questions/4cfa2294-60e9-44b0-b2f0-a8a79ce63549.json,4cfa2294-60e9-44b0-b2f0-a8a79ce63549,published,true,true,1,Answerable (exactly one correct option),Paediatric Surgery
questions/4d221bad-5b50-5724-a9f8-739e6865b2dc.json,4d221bad-5b50-5724-a9f8-739e6865b2dc,published,false,true,1,Answerable (exactly one correct option),Paediatric Sub-specialties
questions/4d297829-d73c-5d20-933c-e31bd0ddc546.json,4d297829-d73c-5d20-933c-e31bd0ddc546,published,false,true,1,Answerable (exactly one correct option),Paediatric Surgery
questions/4d449909-1c6f-5c7c-84e7-e5080ac37d37.json,4d449909-1c6f-5c7c-84e7-e5080ac37d37,published,false,true,1,Answerable (exactly one correct option),Paediatric Sub-specialties
questions/4d4e6b52-0b13-4399-a344-371248a650b2.json,4d4e6b52-0b13-4399-a344-371248a650b2,published,false,true,1,Answerable (exactly one correct option),Paediatric Sub-specialties
questions/4d7ee42b-81a3-4882-8968-db7cfde9ea38.json,4d7ee42b-81a3-4882-8968-db7cfde9ea38,published,true,true,1,Answerable (exactly one correct option),Paediatric Surgery
questions/4d7ff3c1-6894-40a5-8bd1-fc4cab3a9f52.json,4d7ff3c1-6894-40a5-8bd1-fc4cab3a9f52,published,true,true,1,Answerable (exactly one correct option),Emergency Paediatrics
questions/4d997158-8fe7-5edf-a5ad-d7c79ec012f7.json,4d997158-8fe7-5edf-a5ad-d7c79ec012f7,published,false,true,1,Answerable (exactly one correct option),General Paediatrics
questions/4dabc14a-f71e-5947-9ecd-3d9451fb12ec.json,4dabc14a-f71e-5947-9ecd-3d9451fb12ec,published,false,true,1,Answerable (exactly one correct option),Paediatric Sub-specialties
questions/4dd87301-86d0-43e7-8ff2-0ea309b76b4d.json,4dd87301-86d0-43e7-8ff2-0ea309b76b4d,published,true,true,1,Answerable (exactly one correct option),Emergency Paediatrics
questions/4de8a552-f327-406e-915f-3cb3f3cbef3c.json,4de8a552-f327-406e-915f-3cb3f3cbef3c,published,false,true,1,Answerable (exactly one correct option),Adolescent Medicine
questions/4ded0b5c-7afd-527e-8b0e-cd377dffe33f.json,4ded0b5c-7afd-527e-8b0e-cd377dffe33f,published,false,true,1,Answerable (exactly one correct option),General Paediatrics
questions/4e04f46d-54b3-58c8-958c-1b926db1bb69.json,4e04f46d-54b3-58c8-958c-1b926db1bb69,published,false,true,1,Answerable (exactly one correct option),Emergency Paediatrics
questions/4e20fcda-1ef2-4f27-9b55-2d3d68c2f2a2.json,4e20fcda-1ef2-4f27-9b55-2d3d68c2f2a2,published,true,true,1,Answerable (exactly one correct option),Paediatric Sub-specialties
questions/4e2f0a5d-2149-4cc9-8d53-69e9f5fb3074.json,4e2f0a5d-2149-4cc9-8d53-69e9f5fb3074,published,false,true,1,Answerable (exactly one correct option),Unclassified
questions/4e4ebfce-2f86-507e-9777-ce9f92964f0b.json,4e4ebfce-2f86-507e-9777-ce9f92964f0b,published,false,true,1,Answerable (exactly one correct option),Paediatric Sub-specialties
questions/4e73f08d-2f0e-4fdc-a453-b344c8e512f5.json,4e73f08d-2f0e-4fdc-a453-b344c8e512f5,published,false,true,1,Answerable (exactly one correct option),Paediatric Surgery
questions/4e86ec48-bea7-5fe5-84e2-7cd86484a73a.json,4e86ec48-bea7-5fe5-84e2-7cd86484a73a,published,false,true,1,Answerable (exactly one correct option),Emergency Paediatrics
questions/4e991487-ab39-459e-b27a-940fd2ca1f36.json,4e991487-ab39-459e-b27a-940fd2ca1f36,published,true,true,1,Answerable (exactly one correct option),Emergency Paediatrics
questions/4eb96fb1-1959-503d-9bdc-87bec74adb9c.json,4eb96fb1-1959-503d-9bdc-87bec74adb9c,published,false,true,1,Answerable (exactly one correct option),Paediatric Sub-specialties
questions/4ebbbeac-9262-4a30-b4d3-e2a6cab65910.json,4ebbbeac-9262-4a30-b4d3-e2a6cab65910,published,true,true,1,Answerable (exactly one correct option),Paediatric Sub-specialties
questions/4ec276b0-328e-444d-886f-e48e40bd21ac.json,4ec276b0-328e-444d-886f-e48e40bd21ac,published,true,true,1,Answerable (exactly one correct option),Emergency Paediatrics
questions/4ef5c468-93f2-4374-a7f4-090f78bd9d9c.json,4ef5c468-93f2-4374-a7f4-090f78bd9d9c,published,true,true,1,Answerable (exactly one correct option),Emergency Paediatrics
questions/4f0eecdd-28b1-4f5d-bf10-4307c728be98.json,4f0eecdd-28b1-4f5d-bf10-4307c728be98,published,true,true,1,Answerable (exactly one correct option),Adolescent Medicine
questions/4f3e76f8-6432-4cfc-a8d4-4b9b7f5761d6.json,4f3e76f8-6432-4cfc-a8d4-4b9b7f5761d6,published,false,true,1,Answerable (exactly one correct option),General Paediatrics
questions/4f45b921-6034-439a-95e8-a7a8ab8230d1.json,4f45b921-6034-439a-95e8-a7a8ab8230d1,published,true,true,1,Answerable (exactly one correct option),Paediatric Surgery
questions/4f686009-7ef5-4478-bd4d-28f52bb63420.json,4f686009-7ef5-4478-bd4d-28f52bb63420,published,true,true,1,Answerable (exactly one correct option),Community-based Paediatrics
questions/4f687d6d-d321-50c9-b2b0-6d906ab9b226.json,4f687d6d-d321-50c9-b2b0-6d906ab9b226,published,false,true,1,Answerable (exactly one correct option),General Paediatrics
questions/4f6fd61b-0965-48dc-8891-d71cff35605d.json,4f6fd61b-0965-48dc-8891-d71cff35605d,published,false,true,1,Answerable (exactly one correct option),Paediatric Surgery
questions/4fcefd5c-7ae6-4280-b8c8-5d55f55f2c03.json,4fcefd5c-7ae6-4280-b8c8-5d55f55f2c03,published,false,true,1,Answerable (exactly one correct option),Emergency Paediatrics
questions/4ff6a279-0ca7-5fdc-9446-32854ba90589.json,4ff6a279-0ca7-5fdc-9446-32854ba90589,published,false,true,1,Answerable (exactly one correct option),Paediatric Sub-specialties
questions/5004e090-307d-57a2-bfa8-58bcbc4bc8b5.json,5004e090-307d-57a2-bfa8-58bcbc4bc8b5,published,false,true,1,Answerable (exactly one correct option),Adolescent Medicine
questions/5007fa1f-5ac2-4706-86e3-5c0b43be5a20.json,5007fa1f-5ac2-4706-86e3-5c0b43be5a20,published,true,true,1,Answerable (exactly one correct option),Paediatric Sub-specialties
questions/5011714e-3619-4190-b403-71e78245eec9.json,5011714e-3619-4190-b403-71e78245eec9,published,false,true,1,Answerable (exactly one correct option),Paediatric Surgery
questions/504a9253-21a5-5509-a12b-0ab7cb5738ff.json,504a9253-21a5-5509-a12b-0ab7cb5738ff,published,false,true,1,Answerable (exactly one correct option),Paediatric Surgery
questions/504efbde-147e-52c5-8c86-e3b540b3b2b6.json,504efbde-147e-52c5-8c86-e3b540b3b2b6,published,false,true,1,Answerable (exactly one correct option),Paediatric Sub-specialties
questions/50531db1-aa21-4122-a52a-c0cd8fc39b20.json,50531db1-aa21-4122-a52a-c0cd8fc39b20,published,true,true,1,Answerable (exactly one correct option),Adolescent Medicine
questions/5057ebd8-0e40-5725-b4f8-88fc091acaf1.json,5057ebd8-0e40-5725-b4f8-88fc091acaf1,published,false,true,1,Answerable (exactly one correct option),Paediatric Sub-specialties
questions/50667ab2-476a-4981-aac7-335ec7392434.json,50667ab2-476a-4981-aac7-335ec7392434,published,true,true,1,Answerable (exactly one correct option),Emergency Paediatrics
questions/506bad36-adaf-5255-bd2c-610fb0a76542.json,506bad36-adaf-5255-bd2c-610fb0a76542,published,false,true,1,Answerable (exactly one correct option),Paediatric Surgery
questions/507fc34e-a387-4c16-b859-0f50a7a4dcf3.json,507fc34e-a387-4c16-b859-0f50a7a4dcf3,published,true,true,1,Answerable (exactly one correct option),Emergency Paediatrics
questions/508976fa-ea54-427f-be88-fad03c49b9b4.json,508976fa-ea54-427f-be88-fad03c49b9b4,published,true,true,1,Answerable (exactly one correct option),Paediatric Surgery
questions/508cb8c0-1384-4348-9225-b33a2ff4f42b.json,508cb8c0-1384-4348-9225-b33a2ff4f42b,published,false,true,1,Answerable (exactly one correct option),Emergency Paediatrics
questions/5092c2fc-76bf-4eec-b499-1f798712d581.json,5092c2fc-76bf-4eec-b499-1f798712d581,published,true,true,1,Answerable (exactly one correct option),Paediatric Sub-specialties
questions/50f9a668-92c6-4c0f-87a6-bafbe592040b.json,50f9a668-92c6-4c0f-87a6-bafbe592040b,published,true,true,1,Answerable (exactly one correct option),Emergency Paediatrics
questions/510df0fb-ae8e-5241-9e22-3d9b0f160793.json,510df0fb-ae8e-5241-9e22-3d9b0f160793,published,false,true,1,Answerable (exactly one correct option),Paediatric Sub-specialties
questions/5128df66-2560-4e91-aaa7-14c31b2bced3.json,5128df66-2560-4e91-aaa7-14c31b2bced3,published,true,true,1,Answerable (exactly one correct option),Paediatric Sub-specialties
questions/513c450a-9775-4768-a15e-9c7cffd00d9d.json,513c450a-9775-4768-a15e-9c7cffd00d9d,published,false,true,1,Answerable (exactly one correct option),Paediatric Sub-specialties
questions/513d5400-4e99-46d0-8b20-9689e922facc.json,513d5400-4e99-46d0-8b20-9689e922facc,published,true,true,1,Answerable (exactly one correct option),Paediatric Surgery
questions/51502497-7e93-4629-ade4-c4c086f124bd.json,51502497-7e93-4629-ade4-c4c086f124bd,published,true,true,1,Answerable (exactly one correct option),Emergency Paediatrics
questions/5190a0d2-82e5-4d51-809c-c1edb3332ccb.json,5190a0d2-82e5-4d51-809c-c1edb3332ccb,published,false,true,1,Answerable (exactly one correct option),General Paediatrics
questions/51f71da8-b83d-413f-befb-75cc09dab04f.json,51f71da8-b83d-413f-befb-75cc09dab04f,published,true,true,1,Answerable (exactly one correct option),Emergency Paediatrics
questions/5201fb36-5615-4c0a-b9c4-d3c0d9fb7f81.json,5201fb36-5615-4c0a-b9c4-d3c0d9fb7f81,published,true,true,1,Answerable (exactly one correct option),Emergency Paediatrics
questions/520c076e-eda8-533a-9193-d0223f5a71ff.json,520c076e-eda8-533a-9193-d0223f5a71ff,published,false,true,1,Answerable (exactly one correct option),General Paediatrics
questions/52122564-d2cf-448d-8e84-fff14b6b9d48.json,52122564-d2cf-448d-8e84-fff14b6b9d48,published,true,true,1,Answerable (exactly one correct option),Paediatric Surgery
questions/521b2ad1-e916-4f04-adc9-75f8cd59dbda.json,521b2ad1-e916-4f04-adc9-75f8cd59dbda,published,true,true,1,Answerable (exactly one correct option),Emergency Paediatrics
questions/5233cc70-8aad-5012-92c3-0b07173deac8.json,5233cc70-8aad-5012-92c3-0b07173deac8,published,false,true,1,Answerable (exactly one correct option),Paediatric Surgery
questions/52458c92-0efa-59f0-8353-df2f139312f6.json,52458c92-0efa-59f0-8353-df2f139312f6,published,false,true,1,Answerable (exactly one correct option),Paediatric Sub-specialties
questions/5299c3cc-68f0-44ea-9a2f-b6b4eb1c7806.json,5299c3cc-68f0-44ea-9a2f-b6b4eb1c7806,published,false,true,1,Answerable (exactly one correct option),Paediatric Sub-specialties
questions/52c3dc79-3ca6-475b-a33b-d79f7e41bc2c.json,52c3dc79-3ca6-475b-a33b-d79f7e41bc2c,published,true,true,1,Answerable (exactly one correct option),Paediatric Sub-specialties
questions/52d82754-9132-460d-bf4a-68e9faa6910a.json,52d82754-9132-460d-bf4a-68e9faa6910a,published,true,true,1,Answerable (exactly one correct option),Adolescent Medicine
questions/535bed9a-f840-450f-af85-74da7d573d7f.json,535bed9a-f840-450f-af85-74da7d573d7f,published,true,true,1,Answerable (exactly one correct option),Adolescent Medicine
questions/538dcf77-d792-4bfe-917c-c440624a8d00.json,538dcf77-d792-4bfe-917c-c440624a8d00,published,false,true,1,Answerable (exactly one correct option),General Paediatrics
questions/53a0596a-983e-44ae-97fa-5ee1e4e3d575.json,53a0596a-983e-44ae-97fa-5ee1e4e3d575,published,false,true,1,Answerable (exactly one correct option),Paediatric Surgery
questions/53bc3e6b-5150-4772-8454-53617d530709.json,53bc3e6b-5150-4772-8454-53617d530709,published,true,true,1,Answerable (exactly one correct option),Community-based Paediatrics
questions/53ec2406-90b9-4b72-9661-6aa49a630c96.json,53ec2406-90b9-4b72-9661-6aa49a630c96,published,true,true,1,Answerable (exactly one correct option),Emergency Paediatrics
questions/5408953b-8286-5312-a8a2-90de337e8246.json,5408953b-8286-5312-a8a2-90de337e8246,published,false,true,1,Answerable (exactly one correct option),Paediatric Surgery
questions/54092ad9-be4f-4150-a1eb-3e0c092295e1.json,54092ad9-be4f-4150-a1eb-3e0c092295e1,published,false,true,1,Answerable (exactly one correct option),Unclassified
questions/5425530f-3457-4ee4-9c17-e3f69a79dab9.json,5425530f-3457-4ee4-9c17-e3f69a79dab9,published,false,true,1,Answerable (exactly one correct option),Unclassified
questions/546e2d9a-12e0-42ba-b6ab-e0e00d86437f.json,546e2d9a-12e0-42ba-b6ab-e0e00d86437f,published,true,true,1,Answerable (exactly one correct option),Emergency Paediatrics
questions/548557b4-bb3f-543f-bb9a-69f111f00fff.json,548557b4-bb3f-543f-bb9a-69f111f00fff,published,false,true,1,Answerable (exactly one correct option),Paediatric Sub-specialties
questions/54880451-364c-5d49-820f-f12b57c4adfa.json,54880451-364c-5d49-820f-f12b57c4adfa,published,false,true,1,Answerable (exactly one correct option),Paediatric Surgery
questions/548bad85-9d32-4876-88ea-622152fbd497.json,548bad85-9d32-4876-88ea-622152fbd497,published,true,true,1,Answerable (exactly one correct option),Emergency Paediatrics
questions/54d21f62-5c85-4e91-b84c-f908ca4dede6.json,54d21f62-5c85-4e91-b84c-f908ca4dede6,published,true,true,1,Answerable (exactly one correct option),Emergency Paediatrics
questions/54da9db2-cecc-5443-988f-27ef10e9c5e4.json,54da9db2-cecc-5443-988f-27ef10e9c5e4,published,false,true,1,Answerable (exactly one correct option),Paediatric Sub-specialties
questions/5532a664-c0f1-5f9d-8eb2-33faa687bb14.json,5532a664-c0f1-5f9d-8eb2-33faa687bb14,published,false,true,1,Answerable (exactly one correct option),Paediatric Sub-specialties
questions/553cd3e9-309a-44df-ba71-7c8cfe16a667.json,553cd3e9-309a-44df-ba71-7c8cfe16a667,published,false,true,1,Answerable (exactly one correct option),Community-based Paediatrics
questions/5544534c-8c98-47f0-821d-8a9293f35ec4.json,5544534c-8c98-47f0-821d-8a9293f35ec4,published,true,true,1,Answerable (exactly one correct option),Paediatric Surgery
questions/55648727-199a-4fbb-9f2b-c1b42c4bc393.json,55648727-199a-4fbb-9f2b-c1b42c4bc393,published,true,true,1,Answerable (exactly one correct option),Emergency Paediatrics
questions/5568aa5d-e351-4239-b87b-9cf30a793591.json,5568aa5d-e351-4239-b87b-9cf30a793591,published,true,true,1,Answerable (exactly one correct option),Paediatric Sub-specialties
questions/55709a1d-7fa7-4aea-ac46-d95c3a0889e0.json,55709a1d-7fa7-4aea-ac46-d95c3a0889e0,published,true,true,1,Answerable (exactly one correct option),Emergency Paediatrics
questions/557188a3-5768-5367-b4f1-6490c065718b.json,557188a3-5768-5367-b4f1-6490c065718b,published,false,true,1,Answerable (exactly one correct option),Paediatric Sub-specialties
questions/557a8974-8a82-5d37-87d2-e53fdfdf34ab.json,557a8974-8a82-5d37-87d2-e53fdfdf34ab,published,false,true,1,Answerable (exactly one correct option),Paediatric Sub-specialties
questions/55a78d05-bb59-4317-97d1-9a3a89fb06ea.json,55a78d05-bb59-4317-97d1-9a3a89fb06ea,published,false,true,1,Answerable (exactly one correct option),Unclassified
questions/55b5044a-6757-49c1-a7fc-92406e11a48a.json,55b5044a-6757-49c1-a7fc-92406e11a48a,published,true,true,1,Answerable (exactly one correct option),Community-based Paediatrics
questions/55c386b9-4cb7-5871-8cd9-d88c4802625b.json,55c386b9-4cb7-5871-8cd9-d88c4802625b,published,false,true,1,Answerable (exactly one correct option),Community-based Paediatrics
questions/55cbabef-f585-4112-98c9-ce5f12e6f5ca.json,55cbabef-f585-4112-98c9-ce5f12e6f5ca,published,true,true,1,Answerable (exactly one correct option),Emergency Paediatrics
questions/560b6da7-64bf-4a20-a50e-4a116c07a6a3.json,560b6da7-64bf-4a20-a50e-4a116c07a6a3,published,true,true,1,Answerable (exactly one correct option),General Paediatrics
questions/5633d7ec-6db4-4183-98af-b366585c4bc2.json,5633d7ec-6db4-4183-98af-b366585c4bc2,published,false,true,1,Answerable (exactly one correct option),General Paediatrics
questions/56390188-605e-5dea-aa7e-fc7f8e805810.json,56390188-605e-5dea-aa7e-fc7f8e805810,published,false,true,1,Answerable (exactly one correct option),General Paediatrics
questions/5644411e-044d-4bb2-ab9b-d93b05b167c5.json,5644411e-044d-4bb2-ab9b-d93b05b167c5,published,false,true,1,Answerable (exactly one correct option),Unclassified
questions/565a38af-f959-5a3b-a6d4-76bc9afbb045.json,565a38af-f959-5a3b-a6d4-76bc9afbb045,published,false,true,1,Answerable (exactly one correct option),Paediatric Sub-specialties
questions/568a8902-86d7-49f7-b7fd-f7d806223f7e.json,568a8902-86d7-49f7-b7fd-f7d806223f7e,published,true,true,1,Answerable (exactly one correct option),Paediatric Surgery
questions/56a74330-c24e-593e-b474-c1a37b5382dc.json,56a74330-c24e-593e-b474-c1a37b5382dc,published,false,true,1,Answerable (exactly one correct option),Paediatric Sub-specialties
questions/56a87af2-bec0-432d-925c-6b752dd77dc3.json,56a87af2-bec0-432d-925c-6b752dd77dc3,published,true,true,1,Answerable (exactly one correct option),Paediatric Surgery
questions/56cf4635-23d0-4afc-a755-ce437bbcc160.json,56cf4635-23d0-4afc-a755-ce437bbcc160,published,true,true,1,Answerable (exactly one correct option),Paediatric Surgery
questions/571009dd-e4fd-55b6-8d13-b51d7f397450.json,571009dd-e4fd-55b6-8d13-b51d7f397450,published,false,true,1,Answerable (exactly one correct option),Emergency Paediatrics
questions/5720e9a8-8db0-4c51-a250-67256279b750.json,5720e9a8-8db0-4c51-a250-67256279b750,published,true,true,1,Answerable (exactly one correct option),Emergency Paediatrics
questions/5744cbed-b811-5034-b419-a6e94e5fe071.json,5744cbed-b811-5034-b419-a6e94e5fe071,published,false,true,1,Answerable (exactly one correct option),Emergency Paediatrics
questions/575cfc80-ce05-4901-ac7b-e09df1b4cd8a.json,575cfc80-ce05-4901-ac7b-e09df1b4cd8a,published,false,true,1,Answerable (exactly one correct option),Community-based Paediatrics
questions/576309a6-32a7-4f9d-ad8f-c27768c51b2b.json,576309a6-32a7-4f9d-ad8f-c27768c51b2b,published,true,true,1,Answerable (exactly one correct option),Community-based Paediatrics
questions/57649424-66f8-5dc7-8d21-7afc9c17e268.json,57649424-66f8-5dc7-8d21-7afc9c17e268,published,false,true,1,Answerable (exactly one correct option),Paediatric Surgery
questions/57985304-76c1-5a16-9c81-c3a90afb5761.json,57985304-76c1-5a16-9c81-c3a90afb5761,published,false,true,1,Answerable (exactly one correct option),Paediatric Surgery
questions/57a0dde8-d941-44cb-9eb8-8c5136bc5042.json,57a0dde8-d941-44cb-9eb8-8c5136bc5042,published,false,true,1,Answerable (exactly one correct option),General Paediatrics
questions/57a76eb9-e13e-4e7e-a087-c9a40e4ac489.json,57a76eb9-e13e-4e7e-a087-c9a40e4ac489,published,true,true,1,Answerable (exactly one correct option),Emergency Paediatrics
questions/57b00aa9-2d85-5c00-bd27-09caf1eb204f.json,57b00aa9-2d85-5c00-bd27-09caf1eb204f,published,false,true,1,Answerable (exactly one correct option),Paediatric Sub-specialties
questions/57baa579-b982-4978-892c-eb3c3d68a47e.json,57baa579-b982-4978-892c-eb3c3d68a47e,published,true,true,1,Answerable (exactly one correct option),Paediatric Surgery
questions/57be6382-4dca-4316-8ab7-bb5a8a71200a.json,57be6382-4dca-4316-8ab7-bb5a8a71200a,published,true,true,1,Answerable (exactly one correct option),Adolescent Medicine
questions/57f90a5f-2a2f-4960-855b-4cadc95704f0.json,57f90a5f-2a2f-4960-855b-4cadc95704f0,published,true,true,1,Answerable (exactly one correct option),Paediatric Surgery
questions/58073356-a9d1-5a86-abc0-74fcac3fa137.json,58073356-a9d1-5a86-abc0-74fcac3fa137,published,false,true,1,Answerable (exactly one correct option),Paediatric Surgery
questions/581cc71d-f1e1-53e6-921a-864b40a25458.json,581cc71d-f1e1-53e6-921a-864b40a25458,published,false,true,1,Answerable (exactly one correct option),Emergency Paediatrics
questions/582997d6-b2b8-4306-9395-28cff61f2fa5.json,582997d6-b2b8-4306-9395-28cff61f2fa5,published,true,true,1,Answerable (exactly one correct option),Emergency Paediatrics
questions/582e57d7-7c3c-49ce-ad71-b14f808b9610.json,582e57d7-7c3c-49ce-ad71-b14f808b9610,published,false,true,1,Answerable (exactly one correct option),General Paediatrics
questions/5846a945-4020-4082-9aea-8bf6c643bd43.json,5846a945-4020-4082-9aea-8bf6c643bd43,published,true,true,1,Answerable (exactly one correct option),Emergency Paediatrics
questions/585ec9f9-797b-40ba-aa69-15ca7895d214.json,585ec9f9-797b-40ba-aa69-15ca7895d214,published,true,true,1,Answerable (exactly one correct option),Emergency Paediatrics
questions/5867cb31-7e25-4431-bf11-cfe15a8f404f.json,5867cb31-7e25-4431-bf11-cfe15a8f404f,published,true,true,1,Answerable (exactly one correct option),Paediatric Surgery
questions/587907be-3d48-45fe-acd6-db4c37949c88.json,587907be-3d48-45fe-acd6-db4c37949c88,published,true,true,1,Answerable (exactly one correct option),Paediatric Surgery
questions/58ad4065-ee2f-5ad7-adce-decb143f5f22.json,58ad4065-ee2f-5ad7-adce-decb143f5f22,published,false,true,1,Answerable (exactly one correct option),General Paediatrics
questions/58b15e43-e314-4eb4-ab4b-c3c2fb5ba180.json,58b15e43-e314-4eb4-ab4b-c3c2fb5ba180,published,false,true,1,Answerable (exactly one correct option),Paediatric Sub-specialties
questions/58b49564-a826-479b-b588-68a6fc9f19dd.json,58b49564-a826-479b-b588-68a6fc9f19dd,published,true,true,1,Answerable (exactly one correct option),Emergency Paediatrics
questions/58cd96ef-2092-558e-919e-84e338dca498.json,58cd96ef-2092-558e-919e-84e338dca498,published,false,true,1,Answerable (exactly one correct option),Paediatric Sub-specialties
questions/58fd46e0-31fc-462a-ba48-a3e0937e159d.json,58fd46e0-31fc-462a-ba48-a3e0937e159d,published,false,true,1,Answerable (exactly one correct option),Paediatric Sub-specialties
questions/58ffd11b-81ad-5243-be32-6bb7f0cede50.json,58ffd11b-81ad-5243-be32-6bb7f0cede50,published,false,true,1,Answerable (exactly one correct option),Community-based Paediatrics
questions/591c0b29-f9e4-4cf7-a6a1-2985bddea5e3.json,591c0b29-f9e4-4cf7-a6a1-2985bddea5e3,published,true,true,1,Answerable (exactly one correct option),Adolescent Medicine
questions/591c29d6-7ba9-518a-a78a-6fde9106af43.json,591c29d6-7ba9-518a-a78a-6fde9106af43,published,false,true,1,Answerable (exactly one correct option),General Paediatrics
questions/593aa28c-7e29-53b7-b022-c6a6b05b2c5a.json,593aa28c-7e29-53b7-b022-c6a6b05b2c5a,published,false,true,1,Answerable (exactly one correct option),Paediatric Surgery
questions/594192c4-a109-451a-a008-4d2c7d40201a.json,594192c4-a109-451a-a008-4d2c7d40201a,published,true,true,1,Answerable (exactly one correct option),Emergency Paediatrics
questions/594b2485-e1a1-4090-ae73-a7af269613f9.json,594b2485-e1a1-4090-ae73-a7af269613f9,published,false,true,1,Answerable (exactly one correct option),General Paediatrics
questions/5967a17c-2b10-4103-a310-21515a470666.json,5967a17c-2b10-4103-a310-21515a470666,published,true,true,1,Answerable (exactly one correct option),Emergency Paediatrics
questions/5991c1c1-68fb-4de1-a201-903297e81934.json,5991c1c1-68fb-4de1-a201-903297e81934,published,false,true,1,Answerable (exactly one correct option),Paediatric Sub-specialties
questions/599ea106-b102-40d7-90a6-15b1334d1909.json,599ea106-b102-40d7-90a6-15b1334d1909,published,true,true,1,Answerable (exactly one correct option),General Paediatrics
questions/59a9a3f9-13c3-4636-8654-fb8f9df3e4d5.json,59a9a3f9-13c3-4636-8654-fb8f9df3e4d5,published,false,true,1,Answerable (exactly one correct option),Adolescent Medicine
questions/59f4b11f-9a4c-4f1c-beb1-cce0a5c8df77.json,59f4b11f-9a4c-4f1c-beb1-cce0a5c8df77,published,false,true,1,Answerable (exactly one correct option),Paediatric Surgery
questions/5a0f72b2-f422-43fc-a5a4-ef1c049e0d74.json,5a0f72b2-f422-43fc-a5a4-ef1c049e0d74,published,false,true,1,Answerable (exactly one correct option),Paediatric Surgery
questions/5a37bd8d-89cf-43f6-bb26-63c41b27e821.json,5a37bd8d-89cf-43f6-bb26-63c41b27e821,published,false,true,1,Answerable (exactly one correct option),Paediatric Sub-specialties
questions/5a3e3525-2793-45c4-9cd2-ef7979b6646a.json,5a3e3525-2793-45c4-9cd2-ef7979b6646a,published,false,true,1,Answerable (exactly one correct option),Emergency Paediatrics
questions/5a524bfe-d380-50b7-b370-1effb0cf4228.json,5a524bfe-d380-50b7-b370-1effb0cf4228,published,false,true,1,Answerable (exactly one correct option),Emergency Paediatrics
questions/5aacb4d9-f110-57bb-81ae-42756ade71c1.json,5aacb4d9-f110-57bb-81ae-42756ade71c1,published,false,true,1,Answerable (exactly one correct option),Paediatric Sub-specialties
questions/5ac2a5a9-75fe-4a28-a170-6a91d4aec85b.json,5ac2a5a9-75fe-4a28-a170-6a91d4aec85b,published,false,true,1,Answerable (exactly one correct option),Unclassified
questions/5ad969e7-15b9-53de-82e4-ba3842d0dbac.json,5ad969e7-15b9-53de-82e4-ba3842d0dbac,published,false,true,1,Answerable (exactly one correct option),Paediatric Surgery
questions/5af22090-e12f-4ccd-9c28-008f9219dcd5.json,5af22090-e12f-4ccd-9c28-008f9219dcd5,published,true,true,1,Answerable (exactly one correct option),Paediatric Surgery
questions/5af33a8b-59dd-43e8-9609-be4b679cb6eb.json,5af33a8b-59dd-43e8-9609-be4b679cb6eb,published,true,true,1,Answerable (exactly one correct option),Paediatric Sub-specialties
questions/5af48208-6800-4aac-a3e3-e87bd0501184.json,5af48208-6800-4aac-a3e3-e87bd0501184,published,true,true,1,Answerable (exactly one correct option),Paediatric Surgery
questions/5b1527d7-147e-48f5-9efb-a81512a15145.json,5b1527d7-147e-48f5-9efb-a81512a15145,published,true,true,1,Answerable (exactly one correct option),Paediatric Surgery
questions/5b216803-11b5-4174-8f26-6fc0d1facb46.json,5b216803-11b5-4174-8f26-6fc0d1facb46,published,true,true,1,Answerable (exactly one correct option),Emergency Paediatrics
questions/5b379d12-e1ad-4ea6-9bb5-864d46a6731b.json,5b379d12-e1ad-4ea6-9bb5-864d46a6731b,published,true,true,1,Answerable (exactly one correct option),Community-based Paediatrics
questions/5b69376a-a2e0-4cd2-9567-d942f6919ca0.json,5b69376a-a2e0-4cd2-9567-d942f6919ca0,published,true,true,1,Answerable (exactly one correct option),Paediatric Surgery
questions/5bc9a5f8-916c-4b80-b2b7-5275ef516798.json,5bc9a5f8-916c-4b80-b2b7-5275ef516798,published,false,true,1,Answerable (exactly one correct option),Paediatric Sub-specialties
questions/5bf0820a-5540-430e-8319-d93bdb8aa2b9.json,5bf0820a-5540-430e-8319-d93bdb8aa2b9,published,false,true,1,Answerable (exactly one correct option),Unclassified
questions/5c001ca8-7c57-5ef3-b554-dbe89ae09e0a.json,5c001ca8-7c57-5ef3-b554-dbe89ae09e0a,published,false,true,1,Answerable (exactly one correct option),Paediatric Sub-specialties
questions/5c14f25b-3d9e-5602-9680-951ff6baf2d0.json,5c14f25b-3d9e-5602-9680-951ff6baf2d0,published,false,true,1,Answerable (exactly one correct option),General Paediatrics
questions/5c1c2ac4-7b46-5674-ab35-3c3e8b5a4e08.json,5c1c2ac4-7b46-5674-ab35-3c3e8b5a4e08,published,false,true,1,Answerable (exactly one correct option),General Paediatrics
questions/5c2624af-b743-40f9-b1a4-268af469cfaf.json,5c2624af-b743-40f9-b1a4-268af469cfaf,published,true,true,1,Answerable (exactly one correct option),Community-based Paediatrics
questions/5c6e5d99-d23b-4e10-a1ba-41305184773f.json,5c6e5d99-d23b-4e10-a1ba-41305184773f,published,true,true,1,Answerable (exactly one correct option),Emergency Paediatrics
questions/5c84c396-cd71-4fe8-bf23-685312b6bf3a.json,5c84c396-cd71-4fe8-bf23-685312b6bf3a,published,true,true,1,Answerable (exactly one correct option),Adolescent Medicine
questions/5c8ad4cd-acf7-4a44-9512-d5867e7715b0.json,5c8ad4cd-acf7-4a44-9512-d5867e7715b0,published,true,true,1,Answerable (exactly one correct option),Emergency Paediatrics
questions/5c90eb7a-1d00-5119-8025-4ca5e50d2ba1.json,5c90eb7a-1d00-5119-8025-4ca5e50d2ba1,published,false,true,1,Answerable (exactly one correct option),Paediatric Surgery
questions/5c9bb4ff-8346-4a5d-a21d-fb64f2357068.json,5c9bb4ff-8346-4a5d-a21d-fb64f2357068,published,false,true,1,Answerable (exactly one correct option),Paediatric Sub-specialties
questions/5ca29586-8a0d-4ae5-b105-ffa88fe325e2.json,5ca29586-8a0d-4ae5-b105-ffa88fe325e2,published,true,true,1,Answerable (exactly one correct option),Adolescent Medicine
questions/5cad78a2-7bcc-4cff-a90f-c57f93b83eba.json,5cad78a2-7bcc-4cff-a90f-c57f93b83eba,published,false,true,1,Answerable (exactly one correct option),Paediatric Sub-specialties
questions/5cb8ceb6-d2d7-4afd-b49e-9f76ecb78151.json,5cb8ceb6-d2d7-4afd-b49e-9f76ecb78151,published,true,true,1,Answerable (exactly one correct option),Paediatric Surgery
questions/5cc17a9e-86c3-5c82-8edb-6f64af7acf6b.json,5cc17a9e-86c3-5c82-8edb-6f64af7acf6b,published,false,true,1,Answerable (exactly one correct option),Paediatric Sub-specialties
questions/5cc6febf-6d16-4ec2-8d11-6cc9e80949f0.json,5cc6febf-6d16-4ec2-8d11-6cc9e80949f0,published,true,true,1,Answerable (exactly one correct option),Paediatric Surgery
questions/5ccceea4-00af-5796-b826-c7202816f0fe.json,5ccceea4-00af-5796-b826-c7202816f0fe,published,false,true,1,Answerable (exactly one correct option),Paediatric Sub-specialties
questions/5cef463b-8178-523a-946b-662cd592cef0.json,5cef463b-8178-523a-946b-662cd592cef0,published,false,true,1,Answerable (exactly one correct option),Paediatric Surgery
questions/5d003fc2-1fb3-4524-8fbb-460cf98848bb.json,5d003fc2-1fb3-4524-8fbb-460cf98848bb,published,true,true,1,Answerable (exactly one correct option),General Paediatrics
questions/5d0b7f88-fd09-4ece-aa7e-51789f2e612e.json,5d0b7f88-fd09-4ece-aa7e-51789f2e612e,published,true,true,1,Answerable (exactly one correct option),Paediatric Surgery
questions/5d10ec18-c0cb-5d09-95f0-4a203de4fe89.json,5d10ec18-c0cb-5d09-95f0-4a203de4fe89,published,false,true,1,Answerable (exactly one correct option),Paediatric Surgery
questions/5d26a071-19c5-454d-ae68-af7b75b67657.json,5d26a071-19c5-454d-ae68-af7b75b67657,published,true,true,1,Answerable (exactly one correct option),Community-based Paediatrics
questions/5d2b264f-b1d4-473a-9327-69a81dab8ec8.json,5d2b264f-b1d4-473a-9327-69a81dab8ec8,published,true,true,1,Answerable (exactly one correct option),Paediatric Surgery
questions/5d53e1a1-8fd5-53b7-a3e7-22c6a434d89c.json,5d53e1a1-8fd5-53b7-a3e7-22c6a434d89c,published,false,true,1,Answerable (exactly one correct option),General Paediatrics
questions/5d6b9337-cc31-4717-85ba-e3b11d276c5f.json,5d6b9337-cc31-4717-85ba-e3b11d276c5f,published,true,true,1,Answerable (exactly one correct option),Emergency Paediatrics
questions/5d80eb20-8bf0-4548-9aa9-15487c0c2707.json,5d80eb20-8bf0-4548-9aa9-15487c0c2707,published,true,true,1,Answerable (exactly one correct option),Paediatric Sub-specialties
questions/5d845c01-9d71-5094-8c9b-8d5999e997e8.json,5d845c01-9d71-5094-8c9b-8d5999e997e8,published,false,true,1,Answerable (exactly one correct option),Emergency Paediatrics
questions/5d8a7a8a-b11c-42d1-9038-ab045fd715f8.json,5d8a7a8a-b11c-42d1-9038-ab045fd715f8,published,true,true,1,Answerable (exactly one correct option),Community-based Paediatrics
questions/5d8c52a3-910a-4269-989c-a618604f9775.json,5d8c52a3-910a-4269-989c-a618604f9775,published,true,true,1,Answerable (exactly one correct option),Emergency Paediatrics
questions/5d9b4df5-a56d-42bd-9469-10d3455d9669.json,5d9b4df5-a56d-42bd-9469-10d3455d9669,published,false,true,1,Answerable (exactly one correct option),Emergency Paediatrics
questions/5db1e08f-7b07-41d5-a9c9-1af2eb1bf8d9.json,5db1e08f-7b07-41d5-a9c9-1af2eb1bf8d9,published,true,true,1,Answerable (exactly one correct option),Adolescent Medicine
questions/5dc1cb04-e3c3-42f4-9e99-90d3f647d6bb.json,5dc1cb04-e3c3-42f4-9e99-90d3f647d6bb,published,true,true,1,Answerable (exactly one correct option),Emergency Paediatrics
questions/5dc99b3c-30d5-5bd5-be05-0d8e3a84d1b4.json,5dc99b3c-30d5-5bd5-be05-0d8e3a84d1b4,published,false,true,1,Answerable (exactly one correct option),Paediatric Sub-specialties
questions/5dd6185b-9e7d-4fcd-b8b6-804f6fcdd0bc.json,5dd6185b-9e7d-4fcd-b8b6-804f6fcdd0bc,published,true,true,1,Answerable (exactly one correct option),Paediatric Sub-specialties
questions/5de0138e-c7c0-5f0b-bb85-4287cc263cfe.json,5de0138e-c7c0-5f0b-bb85-4287cc263cfe,published,false,true,1,Answerable (exactly one correct option),General Paediatrics
questions/5de47587-7374-44be-86e2-8b6f6ab35546.json,5de47587-7374-44be-86e2-8b6f6ab35546,published,false,true,1,Answerable (exactly one correct option),Unclassified
questions/5de8f1e1-a6c9-4ed4-9ecc-5301d96bb40c.json,5de8f1e1-a6c9-4ed4-9ecc-5301d96bb40c,published,true,true,1,Answerable (exactly one correct option),Paediatric Sub-specialties
questions/5dfc1313-2784-436b-80b1-5d60da83e545.json,5dfc1313-2784-436b-80b1-5d60da83e545,published,false,true,1,Answerable (exactly one correct option),Adolescent Medicine
questions/5e02930f-631c-4961-84f5-5b1d16344463.json,5e02930f-631c-4961-84f5-5b1d16344463,published,true,true,1,Answerable (exactly one correct option),Paediatric Surgery
questions/5e0cd26c-1298-419f-b8b3-163079b619a3.json,5e0cd26c-1298-419f-b8b3-163079b619a3,published,false,true,1,Answerable (exactly one correct option),Paediatric Sub-specialties
questions/5e2e13aa-32f4-4c4a-b502-af116dee0f48.json,5e2e13aa-32f4-4c4a-b502-af116dee0f48,published,true,true,1,Answerable (exactly one correct option),Paediatric Surgery
questions/5e43f20c-ec69-45d1-a74b-507c053fcba6.json,5e43f20c-ec69-45d1-a74b-507c053fcba6,published,false,true,1,Answerable (exactly one correct option),Paediatric Sub-specialties
questions/5e4792a5-dd90-533a-a3e0-bc02e6a5181f.json,5e4792a5-dd90-533a-a3e0-bc02e6a5181f,published,false,true,1,Answerable (exactly one correct option),General Paediatrics
questions/5e531725-c64a-4733-8acb-3fd2e9489fc3.json,5e531725-c64a-4733-8acb-3fd2e9489fc3,published,true,true,1,Answerable (exactly one correct option),Paediatric Sub-specialties
questions/5e7151e5-57ae-4d9b-ba74-2fa33b6031aa.json,5e7151e5-57ae-4d9b-ba74-2fa33b6031aa,published,false,true,1,Answerable (exactly one correct option),General Paediatrics
questions/5e72cb75-9035-5dc2-af7f-aa2d486ad7fc.json,5e72cb75-9035-5dc2-af7f-aa2d486ad7fc,published,false,true,1,Answerable (exactly one correct option),Paediatric Surgery
questions/5e8a7676-d3cb-4266-b9ae-6920b32bc8a3.json,5e8a7676-d3cb-4266-b9ae-6920b32bc8a3,published,true,true,1,Answerable (exactly one correct option),Paediatric Sub-specialties
questions/5eb4c270-c3a0-444d-8970-b27a4fb44aa2.json,5eb4c270-c3a0-444d-8970-b27a4fb44aa2,published,false,true,1,Answerable (exactly one correct option),Unclassified
questions/5ed18917-2ce3-4427-8300-f3183e00078c.json,5ed18917-2ce3-4427-8300-f3183e00078c,published,true,true,1,Answerable (exactly one correct option),Emergency Paediatrics
questions/5efe2f1e-641f-562c-b249-37f0b5c674b6.json,5efe2f1e-641f-562c-b249-37f0b5c674b6,published,false,true,1,Answerable (exactly one correct option),Paediatric Sub-specialties
questions/5f35fe79-a077-537c-a4bd-e5ca78ca23c4.json,5f35fe79-a077-537c-a4bd-e5ca78ca23c4,published,false,true,1,Answerable (exactly one correct option),General Paediatrics
questions/5f37bd22-2667-4822-8887-16d6b73444ce.json,5f37bd22-2667-4822-8887-16d6b73444ce,published,true,true,1,Answerable (exactly one correct option),Emergency Paediatrics
questions/5f46c643-a9c5-4663-8dd7-f8ef934a01b2.json,5f46c643-a9c5-4663-8dd7-f8ef934a01b2,published,true,true,1,Answerable (exactly one correct option),General Paediatrics
questions/5f48a5e9-ccb0-410d-9c9b-5edf1b9b8358.json,5f48a5e9-ccb0-410d-9c9b-5edf1b9b8358,published,true,true,1,Answerable (exactly one correct option),Community-based Paediatrics
questions/5f68173d-f101-46af-88ac-24852867d2ff.json,5f68173d-f101-46af-88ac-24852867d2ff,published,false,true,1,Answerable (exactly one correct option),Unclassified
questions/5f87bcfb-fac7-5db8-a3ca-415edf1d785d.json,5f87bcfb-fac7-5db8-a3ca-415edf1d785d,published,false,true,1,Answerable (exactly one correct option),General Paediatrics
questions/5f89b4db-04ff-40d8-8638-232efb793b35.json,5f89b4db-04ff-40d8-8638-232efb793b35,published,false,true,1,Answerable (exactly one correct option),General Paediatrics
questions/5fa75037-0ed8-4e94-bd53-b357d28ea216.json,5fa75037-0ed8-4e94-bd53-b357d28ea216,published,true,true,1,Answerable (exactly one correct option),Paediatric Sub-specialties
questions/5fb3a9ce-0156-40ff-a9af-3e2fe187cc98.json,5fb3a9ce-0156-40ff-a9af-3e2fe187cc98,published,true,true,1,Answerable (exactly one correct option),Emergency Paediatrics
questions/5fc3ac14-1fe0-4a8c-a5ef-fd98e39d7dc0.json,5fc3ac14-1fe0-4a8c-a5ef-fd98e39d7dc0,published,false,true,1,Answerable (exactly one correct option),Adolescent Medicine
questions/5fe2cb44-b8dc-449a-ada6-c527f398310d.json,5fe2cb44-b8dc-449a-ada6-c527f398310d,published,true,true,1,Answerable (exactly one correct option),Paediatric Surgery
questions/5ff0ccfe-a498-5480-972f-7092e8db1ca3.json,5ff0ccfe-a498-5480-972f-7092e8db1ca3,published,false,true,1,Answerable (exactly one correct option),Emergency Paediatrics
questions/5ffe0f91-4a9b-570d-953d-d52189c76461.json,5ffe0f91-4a9b-570d-953d-d52189c76461,published,false,true,1,Answerable (exactly one correct option),Paediatric Surgery
questions/6007c78d-c503-4a2c-bca3-56b64e0ca900.json,6007c78d-c503-4a2c-bca3-56b64e0ca900,published,false,true,1,Answerable (exactly one correct option),General Paediatrics
questions/600f8b73-7e98-4da0-a15b-3d0b62ac6e2e.json,600f8b73-7e98-4da0-a15b-3d0b62ac6e2e,published,true,true,1,Answerable (exactly one correct option),Adolescent Medicine
questions/60146770-8ee8-476b-9714-2bfe826bd2e6.json,60146770-8ee8-476b-9714-2bfe826bd2e6,published,true,true,1,Answerable (exactly one correct option),Emergency Paediatrics
questions/603929f5-226a-4865-bb27-919bc209ff33.json,603929f5-226a-4865-bb27-919bc209ff33,published,true,true,1,Answerable (exactly one correct option),Emergency Paediatrics
questions/6075a2ea-874b-4dcd-a9a2-d8059df33725.json,6075a2ea-874b-4dcd-a9a2-d8059df33725,published,true,true,1,Answerable (exactly one correct option),Adolescent Medicine
questions/6077ae60-6cf3-410d-9316-23443f8d496d.json,6077ae60-6cf3-410d-9316-23443f8d496d,published,false,true,1,Answerable (exactly one correct option),Emergency Paediatrics
questions/6083027e-6652-557a-a867-4a1cc85f32dd.json,6083027e-6652-557a-a867-4a1cc85f32dd,published,false,true,1,Answerable (exactly one correct option),General Paediatrics
questions/6092b57b-f1c1-550e-bf6d-81ab3cbf7c7d.json,6092b57b-f1c1-550e-bf6d-81ab3cbf7c7d,published,false,true,1,Answerable (exactly one correct option),Paediatric Sub-specialties
questions/6096545f-4a5c-412b-acf3-da075ac61e57.json,6096545f-4a5c-412b-acf3-da075ac61e57,published,false,true,1,Answerable (exactly one correct option),Paediatric Sub-specialties
questions/609b8210-abcc-5d33-bdef-51bec9279aae.json,609b8210-abcc-5d33-bdef-51bec9279aae,published,false,true,1,Answerable (exactly one correct option),Paediatric Sub-specialties
questions/60a82a22-5008-5569-842f-923c298fd8d0.json,60a82a22-5008-5569-842f-923c298fd8d0,published,false,true,1,Answerable (exactly one correct option),Community-based Paediatrics
questions/60c43d6d-25fa-57e2-aafa-a0c967647a14.json,60c43d6d-25fa-57e2-aafa-a0c967647a14,published,false,true,1,Answerable (exactly one correct option),General Paediatrics
questions/60ec3cf9-9664-48b5-860d-7480aa0d5135.json,60ec3cf9-9664-48b5-860d-7480aa0d5135,published,false,true,1,Answerable (exactly one correct option),Adolescent Medicine
questions/610d1563-e0c2-43dd-8099-4434adb416a7.json,610d1563-e0c2-43dd-8099-4434adb416a7,published,false,true,1,Answerable (exactly one correct option),Paediatric Sub-specialties
questions/6134de73-666e-5c21-9e69-53856c2f047e.json,6134de73-666e-5c21-9e69-53856c2f047e,published,false,true,1,Answerable (exactly one correct option),Paediatric Sub-specialties
questions/6136d19c-f189-42bc-8a30-2c902c20758b.json,6136d19c-f189-42bc-8a30-2c902c20758b,published,false,true,1,Answerable (exactly one correct option),Paediatric Surgery
questions/614d1533-a4c6-426a-98b1-ebd8cd57205c.json,614d1533-a4c6-426a-98b1-ebd8cd57205c,published,true,true,1,Answerable (exactly one correct option),Adolescent Medicine
questions/61615bfc-766f-4097-b373-9722052abc6e.json,61615bfc-766f-4097-b373-9722052abc6e,published,true,true,1,Answerable (exactly one correct option),Paediatric Surgery
questions/6162d473-6534-491f-9fd0-29e67238dd59.json,6162d473-6534-491f-9fd0-29e67238dd59,published,false,true,1,Answerable (exactly one correct option),Community-based Paediatrics
questions/6182d257-8fb5-46f6-87cf-e6e62dff91ae.json,6182d257-8fb5-46f6-87cf-e6e62dff91ae,published,true,true,1,Answerable (exactly one correct option),Adolescent Medicine
questions/618920b1-d41b-4c31-ad7f-b2ccd40ee2d0.json,618920b1-d41b-4c31-ad7f-b2ccd40ee2d0,published,true,true,1,Answerable (exactly one correct option),Paediatric Sub-specialties
questions/618b692f-d90e-4e59-91d1-9cf5f00cc13a.json,618b692f-d90e-4e59-91d1-9cf5f00cc13a,published,true,true,1,Answerable (exactly one correct option),Community-based Paediatrics
questions/6198cb3a-a355-5e13-9650-96db6db97560.json,6198cb3a-a355-5e13-9650-96db6db97560,published,false,true,1,Answerable (exactly one correct option),Paediatric Sub-specialties
questions/61a272b8-c50c-4989-9bbe-9748553edd86.json,61a272b8-c50c-4989-9bbe-9748553edd86,published,false,true,1,Answerable (exactly one correct option),Unclassified
questions/61b0a56d-c953-4d30-a262-a342e7dfa812.json,61b0a56d-c953-4d30-a262-a342e7dfa812,published,true,true,1,Answerable (exactly one correct option),Paediatric Sub-specialties
questions/61cbe530-0d7d-57f8-88c3-0b15256bc7e2.json,61cbe530-0d7d-57f8-88c3-0b15256bc7e2,published,false,true,1,Answerable (exactly one correct option),Paediatric Surgery
questions/61dfe123-d2c3-42cd-b9e6-c9738310ad02.json,61dfe123-d2c3-42cd-b9e6-c9738310ad02,published,false,true,1,Answerable (exactly one correct option),Paediatric Sub-specialties
questions/620e3010-47b7-58e7-9367-2d1efa110dfb.json,620e3010-47b7-58e7-9367-2d1efa110dfb,published,false,true,1,Answerable (exactly one correct option),Paediatric Surgery
questions/6223b450-a2c4-52b2-8bbd-b76d4034b97c.json,6223b450-a2c4-52b2-8bbd-b76d4034b97c,published,false,true,1,Answerable (exactly one correct option),Paediatric Sub-specialties
questions/62373049-cc9a-407e-90d4-17282739bd58.json,62373049-cc9a-407e-90d4-17282739bd58,published,false,true,1,Answerable (exactly one correct option),Paediatric Sub-specialties
questions/6247a0d7-54ea-4bef-a276-4b80e7116d96.json,6247a0d7-54ea-4bef-a276-4b80e7116d96,published,false,true,1,Answerable (exactly one correct option),Paediatric Sub-specialties
questions/6248623c-c6df-4d08-9237-8a311c834330.json,6248623c-c6df-4d08-9237-8a311c834330,published,false,true,1,Answerable (exactly one correct option),Community-based Paediatrics
questions/6253cc75-e147-408b-9917-db088f13eeaf.json,6253cc75-e147-408b-9917-db088f13eeaf,published,false,true,1,Answerable (exactly one correct option),Unclassified
questions/627cb88b-f754-4150-83a5-a603523993ce.json,627cb88b-f754-4150-83a5-a603523993ce,published,false,true,1,Answerable (exactly one correct option),Paediatric Sub-specialties
questions/62b7d9a9-00f3-4e90-8c91-6790ce9dd11a.json,62b7d9a9-00f3-4e90-8c91-6790ce9dd11a,published,true,true,1,Answerable (exactly one correct option),Emergency Paediatrics
questions/62f1607d-7964-4390-93ec-2968164536d7.json,62f1607d-7964-4390-93ec-2968164536d7,published,true,true,1,Answerable (exactly one correct option),Paediatric Surgery
questions/6301c095-aa4d-42b1-9939-8add395065a2.json,6301c095-aa4d-42b1-9939-8add395065a2,published,true,true,1,Answerable (exactly one correct option),Paediatric Sub-specialties
questions/6305315c-7669-4015-9e6f-38cf93496bb3.json,6305315c-7669-4015-9e6f-38cf93496bb3,published,true,true,1,Answerable (exactly one correct option),Adolescent Medicine
questions/631c8bdf-3b7d-4419-8bd5-9bf66dad4fcb.json,631c8bdf-3b7d-4419-8bd5-9bf66dad4fcb,published,false,true,1,Answerable (exactly one correct option),Paediatric Sub-specialties
questions/6370e6cf-beb3-46a4-836f-cd01f86a1ce2.json,6370e6cf-beb3-46a4-836f-cd01f86a1ce2,published,false,true,1,Answerable (exactly one correct option),Unclassified
questions/63980c25-0903-5415-9637-1ff8548942c1.json,63980c25-0903-5415-9637-1ff8548942c1,published,false,true,1,Answerable (exactly one correct option),Paediatric Sub-specialties
questions/639d48b0-37d3-4a0a-b23d-2a33491e9836.json,639d48b0-37d3-4a0a-b23d-2a33491e9836,published,true,true,1,Answerable (exactly one correct option),Paediatric Surgery
questions/63abb2c3-6781-4f90-ac69-c9d870907037.json,63abb2c3-6781-4f90-ac69-c9d870907037,published,false,true,1,Answerable (exactly one correct option),Community-based Paediatrics
questions/63ba6cc7-2133-503d-b73c-aee3053a0944.json,63ba6cc7-2133-503d-b73c-aee3053a0944,published,false,true,1,Answerable (exactly one correct option),Adolescent Medicine
questions/63d61411-747b-4be8-9a6a-2198a37452eb.json,63d61411-747b-4be8-9a6a-2198a37452eb,published,true,true,1,Answerable (exactly one correct option),Paediatric Surgery
questions/63e986a4-e959-4d3b-9094-7c940da06fa5.json,63e986a4-e959-4d3b-9094-7c940da06fa5,published,false,true,1,Answerable (exactly one correct option),Paediatric Sub-specialties
questions/63f17626-3a86-4d12-9c85-61e645170c19.json,63f17626-3a86-4d12-9c85-61e645170c19,published,false,true,1,Answerable (exactly one correct option),Paediatric Sub-specialties
questions/6400f38b-a910-4f22-9fdc-b6176896b675.json,6400f38b-a910-4f22-9fdc-b6176896b675,published,true,true,1,Answerable (exactly one correct option),Community-based Paediatrics
questions/6434300b-942e-5aea-a7fe-8abaf5f811cb.json,6434300b-942e-5aea-a7fe-8abaf5f811cb,published,false,true,1,Answerable (exactly one correct option),Paediatric Sub-specialties
questions/644ed04c-54f7-49bb-bc09-f219c59b62c1.json,644ed04c-54f7-49bb-bc09-f219c59b62c1,published,false,true,1,Answerable (exactly one correct option),Community-based Paediatrics
questions/64820f4c-67cd-4cbc-bb0d-c70e6523836f.json,64820f4c-67cd-4cbc-bb0d-c70e6523836f,published,true,true,1,Answerable (exactly one correct option),General Paediatrics
questions/649e0b68-4025-5916-b3da-a54ca8cc73d5.json,649e0b68-4025-5916-b3da-a54ca8cc73d5,published,false,true,1,Answerable (exactly one correct option),Adolescent Medicine
questions/64a38916-ad46-5980-bbb4-ba6874ea5a92.json,64a38916-ad46-5980-bbb4-ba6874ea5a92,published,false,true,1,Answerable (exactly one correct option),General Paediatrics
questions/64bb44dd-6d89-54fe-901a-80973e4ff118.json,64bb44dd-6d89-54fe-901a-80973e4ff118,published,false,true,1,Answerable (exactly one correct option),Paediatric Surgery
questions/64c8d0e7-5ba0-5c6d-ad2c-aefe896d7c5b.json,64c8d0e7-5ba0-5c6d-ad2c-aefe896d7c5b,published,false,true,1,Answerable (exactly one correct option),Emergency Paediatrics
questions/64d80dbf-41af-40b3-be96-3e250b59f8b3.json,64d80dbf-41af-40b3-be96-3e250b59f8b3,published,true,true,1,Answerable (exactly one correct option),Adolescent Medicine
questions/64f1f2cf-2ace-4915-869b-0bbbe9b70ee2.json,64f1f2cf-2ace-4915-869b-0bbbe9b70ee2,published,false,true,1,Answerable (exactly one correct option),Paediatric Surgery
questions/65595384-0bff-439a-a491-2c3f4406a471.json,65595384-0bff-439a-a491-2c3f4406a471,published,true,true,1,Answerable (exactly one correct option),Community-based Paediatrics
questions/658886f7-edd8-5b55-9db6-350c4f6fb420.json,658886f7-edd8-5b55-9db6-350c4f6fb420,published,false,true,1,Answerable (exactly one correct option),Emergency Paediatrics
questions/6594932b-222e-4b6f-ac70-ae8692affd3f.json,6594932b-222e-4b6f-ac70-ae8692affd3f,published,true,true,1,Answerable (exactly one correct option),Emergency Paediatrics
questions/65aa1cf2-ccb3-517e-b154-59b302e3a413.json,65aa1cf2-ccb3-517e-b154-59b302e3a413,published,false,true,1,Answerable (exactly one correct option),General Paediatrics
questions/65bc1842-a7d1-53f2-810d-5e0eb0e13a0b.json,65bc1842-a7d1-53f2-810d-5e0eb0e13a0b,published,false,true,1,Answerable (exactly one correct option),Paediatric Surgery
questions/65d8703a-3a28-45a1-8dde-e28eb0b1f24f.json,65d8703a-3a28-45a1-8dde-e28eb0b1f24f,published,true,true,1,Answerable (exactly one correct option),Paediatric Surgery
questions/65f678da-a863-473e-8a40-b6610b3d9ce0.json,65f678da-a863-473e-8a40-b6610b3d9ce0,published,false,true,1,Answerable (exactly one correct option),General Paediatrics
questions/65fbae0b-583b-403e-810c-06a34be51016.json,65fbae0b-583b-403e-810c-06a34be51016,published,true,true,1,Answerable (exactly one correct option),General Paediatrics
questions/66020551-5f73-45e8-a5ea-3b90ccaa1d02.json,66020551-5f73-45e8-a5ea-3b90ccaa1d02,published,true,true,1,Answerable (exactly one correct option),Paediatric Surgery
questions/66090801-2df2-4233-a808-d5535c83ada1.json,66090801-2df2-4233-a808-d5535c83ada1,published,false,true,1,Answerable (exactly one correct option),Adolescent Medicine
questions/661910c3-81a8-52c0-8c44-95ac1f6bda6f.json,661910c3-81a8-52c0-8c44-95ac1f6bda6f,published,false,true,1,Answerable (exactly one correct option),Emergency Paediatrics
questions/661ff02f-2d88-4b6d-8a54-4500e811a8da.json,661ff02f-2d88-4b6d-8a54-4500e811a8da,published,true,true,1,Answerable (exactly one correct option),Paediatric Surgery
questions/66205c95-4518-5298-a053-d6e9c3e6a2e7.json,66205c95-4518-5298-a053-d6e9c3e6a2e7,published,false,true,1,Answerable (exactly one correct option),Paediatric Surgery
questions/6625a064-dccb-4fd6-9b4c-c6a4d115c828.json,6625a064-dccb-4fd6-9b4c-c6a4d115c828,published,true,true,1,Answerable (exactly one correct option),Adolescent Medicine
questions/6638ea88-b819-53f3-9346-764bc52df2a1.json,6638ea88-b819-53f3-9346-764bc52df2a1,published,false,true,1,Answerable (exactly one correct option),Emergency Paediatrics
questions/66546473-678c-4216-a64f-cc7493fbd5af.json,66546473-678c-4216-a64f-cc7493fbd5af,published,false,true,1,Answerable (exactly one correct option),Unclassified
questions/6658111d-e7d0-548b-8ae3-256402f218e7.json,6658111d-e7d0-548b-8ae3-256402f218e7,published,false,true,1,Answerable (exactly one correct option),Adolescent Medicine
questions/665a0c42-703d-4045-a5bb-5cc2ff2cc9d4.json,665a0c42-703d-4045-a5bb-5cc2ff2cc9d4,published,true,true,1,Answerable (exactly one correct option),Paediatric Sub-specialties
questions/667f538c-7194-5a99-bb6a-bec2dd99054f.json,667f538c-7194-5a99-bb6a-bec2dd99054f,published,false,true,1,Answerable (exactly one correct option),Paediatric Sub-specialties
questions/6692cf35-bf8e-4a00-867a-fbf9baab1690.json,6692cf35-bf8e-4a00-867a-fbf9baab1690,published,false,true,1,Answerable (exactly one correct option),Paediatric Sub-specialties
questions/66983d28-8a8c-408b-8d97-a48b9ebdbbaa.json,66983d28-8a8c-408b-8d97-a48b9ebdbbaa,published,true,true,1,Answerable (exactly one correct option),Paediatric Sub-specialties
questions/66afacbd-3a40-4bbf-a50f-35df845e040e.json,66afacbd-3a40-4bbf-a50f-35df845e040e,published,false,true,1,Answerable (exactly one correct option),Paediatric Sub-specialties
questions/66e118d3-8bca-599f-8219-be24857913c3.json,66e118d3-8bca-599f-8219-be24857913c3,published,false,true,1,Answerable (exactly one correct option),General Paediatrics
questions/66e9a1b5-0424-43ea-8afe-b2ce74a4ab38.json,66e9a1b5-0424-43ea-8afe-b2ce74a4ab38,published,false,true,1,Answerable (exactly one correct option),Paediatric Sub-specialties
questions/66ed6931-c924-53aa-8cad-1c540ba4a00c.json,66ed6931-c924-53aa-8cad-1c540ba4a00c,published,false,true,1,Answerable (exactly one correct option),Emergency Paediatrics
questions/6730cb23-b6ca-43ab-bf31-4caee8291134.json,6730cb23-b6ca-43ab-bf31-4caee8291134,published,false,true,1,Answerable (exactly one correct option),Community-based Paediatrics
questions/673eafaa-a08f-4f53-bf06-7c12b62a255b.json,673eafaa-a08f-4f53-bf06-7c12b62a255b,published,true,true,1,Answerable (exactly one correct option),Adolescent Medicine
questions/674a8b73-1f22-40b6-9fc1-f1388500621a.json,674a8b73-1f22-40b6-9fc1-f1388500621a,published,true,true,1,Answerable (exactly one correct option),Community-based Paediatrics
questions/6776b19c-d78c-5f72-9546-05a9a18ff97c.json,6776b19c-d78c-5f72-9546-05a9a18ff97c,published,false,true,1,Answerable (exactly one correct option),Paediatric Sub-specialties
questions/677c10bf-bb5d-44e8-b1f8-984a9ff35c14.json,677c10bf-bb5d-44e8-b1f8-984a9ff35c14,published,true,true,1,Answerable (exactly one correct option),General Paediatrics
questions/6796f1e4-cf54-4f23-8e08-a5214fa4d063.json,6796f1e4-cf54-4f23-8e08-a5214fa4d063,published,true,true,1,Answerable (exactly one correct option),Community-based Paediatrics
questions/679b883c-c08a-4da5-b0a6-b25443334fdb.json,679b883c-c08a-4da5-b0a6-b25443334fdb,published,true,true,1,Answerable (exactly one correct option),Adolescent Medicine
questions/67be093b-e636-49cf-ae0c-f1488329fec7.json,67be093b-e636-49cf-ae0c-f1488329fec7,published,false,true,1,Answerable (exactly one correct option),Adolescent Medicine
questions/67c489dc-9006-475d-b4d2-177cfd85ab90.json,67c489dc-9006-475d-b4d2-177cfd85ab90,published,true,true,1,Answerable (exactly one correct option),Adolescent Medicine
questions/67c5a124-b521-425d-a56f-875061cab857.json,67c5a124-b521-425d-a56f-875061cab857,published,true,true,1,Answerable (exactly one correct option),Adolescent Medicine
questions/67ce6343-c0c9-5b87-a3ab-aef73aabdfbf.json,67ce6343-c0c9-5b87-a3ab-aef73aabdfbf,published,false,true,1,Answerable (exactly one correct option),Paediatric Surgery
questions/67cfda8f-4b3f-4cd6-bd00-9f4e47215395.json,67cfda8f-4b3f-4cd6-bd00-9f4e47215395,published,true,true,1,Answerable (exactly one correct option),General Paediatrics
questions/67e17c59-1430-4db1-bd07-9935fd811a5b.json,67e17c59-1430-4db1-bd07-9935fd811a5b,published,true,true,1,Answerable (exactly one correct option),General Paediatrics
questions/67e5a5e9-cdef-46e3-91a1-39694b4b3858.json,67e5a5e9-cdef-46e3-91a1-39694b4b3858,published,true,true,1,Answerable (exactly one correct option),Paediatric Sub-specialties
questions/67fb18ec-106f-4374-bdfb-fc7ef790f7ab.json,67fb18ec-106f-4374-bdfb-fc7ef790f7ab,published,false,true,1,Answerable (exactly one correct option),Community-based Paediatrics
questions/681505dd-2763-5cc9-80c7-3f49bf68e19c.json,681505dd-2763-5cc9-80c7-3f49bf68e19c,published,false,true,1,Answerable (exactly one correct option),Community-based Paediatrics
questions/683c8cf4-f50f-515e-b465-11afa1ba9e7a.json,683c8cf4-f50f-515e-b465-11afa1ba9e7a,published,false,true,1,Answerable (exactly one correct option),Emergency Paediatrics
questions/6842a16c-603c-5a64-ac48-07e25947e889.json,6842a16c-603c-5a64-ac48-07e25947e889,published,false,true,1,Answerable (exactly one correct option),Paediatric Sub-specialties
questions/684f560a-d634-431f-aef1-c6f1cc34ae47.json,684f560a-d634-431f-aef1-c6f1cc34ae47,published,false,true,1,Answerable (exactly one correct option),Emergency Paediatrics
questions/6879ec17-302a-591a-9470-21159671d775.json,6879ec17-302a-591a-9470-21159671d775,published,false,true,1,Answerable (exactly one correct option),Paediatric Sub-specialties
questions/687bde9e-74f4-4dba-b1c0-050352c33586.json,687bde9e-74f4-4dba-b1c0-050352c33586,published,false,true,1,Answerable (exactly one correct option),General Paediatrics
questions/687d1c68-879d-5b4e-85c5-6dadb679aa04.json,687d1c68-879d-5b4e-85c5-6dadb679aa04,published,false,true,1,Answerable (exactly one correct option),Paediatric Surgery
questions/688e53ca-2b3f-4899-9147-0fa5589896c7.json,688e53ca-2b3f-4899-9147-0fa5589896c7,published,true,true,1,Answerable (exactly one correct option),Adolescent Medicine
questions/68a1c94c-e5b0-44b4-88bf-007cb9d9724d.json,68a1c94c-e5b0-44b4-88bf-007cb9d9724d,published,true,true,1,Answerable (exactly one correct option),Paediatric Surgery
questions/68b486e1-caec-4ca5-842e-5822406e9718.json,68b486e1-caec-4ca5-842e-5822406e9718,published,false,true,1,Answerable (exactly one correct option),Community-based Paediatrics
questions/68d5cf8f-1d64-4d99-bbb9-084287e446d7.json,68d5cf8f-1d64-4d99-bbb9-084287e446d7,published,false,true,1,Answerable (exactly one correct option),Emergency Paediatrics
questions/68d68a5e-0e86-47b5-be50-69ffff43b45e.json,68d68a5e-0e86-47b5-be50-69ffff43b45e,published,true,true,1,Answerable (exactly one correct option),Community-based Paediatrics
questions/68de76af-1068-423d-be9f-6b277e32bb57.json,68de76af-1068-423d-be9f-6b277e32bb57,published,false,true,1,Answerable (exactly one correct option),Paediatric Sub-specialties
questions/68ea5241-83d6-48c8-a2c3-94cb017a3a8b.json,68ea5241-83d6-48c8-a2c3-94cb017a3a8b,published,true,true,1,Answerable (exactly one correct option),Paediatric Sub-specialties
questions/68fe524b-c6ee-49ab-892a-03b4c9dcb1fa.json,68fe524b-c6ee-49ab-892a-03b4c9dcb1fa,published,false,true,1,Answerable (exactly one correct option),Emergency Paediatrics
questions/6909e5fa-c3dc-5f1b-b8d4-6c7a361eac2d.json,6909e5fa-c3dc-5f1b-b8d4-6c7a361eac2d,published,false,true,1,Answerable (exactly one correct option),Paediatric Sub-specialties
questions/692b8c16-02d5-453e-a653-3b6aa00d8ffb.json,692b8c16-02d5-453e-a653-3b6aa00d8ffb,published,true,true,1,Answerable (exactly one correct option),Paediatric Sub-specialties
questions/69673980-62c4-4c7e-9357-7f494e3ce541.json,69673980-62c4-4c7e-9357-7f494e3ce541,published,true,true,1,Answerable (exactly one correct option),Emergency Paediatrics
questions/697f0541-0cd7-4a18-88f7-48856ea44254.json,697f0541-0cd7-4a18-88f7-48856ea44254,published,true,true,1,Answerable (exactly one correct option),Community-based Paediatrics
questions/69aa514b-8450-4ce2-8976-7e677c80d8d9.json,69aa514b-8450-4ce2-8976-7e677c80d8d9,published,true,true,1,Answerable (exactly one correct option),Paediatric Sub-specialties
questions/69c58260-2048-4d24-8d40-1ee5aec6abdd.json,69c58260-2048-4d24-8d40-1ee5aec6abdd,published,true,true,1,Answerable (exactly one correct option),Paediatric Surgery
questions/69d69a86-0b33-5f99-b5e8-eb4305dd4969.json,69d69a86-0b33-5f99-b5e8-eb4305dd4969,published,false,true,1,Answerable (exactly one correct option),General Paediatrics
questions/69f399fe-733b-4c1f-9a46-22a4f9006e20.json,69f399fe-733b-4c1f-9a46-22a4f9006e20,published,false,true,1,Answerable (exactly one correct option),Paediatric Sub-specialties
questions/69fbdf6f-dbe5-4463-a34e-93625ffc597d.json,69fbdf6f-dbe5-4463-a34e-93625ffc597d,published,true,true,1,Answerable (exactly one correct option),Adolescent Medicine
questions/6a18e1b6-1b7a-54e1-8d66-b7737bae573b.json,6a18e1b6-1b7a-54e1-8d66-b7737bae573b,published,false,true,1,Answerable (exactly one correct option),Community-based Paediatrics
questions/6a30b3b9-c01d-5706-b197-497f6acc659a.json,6a30b3b9-c01d-5706-b197-497f6acc659a,published,false,true,1,Answerable (exactly one correct option),General Paediatrics
questions/6a43dfb4-3fe0-5426-977f-fa1283a9cae8.json,6a43dfb4-3fe0-5426-977f-fa1283a9cae8,published,false,true,1,Answerable (exactly one correct option),Emergency Paediatrics
questions/6a46846c-f29c-5995-b62f-672c44108893.json,6a46846c-f29c-5995-b62f-672c44108893,published,false,true,1,Answerable (exactly one correct option),General Paediatrics
questions/6a51cd06-8a3a-4044-a625-ad8e864fa23a.json,6a51cd06-8a3a-4044-a625-ad8e864fa23a,published,true,true,1,Answerable (exactly one correct option),Paediatric Surgery
questions/6a51e037-ce70-4fa1-a103-cdc2dadb7552.json,6a51e037-ce70-4fa1-a103-cdc2dadb7552,published,true,true,1,Answerable (exactly one correct option),Emergency Paediatrics
questions/6a565adb-5940-4774-a9eb-f406aa30094b.json,6a565adb-5940-4774-a9eb-f406aa30094b,published,true,true,1,Answerable (exactly one correct option),Paediatric Surgery
questions/6a585b7e-5387-46c1-9dd6-07a5decde6bd.json,6a585b7e-5387-46c1-9dd6-07a5decde6bd,published,false,true,1,Answerable (exactly one correct option),Paediatric Sub-specialties
questions/6a5abaf6-4f56-5e6f-9fc8-e962787eb26d.json,6a5abaf6-4f56-5e6f-9fc8-e962787eb26d,published,false,true,1,Answerable (exactly one correct option),Paediatric Surgery
questions/6a7b0e6b-b23e-42fa-b34e-f10362872a70.json,6a7b0e6b-b23e-42fa-b34e-f10362872a70,published,true,true,1,Answerable (exactly one correct option),General Paediatrics
questions/6a80f5f4-68c6-420e-aed2-722e7ad2607d.json,6a80f5f4-68c6-420e-aed2-722e7ad2607d,published,true,true,1,Answerable (exactly one correct option),Adolescent Medicine
questions/6a8f815d-e1cc-4e24-9b01-475e4f59d18d.json,6a8f815d-e1cc-4e24-9b01-475e4f59d18d,published,false,true,1,Answerable (exactly one correct option),Adolescent Medicine
questions/6aab9619-7afb-416b-b138-6b5158ae2ddd.json,6aab9619-7afb-416b-b138-6b5158ae2ddd,published,false,true,1,Answerable (exactly one correct option),Paediatric Sub-specialties
questions/6aacfa80-2297-5ff9-80e6-39de9f5ad852.json,6aacfa80-2297-5ff9-80e6-39de9f5ad852,published,false,true,1,Answerable (exactly one correct option),Emergency Paediatrics
questions/6ad647fe-a952-5974-a9c4-1c8eb5cea2c5.json,6ad647fe-a952-5974-a9c4-1c8eb5cea2c5,published,false,true,1,Answerable (exactly one correct option),Paediatric Surgery
questions/6ae22339-9c80-4431-af49-745235a0fbe0.json,6ae22339-9c80-4431-af49-745235a0fbe0,published,false,true,1,Answerable (exactly one correct option),Unclassified
questions/6af84649-8e8c-4c94-9a1c-cde413d0be9e.json,6af84649-8e8c-4c94-9a1c-cde413d0be9e,published,true,true,1,Answerable (exactly one correct option),Adolescent Medicine
questions/6afef2d6-c969-4f9d-9291-04a7ff5d7223.json,6afef2d6-c969-4f9d-9291-04a7ff5d7223,published,true,true,1,Answerable (exactly one correct option),Paediatric Surgery
questions/6b1e0e21-e4a1-448b-8642-d717c404f860.json,6b1e0e21-e4a1-448b-8642-d717c404f860,published,false,true,1,Answerable (exactly one correct option),Community-based Paediatrics
questions/6b30fdb3-b75e-5a1b-b677-2d2ac6a4b973.json,6b30fdb3-b75e-5a1b-b677-2d2ac6a4b973,published,false,true,1,Answerable (exactly one correct option),Paediatric Surgery
questions/6b3b50b6-020b-448e-aa3e-ac721e365b12.json,6b3b50b6-020b-448e-aa3e-ac721e365b12,published,true,true,1,Answerable (exactly one correct option),General Paediatrics
questions/6b49cf17-17f4-52ae-85de-0b1e192d91ab.json,6b49cf17-17f4-52ae-85de-0b1e192d91ab,published,false,true,1,Answerable (exactly one correct option),Paediatric Surgery
questions/6b5d7df6-41fe-404a-b6d1-447963fa8e1a.json,6b5d7df6-41fe-404a-b6d1-447963fa8e1a,published,false,true,1,Answerable (exactly one correct option),General Paediatrics
questions/6b604f51-1aec-55c0-85dd-ed519bb972f9.json,6b604f51-1aec-55c0-85dd-ed519bb972f9,published,false,true,1,Answerable (exactly one correct option),Paediatric Sub-specialties
questions/6b6e8a0d-af95-4835-9d52-2a25843dcf56.json,6b6e8a0d-af95-4835-9d52-2a25843dcf56,published,false,true,1,Answerable (exactly one correct option),Paediatric Sub-specialties
questions/6b779508-2d40-43d4-91ee-555194fe526d.json,6b779508-2d40-43d4-91ee-555194fe526d,published,false,true,1,Answerable (exactly one correct option),Paediatric Sub-specialties
questions/6b7b101f-fae7-4eb1-8730-0592ef4aba17.json,6b7b101f-fae7-4eb1-8730-0592ef4aba17,published,false,true,1,Answerable (exactly one correct option),Unclassified
questions/6b7f4b80-3f0d-44b1-a332-0e8a5d568c34.json,6b7f4b80-3f0d-44b1-a332-0e8a5d568c34,published,true,true,1,Answerable (exactly one correct option),Emergency Paediatrics
questions/6b802f31-94b7-4754-8ffe-d646c22b9701.json,6b802f31-94b7-4754-8ffe-d646c22b9701,published,false,true,1,Answerable (exactly one correct option),Paediatric Sub-specialties
questions/6b887b1c-82e9-4236-b7fb-6d8c5978d56c.json,6b887b1c-82e9-4236-b7fb-6d8c5978d56c,published,true,true,1,Answerable (exactly one correct option),Adolescent Medicine
questions/6b8db371-2d7d-4ee1-a9fc-3452b3d9a1b8.json,6b8db371-2d7d-4ee1-a9fc-3452b3d9a1b8,published,false,true,1,Answerable (exactly one correct option),Community-based Paediatrics
questions/6b9d4edd-8a5f-4f22-a025-24ea459f9280.json,6b9d4edd-8a5f-4f22-a025-24ea459f9280,published,false,true,1,Answerable (exactly one correct option),Unclassified
questions/6ba006a5-3cd9-4623-9dd0-bdbe474dc60f.json,6ba006a5-3cd9-4623-9dd0-bdbe474dc60f,published,true,true,1,Answerable (exactly one correct option),Paediatric Surgery
questions/6baac6c3-cad9-4c61-8b73-c6830d3bb0dd.json,6baac6c3-cad9-4c61-8b73-c6830d3bb0dd,published,false,true,1,Answerable (exactly one correct option),Emergency Paediatrics
questions/6bad31d7-4b92-4782-bcb7-3c0344753b14.json,6bad31d7-4b92-4782-bcb7-3c0344753b14,published,true,true,1,Answerable (exactly one correct option),General Paediatrics
questions/6bccddb9-160f-4349-96fa-1a5c7a96fec3.json,6bccddb9-160f-4349-96fa-1a5c7a96fec3,published,true,true,1,Answerable (exactly one correct option),Adolescent Medicine
questions/6bf03559-858b-5715-a905-d2752060fe94.json,6bf03559-858b-5715-a905-d2752060fe94,published,false,true,1,Answerable (exactly one correct option),Emergency Paediatrics
questions/6c3243cb-1bc3-4933-be5d-9d6c914d4077.json,6c3243cb-1bc3-4933-be5d-9d6c914d4077,published,false,true,1,Answerable (exactly one correct option),Emergency Paediatrics
questions/6c5e1b97-7611-4a89-9509-226659a54bb0.json,6c5e1b97-7611-4a89-9509-226659a54bb0,published,false,true,1,Answerable (exactly one correct option),Emergency Paediatrics
questions/6c72d676-c792-4520-adcf-8e89d8713593.json,6c72d676-c792-4520-adcf-8e89d8713593,published,false,true,1,Answerable (exactly one correct option),Paediatric Sub-specialties
questions/6c737807-9bd2-4c91-bc85-7561114baad7.json,6c737807-9bd2-4c91-bc85-7561114baad7,published,false,true,1,Answerable (exactly one correct option),Emergency Paediatrics
questions/6ca239a6-5e8a-45b1-af89-e21cdcb5479b.json,6ca239a6-5e8a-45b1-af89-e21cdcb5479b,published,false,true,1,Answerable (exactly one correct option),Paediatric Sub-specialties
questions/6d3bbf3b-4fc8-5feb-a9bd-1e4e8b6c44bd.json,6d3bbf3b-4fc8-5feb-a9bd-1e4e8b6c44bd,published,false,true,1,Answerable (exactly one correct option),Paediatric Surgery
questions/6d5dcee0-548f-4c71-94b0-e91f16bc23f5.json,6d5dcee0-548f-4c71-94b0-e91f16bc23f5,published,true,true,1,Answerable (exactly one correct option),General Paediatrics
questions/6d602204-ff76-4b64-aba0-5c2d6dcc6d2c.json,6d602204-ff76-4b64-aba0-5c2d6dcc6d2c,published,false,true,1,Answerable (exactly one correct option),Unclassified
questions/6d704130-814b-5a88-9484-dec830995cf9.json,6d704130-814b-5a88-9484-dec830995cf9,published,false,true,1,Answerable (exactly one correct option),Community-based Paediatrics
questions/6d91abb4-eafb-4d22-9edf-19d60d1a6183.json,6d91abb4-eafb-4d22-9edf-19d60d1a6183,published,false,true,1,Answerable (exactly one correct option),General Paediatrics
questions/6d9e8913-fbf5-50fc-ba1f-8efb23128a8f.json,6d9e8913-fbf5-50fc-ba1f-8efb23128a8f,published,false,true,1,Answerable (exactly one correct option),Paediatric Sub-specialties
questions/6db0a360-9d6d-5f56-8443-7423fee03444.json,6db0a360-9d6d-5f56-8443-7423fee03444,published,false,true,1,Answerable (exactly one correct option),Paediatric Sub-specialties
questions/6dc0e485-74c1-4853-b2e7-b35ebca974ad.json,6dc0e485-74c1-4853-b2e7-b35ebca974ad,published,true,true,1,Answerable (exactly one correct option),Community-based Paediatrics
questions/6dd72a48-eb77-4bec-b279-6929b7f08fd1.json,6dd72a48-eb77-4bec-b279-6929b7f08fd1,published,false,true,1,Answerable (exactly one correct option),Emergency Paediatrics
questions/6dde16d1-2d68-44a8-b774-4d587f520033.json,6dde16d1-2d68-44a8-b774-4d587f520033,published,false,true,1,Answerable (exactly one correct option),Emergency Paediatrics
questions/6de02ff3-1d25-5647-a48a-92c932e96a07.json,6de02ff3-1d25-5647-a48a-92c932e96a07,published,false,true,1,Answerable (exactly one correct option),Paediatric Surgery
questions/6de88abc-78dd-4c3d-9d22-0dd6435adcc9.json,6de88abc-78dd-4c3d-9d22-0dd6435adcc9,published,true,true,1,Answerable (exactly one correct option),Adolescent Medicine
questions/6e4960f5-0450-54d7-adce-7165e76136da.json,6e4960f5-0450-54d7-adce-7165e76136da,published,false,true,1,Answerable (exactly one correct option),Paediatric Sub-specialties
questions/6e4ac196-4708-4e48-ada3-c3923491a086.json,6e4ac196-4708-4e48-ada3-c3923491a086,published,true,true,1,Answerable (exactly one correct option),Paediatric Sub-specialties
questions/6e57f9e4-9096-5940-854f-78b310ccdbdf.json,6e57f9e4-9096-5940-854f-78b310ccdbdf,published,false,true,1,Answerable (exactly one correct option),Paediatric Sub-specialties
questions/6e5c98a2-baea-5a2d-9a9f-7cc9c7457370.json,6e5c98a2-baea-5a2d-9a9f-7cc9c7457370,published,false,true,1,Answerable (exactly one correct option),Paediatric Sub-specialties
questions/6e847beb-9d66-5a47-bbe6-d60dc7a883a1.json,6e847beb-9d66-5a47-bbe6-d60dc7a883a1,published,false,true,1,Answerable (exactly one correct option),Emergency Paediatrics
questions/6e86119d-bde9-41d6-9216-54380b46af61.json,6e86119d-bde9-41d6-9216-54380b46af61,published,true,true,1,Answerable (exactly one correct option),Emergency Paediatrics
questions/6ebd33b8-b16e-5058-b06c-cecb044686ca.json,6ebd33b8-b16e-5058-b06c-cecb044686ca,published,false,true,1,Answerable (exactly one correct option),Paediatric Surgery
questions/6ec9c853-eb62-4cf0-83e1-37aad2c123ef.json,6ec9c853-eb62-4cf0-83e1-37aad2c123ef,published,true,true,1,Answerable (exactly one correct option),Community-based Paediatrics
questions/6f312c85-bbaa-59b2-af52-337b43440d53.json,6f312c85-bbaa-59b2-af52-337b43440d53,published,false,true,1,Answerable (exactly one correct option),General Paediatrics
questions/6f3462bb-79a8-4fd7-b5e1-0b27b4fd4792.json,6f3462bb-79a8-4fd7-b5e1-0b27b4fd4792,published,true,true,1,Answerable (exactly one correct option),Adolescent Medicine
questions/6f3eac2e-6de8-516e-8054-71989e67dd44.json,6f3eac2e-6de8-516e-8054-71989e67dd44,published,false,true,1,Answerable (exactly one correct option),General Paediatrics
questions/6f73e245-5e46-4f57-87ef-e5eb0032dc21.json,6f73e245-5e46-4f57-87ef-e5eb0032dc21,published,true,true,1,Answerable (exactly one correct option),Adolescent Medicine
questions/6f7a8570-d55a-49e8-9783-dfe796c8865e.json,6f7a8570-d55a-49e8-9783-dfe796c8865e,published,true,true,1,Answerable (exactly one correct option),Paediatric Sub-specialties
questions/6f9c0f40-c986-5eaf-971d-0980a6e55c57.json,6f9c0f40-c986-5eaf-971d-0980a6e55c57,published,false,true,1,Answerable (exactly one correct option),Paediatric Surgery
questions/6fb44b53-052a-4b60-a9b6-a892e508cb18.json,6fb44b53-052a-4b60-a9b6-a892e508cb18,published,true,true,1,Answerable (exactly one correct option),Community-based Paediatrics
questions/6fe34569-4cca-487c-8c4f-0ebefc29502d.json,6fe34569-4cca-487c-8c4f-0ebefc29502d,published,false,true,1,Answerable (exactly one correct option),Unclassified
questions/70025e90-dbb0-5da8-b4a4-0615e3a3edb0.json,70025e90-dbb0-5da8-b4a4-0615e3a3edb0,published,false,true,1,Answerable (exactly one correct option),Paediatric Sub-specialties
questions/7007044d-6456-4f04-a92c-ab0924858f53.json,7007044d-6456-4f04-a92c-ab0924858f53,published,false,true,1,Answerable (exactly one correct option),Unclassified
questions/7022a26b-221c-42e1-a2f0-514231d41c67.json,7022a26b-221c-42e1-a2f0-514231d41c67,published,true,true,1,Answerable (exactly one correct option),Adolescent Medicine
questions/7053f78f-65b8-5ba4-9e1f-433b11e6f109.json,7053f78f-65b8-5ba4-9e1f-433b11e6f109,published,false,true,1,Answerable (exactly one correct option),General Paediatrics
questions/70565735-789d-4d23-ac67-046bde229ee8.json,70565735-789d-4d23-ac67-046bde229ee8,published,false,true,1,Answerable (exactly one correct option),General Paediatrics
questions/706d8002-7e33-5a73-9b06-605ad769551b.json,706d8002-7e33-5a73-9b06-605ad769551b,published,false,true,1,Answerable (exactly one correct option),General Paediatrics
questions/70711fe7-ec46-4c25-badf-ea18ca7a5651.json,70711fe7-ec46-4c25-badf-ea18ca7a5651,published,false,true,1,Answerable (exactly one correct option),Emergency Paediatrics
questions/707af8c9-ab9d-407c-856f-f3740ffa6e38.json,707af8c9-ab9d-407c-856f-f3740ffa6e38,published,true,true,1,Answerable (exactly one correct option),Emergency Paediatrics
questions/707d825b-7c98-4b35-8db7-b130d35d90ae.json,707d825b-7c98-4b35-8db7-b130d35d90ae,published,false,true,1,Answerable (exactly one correct option),Emergency Paediatrics
questions/70835044-6b47-46a2-9093-11e1309cef5f.json,70835044-6b47-46a2-9093-11e1309cef5f,published,false,true,1,Answerable (exactly one correct option),Paediatric Sub-specialties
questions/708e7940-9d70-4bf7-bdac-a4479fe5d8dc.json,708e7940-9d70-4bf7-bdac-a4479fe5d8dc,published,true,true,1,Answerable (exactly one correct option),Paediatric Surgery
questions/709c2a16-f900-5d6d-be5f-41d8b988282b.json,709c2a16-f900-5d6d-be5f-41d8b988282b,published,false,true,1,Answerable (exactly one correct option),Paediatric Surgery
questions/70b4b411-fb0b-4720-b7d3-3ca91637cfd0.json,70b4b411-fb0b-4720-b7d3-3ca91637cfd0,published,true,true,1,Answerable (exactly one correct option),Paediatric Sub-specialties
questions/70c518fe-0359-452d-97d4-3e1aa799bed6.json,70c518fe-0359-452d-97d4-3e1aa799bed6,published,true,true,1,Answerable (exactly one correct option),Adolescent Medicine
questions/70e2e2f5-0e1c-5446-8e26-6fbdb6c1e955.json,70e2e2f5-0e1c-5446-8e26-6fbdb6c1e955,published,false,true,1,Answerable (exactly one correct option),Paediatric Sub-specialties
questions/70f16bde-29f0-40ec-b610-92edb6b29798.json,70f16bde-29f0-40ec-b610-92edb6b29798,published,true,true,1,Answerable (exactly one correct option),Paediatric Surgery
questions/71058979-ea19-5585-b991-aa17df0b37c8.json,71058979-ea19-5585-b991-aa17df0b37c8,published,false,true,1,Answerable (exactly one correct option),General Paediatrics
questions/71255b50-4ce1-418c-bb06-e113ae470a10.json,71255b50-4ce1-418c-bb06-e113ae470a10,published,true,true,1,Answerable (exactly one correct option),Paediatric Sub-specialties
questions/7156b435-9623-4447-ac0f-9f7683b05629.json,7156b435-9623-4447-ac0f-9f7683b05629,published,true,true,1,Answerable (exactly one correct option),Adolescent Medicine
questions/717449de-df0d-4b33-8318-dabc4909a815.json,717449de-df0d-4b33-8318-dabc4909a815,published,true,true,1,Answerable (exactly one correct option),General Paediatrics
questions/7186456c-cbb4-4832-a25a-dce691c0704d.json,7186456c-cbb4-4832-a25a-dce691c0704d,published,true,true,1,Answerable (exactly one correct option),Paediatric Surgery
questions/718d81a7-e103-42b2-bcaf-210fad38fc9f.json,718d81a7-e103-42b2-bcaf-210fad38fc9f,published,true,true,1,Answerable (exactly one correct option),Paediatric Surgery
questions/7190d6e1-39eb-46e9-945c-e86f104c0f7c.json,7190d6e1-39eb-46e9-945c-e86f104c0f7c,published,false,true,1,Answerable (exactly one correct option),General Paediatrics
questions/71aa79f9-06b1-4736-84b5-8d82ab63595d.json,71aa79f9-06b1-4736-84b5-8d82ab63595d,published,false,true,1,Answerable (exactly one correct option),Paediatric Sub-specialties
questions/71c1d7bf-1f06-541f-8492-1d5749e7c61e.json,71c1d7bf-1f06-541f-8492-1d5749e7c61e,published,false,true,1,Answerable (exactly one correct option),Paediatric Surgery
questions/71cd54bc-de61-4bca-bfd0-abf538f22eb2.json,71cd54bc-de61-4bca-bfd0-abf538f22eb2,published,true,true,1,Answerable (exactly one correct option),General Paediatrics
questions/71ef1e9c-6d66-49a4-98c8-3f792b6ad6b1.json,71ef1e9c-6d66-49a4-98c8-3f792b6ad6b1,published,true,true,1,Answerable (exactly one correct option),Adolescent Medicine
questions/71fb20a3-366d-44ef-92aa-82d4c45472a4.json,71fb20a3-366d-44ef-92aa-82d4c45472a4,published,false,true,1,Answerable (exactly one correct option),Paediatric Sub-specialties
questions/7213ee8a-b89c-49cf-bd37-e2f38a0a0c10.json,7213ee8a-b89c-49cf-bd37-e2f38a0a0c10,published,true,true,1,Answerable (exactly one correct option),Emergency Paediatrics
questions/721505d3-0511-49f2-acb6-df8e55630ede.json,721505d3-0511-49f2-acb6-df8e55630ede,published,true,true,1,Answerable (exactly one correct option),General Paediatrics
questions/7222d0f7-7c1c-5ed8-852e-8c9d6dbcbcfb.json,7222d0f7-7c1c-5ed8-852e-8c9d6dbcbcfb,published,false,true,1,Answerable (exactly one correct option),Paediatric Surgery
questions/722eaf7d-23b5-4001-8584-abedc0925278.json,722eaf7d-23b5-4001-8584-abedc0925278,published,false,true,1,Answerable (exactly one correct option),General Paediatrics
questions/7248091e-e76e-5331-8e5e-9bc9094039af.json,7248091e-e76e-5331-8e5e-9bc9094039af,published,false,true,1,Answerable (exactly one correct option),Paediatric Sub-specialties
questions/729dba41-219d-5d26-904e-ce3c9308e19f.json,729dba41-219d-5d26-904e-ce3c9308e19f,published,false,true,1,Answerable (exactly one correct option),Paediatric Sub-specialties
questions/72b91494-2cdc-4285-a121-a525f238289f.json,72b91494-2cdc-4285-a121-a525f238289f,published,true,true,1,Answerable (exactly one correct option),Adolescent Medicine
questions/72be9fdc-2710-4c84-992d-00f05e25438e.json,72be9fdc-2710-4c84-992d-00f05e25438e,published,true,true,1,Answerable (exactly one correct option),General Paediatrics
questions/72c23180-5601-50e1-9ced-0d201ace0e44.json,72c23180-5601-50e1-9ced-0d201ace0e44,published,false,true,1,Answerable (exactly one correct option),Paediatric Sub-specialties
questions/72ec78d6-71f5-42a3-b258-b07a445d285a.json,72ec78d6-71f5-42a3-b258-b07a445d285a,published,false,true,1,Answerable (exactly one correct option),General Paediatrics
questions/72f35f93-e832-5329-bf81-d041e7ed71d6.json,72f35f93-e832-5329-bf81-d041e7ed71d6,published,false,true,1,Answerable (exactly one correct option),Paediatric Sub-specialties
questions/730b8285-33c0-536f-ab53-ce51ac0e01b7.json,730b8285-33c0-536f-ab53-ce51ac0e01b7,published,false,true,1,Answerable (exactly one correct option),Paediatric Sub-specialties
questions/7326ad0c-5e4b-599d-8300-a5180ee8a32a.json,7326ad0c-5e4b-599d-8300-a5180ee8a32a,published,false,true,1,Answerable (exactly one correct option),General Paediatrics
questions/735042ca-89a3-4f3d-95b7-6a9f09869e33.json,735042ca-89a3-4f3d-95b7-6a9f09869e33,published,true,true,1,Answerable (exactly one correct option),Emergency Paediatrics
questions/735d5998-0e9b-448c-badd-87ec5904e812.json,735d5998-0e9b-448c-badd-87ec5904e812,published,false,true,1,Answerable (exactly one correct option),General Paediatrics
questions/73647be5-8da5-4e38-8438-a0254d503f08.json,73647be5-8da5-4e38-8438-a0254d503f08,published,true,true,1,Answerable (exactly one correct option),Adolescent Medicine
questions/73757ec2-6d60-5352-bbeb-1c8031c4066f.json,73757ec2-6d60-5352-bbeb-1c8031c4066f,published,false,true,1,Answerable (exactly one correct option),General Paediatrics
questions/73955c51-b3da-46c3-b6ce-e4118ed5db1b.json,73955c51-b3da-46c3-b6ce-e4118ed5db1b,published,false,true,1,Answerable (exactly one correct option),Emergency Paediatrics
questions/73c3a11c-cb62-5ce6-9923-b687cc6c05cb.json,73c3a11c-cb62-5ce6-9923-b687cc6c05cb,published,false,true,1,Answerable (exactly one correct option),Paediatric Sub-specialties
questions/73df8c33-98de-4ded-920f-0c6a894cbdae.json,73df8c33-98de-4ded-920f-0c6a894cbdae,published,false,true,1,Answerable (exactly one correct option),General Paediatrics
questions/74009b64-3541-5145-97d7-0800a1fd9700.json,74009b64-3541-5145-97d7-0800a1fd9700,published,false,true,1,Answerable (exactly one correct option),Paediatric Sub-specialties
questions/74187c1c-478e-4144-baef-a7cf11daf476.json,74187c1c-478e-4144-baef-a7cf11daf476,published,true,true,1,Answerable (exactly one correct option),General Paediatrics
questions/7440effb-d73a-55cb-be6a-080d0326b71c.json,7440effb-d73a-55cb-be6a-080d0326b71c,published,false,true,1,Answerable (exactly one correct option),Emergency Paediatrics
questions/74476be9-bd14-414f-86e1-dc1e4b20b2c2.json,74476be9-bd14-414f-86e1-dc1e4b20b2c2,published,false,true,1,Answerable (exactly one correct option),Community-based Paediatrics
questions/745a8454-658f-5639-bc70-e798ee98da2d.json,745a8454-658f-5639-bc70-e798ee98da2d,published,false,true,1,Answerable (exactly one correct option),Paediatric Surgery
questions/745aa48c-4d65-5a34-bee9-223535997730.json,745aa48c-4d65-5a34-bee9-223535997730,published,false,true,1,Answerable (exactly one correct option),Paediatric Sub-specialties
questions/74797466-20b6-5e17-8057-8174eefda64e.json,74797466-20b6-5e17-8057-8174eefda64e,published,false,true,1,Answerable (exactly one correct option),Paediatric Sub-specialties
questions/7493f5cf-5d8d-47ac-9a82-de5e10267855.json,7493f5cf-5d8d-47ac-9a82-de5e10267855,published,true,true,1,Answerable (exactly one correct option),General Paediatrics
questions/74b9572a-d89b-4e7f-894b-2e294063ef66.json,74b9572a-d89b-4e7f-894b-2e294063ef66,published,false,true,1,Answerable (exactly one correct option),Unclassified
questions/74c03962-dca9-49c3-ad18-7b0519fd323e.json,74c03962-dca9-49c3-ad18-7b0519fd323e,published,true,true,1,Answerable (exactly one correct option),General Paediatrics
questions/74d07dde-4461-4205-abef-7851b1150fef.json,74d07dde-4461-4205-abef-7851b1150fef,published,true,true,1,Answerable (exactly one correct option),Emergency Paediatrics
questions/74d9292c-cd08-5347-b696-6fa1c8b83129.json,74d9292c-cd08-5347-b696-6fa1c8b83129,published,false,true,1,Answerable (exactly one correct option),General Paediatrics
questions/74e302b9-cc0a-40c8-a7d7-66dcc03180c7.json,74e302b9-cc0a-40c8-a7d7-66dcc03180c7,published,false,true,1,Answerable (exactly one correct option),Paediatric Surgery
questions/750b02ed-c295-426c-8fd8-c1b498dc5153.json,750b02ed-c295-426c-8fd8-c1b498dc5153,published,false,true,1,Answerable (exactly one correct option),Unclassified
questions/7517bbeb-7f32-49bc-a43f-0bb98ab63492.json,7517bbeb-7f32-49bc-a43f-0bb98ab63492,published,true,true,1,Answerable (exactly one correct option),Emergency Paediatrics
questions/75609efb-4236-48c4-8e3d-e682e0d08c31.json,75609efb-4236-48c4-8e3d-e682e0d08c31,published,false,true,1,Answerable (exactly one correct option),Paediatric Surgery
questions/75613d7d-86f1-4232-9992-b221a2a9bd1f.json,75613d7d-86f1-4232-9992-b221a2a9bd1f,published,true,true,1,Answerable (exactly one correct option),Community-based Paediatrics
questions/7570724c-cac6-4190-9e97-73a7646d5c04.json,7570724c-cac6-4190-9e97-73a7646d5c04,published,true,true,1,Answerable (exactly one correct option),Adolescent Medicine
questions/75825a1a-7ab1-4c71-bd83-d925f3598ef9.json,75825a1a-7ab1-4c71-bd83-d925f3598ef9,published,true,true,1,Answerable (exactly one correct option),Adolescent Medicine
questions/75c87111-2430-5ad0-a739-9246f03d156f.json,75c87111-2430-5ad0-a739-9246f03d156f,published,false,true,1,Answerable (exactly one correct option),Community-based Paediatrics
questions/75ceacda-33c2-5b5e-bafd-128baab1382c.json,75ceacda-33c2-5b5e-bafd-128baab1382c,published,false,true,1,Answerable (exactly one correct option),Paediatric Surgery
questions/75d917a8-4001-4ef6-9ad7-2f81f5955d92.json,75d917a8-4001-4ef6-9ad7-2f81f5955d92,published,true,true,1,Answerable (exactly one correct option),Paediatric Sub-specialties
questions/75efa93e-d155-4f6d-96fd-b38bea3d6cc5.json,75efa93e-d155-4f6d-96fd-b38bea3d6cc5,published,true,true,1,Answerable (exactly one correct option),Adolescent Medicine
questions/75f1bbdf-5876-4a86-afa1-188d10111abc.json,75f1bbdf-5876-4a86-afa1-188d10111abc,published,false,true,1,Answerable (exactly one correct option),Paediatric Surgery
questions/75f8ff70-cc73-4cc0-97d0-d20cb4fef551.json,75f8ff70-cc73-4cc0-97d0-d20cb4fef551,published,false,true,1,Answerable (exactly one correct option),Unclassified
questions/7629abf8-1431-5204-8b4f-ec4252a6a13e.json,7629abf8-1431-5204-8b4f-ec4252a6a13e,published,false,true,1,Answerable (exactly one correct option),Paediatric Sub-specialties
questions/7653e200-86f2-5dc8-bd36-e3bd8bdaa4a7.json,7653e200-86f2-5dc8-bd36-e3bd8bdaa4a7,published,false,true,1,Answerable (exactly one correct option),Paediatric Sub-specialties
questions/765d1515-3670-50de-97b9-faee7bf343ad.json,765d1515-3670-50de-97b9-faee7bf343ad,published,false,true,1,Answerable (exactly one correct option),Paediatric Sub-specialties
questions/765dba5c-729e-4e32-80fe-8143a7e43187.json,765dba5c-729e-4e32-80fe-8143a7e43187,published,true,true,1,Answerable (exactly one correct option),Adolescent Medicine
questions/7674c772-36e8-4fb7-aed3-59ddfda669f0.json,7674c772-36e8-4fb7-aed3-59ddfda669f0,published,false,true,1,Answerable (exactly one correct option),Community-based Paediatrics
questions/767c764a-4e62-48ea-9011-40110bbc17ba.json,767c764a-4e62-48ea-9011-40110bbc17ba,published,true,true,1,Answerable (exactly one correct option),Adolescent Medicine
questions/7686abfc-57b7-5024-847d-fa395de7f102.json,7686abfc-57b7-5024-847d-fa395de7f102,published,false,true,1,Answerable (exactly one correct option),Paediatric Surgery
questions/7696ede3-b39e-4895-803f-d54bc66a4dc8.json,7696ede3-b39e-4895-803f-d54bc66a4dc8,published,false,true,1,Answerable (exactly one correct option),Paediatric Sub-specialties
questions/769adb4d-966c-49f3-9594-bee9c8df9e8c.json,769adb4d-966c-49f3-9594-bee9c8df9e8c,published,false,true,1,Answerable (exactly one correct option),Unclassified
questions/769f4e47-c4a9-5760-984c-d008803db3f6.json,769f4e47-c4a9-5760-984c-d008803db3f6,published,false,true,1,Answerable (exactly one correct option),Paediatric Surgery
questions/76caa311-c844-4088-9b15-21f7fc35abee.json,76caa311-c844-4088-9b15-21f7fc35abee,published,false,true,1,Answerable (exactly one correct option),Unclassified
questions/76cd752e-2a37-4bac-8575-4d48ea3bb769.json,76cd752e-2a37-4bac-8575-4d48ea3bb769,published,true,true,1,Answerable (exactly one correct option),Paediatric Surgery
questions/76ddb4a6-8d67-5a64-9c4d-5fe777b97649.json,76ddb4a6-8d67-5a64-9c4d-5fe777b97649,published,false,true,1,Answerable (exactly one correct option),Paediatric Surgery
questions/7703530d-e784-43bd-8c09-244cbbca5bdb.json,7703530d-e784-43bd-8c09-244cbbca5bdb,published,false,true,1,Answerable (exactly one correct option),Unclassified
questions/770c32b9-bf21-5431-a441-5df144e8fa9e.json,770c32b9-bf21-5431-a441-5df144e8fa9e,published,false,true,1,Answerable (exactly one correct option),Emergency Paediatrics
questions/7716a8bb-6d51-4eff-9bc0-f8ddfd6922d1.json,7716a8bb-6d51-4eff-9bc0-f8ddfd6922d1,published,false,true,1,Answerable (exactly one correct option),Paediatric Sub-specialties
questions/772c42cd-748f-422c-9f21-8c9748931c7d.json,772c42cd-748f-422c-9f21-8c9748931c7d,published,true,true,1,Answerable (exactly one correct option),Paediatric Sub-specialties
questions/77442b1e-7240-473f-81b9-7565cd2368dd.json,77442b1e-7240-473f-81b9-7565cd2368dd,published,false,true,1,Answerable (exactly one correct option),Paediatric Surgery
questions/7760ad7c-a0e8-5508-a0ba-7c95513e6cca.json,7760ad7c-a0e8-5508-a0ba-7c95513e6cca,published,false,true,1,Answerable (exactly one correct option),Emergency Paediatrics
questions/776d9593-5be0-4ad8-a3a7-df3d83ffd0b6.json,776d9593-5be0-4ad8-a3a7-df3d83ffd0b6,published,false,true,1,Answerable (exactly one correct option),Emergency Paediatrics
questions/7791bb45-e576-4e47-a6e5-fe8489785eec.json,7791bb45-e576-4e47-a6e5-fe8489785eec,published,false,true,1,Answerable (exactly one correct option),Unclassified
questions/77aaea46-82a1-51da-9b66-63c56f4b39bf.json,77aaea46-82a1-51da-9b66-63c56f4b39bf,published,false,true,1,Answerable (exactly one correct option),Paediatric Sub-specialties
questions/77df38e1-bd61-4f7d-8d39-b7745839883b.json,77df38e1-bd61-4f7d-8d39-b7745839883b,published,false,true,1,Answerable (exactly one correct option),Paediatric Surgery
questions/77e598d6-2374-5eb7-8737-ad58c1b0d69f.json,77e598d6-2374-5eb7-8737-ad58c1b0d69f,published,false,true,1,Answerable (exactly one correct option),Paediatric Surgery
questions/7803b5ed-582e-4300-9120-fe64b861e6ab.json,7803b5ed-582e-4300-9120-fe64b861e6ab,published,false,true,1,Answerable (exactly one correct option),General Paediatrics
questions/781b5802-5e94-53e3-8cb6-556064455adc.json,781b5802-5e94-53e3-8cb6-556064455adc,published,false,true,1,Answerable (exactly one correct option),Adolescent Medicine
questions/7841a104-a98b-4fd2-8c9a-16363e318c99.json,7841a104-a98b-4fd2-8c9a-16363e318c99,published,true,true,1,Answerable (exactly one correct option),Community-based Paediatrics
questions/78774b17-5313-4c26-96bf-7d3d168bccda.json,78774b17-5313-4c26-96bf-7d3d168bccda,published,true,true,1,Answerable (exactly one correct option),Community-based Paediatrics
questions/787ce49f-803b-5b99-b0db-a19dbd95d2ec.json,787ce49f-803b-5b99-b0db-a19dbd95d2ec,published,false,true,1,Answerable (exactly one correct option),Paediatric Surgery
questions/78bfbb33-b5d8-4816-8661-6258d32757f7.json,78bfbb33-b5d8-4816-8661-6258d32757f7,published,false,true,1,Answerable (exactly one correct option),Community-based Paediatrics
questions/78cd326b-8092-4077-acac-c99aad386d2d.json,78cd326b-8092-4077-acac-c99aad386d2d,published,true,true,1,Answerable (exactly one correct option),Paediatric Surgery
questions/78d33a72-c39b-45f3-b4d5-00b259f6b650.json,78d33a72-c39b-45f3-b4d5-00b259f6b650,published,true,true,1,Answerable (exactly one correct option),Community-based Paediatrics
questions/78ecab32-5ca5-51fa-a958-043bff0bbf60.json,78ecab32-5ca5-51fa-a958-043bff0bbf60,published,false,true,1,Answerable (exactly one correct option),Community-based Paediatrics
questions/78f18c9e-5dcd-4e85-a935-c303dd62ae3a.json,78f18c9e-5dcd-4e85-a935-c303dd62ae3a,published,true,true,1,Answerable (exactly one correct option),Paediatric Surgery
questions/78fb227c-d0b5-4432-9466-1b389b2eb791.json,78fb227c-d0b5-4432-9466-1b389b2eb791,published,true,true,1,Answerable (exactly one correct option),General Paediatrics
questions/790d2295-4984-54fd-94c9-fde9c01a7ee4.json,790d2295-4984-54fd-94c9-fde9c01a7ee4,published,false,true,1,Answerable (exactly one correct option),Paediatric Sub-specialties
questions/790f4c70-ddae-4124-baae-11dfd9762aa3.json,790f4c70-ddae-4124-baae-11dfd9762aa3,published,true,true,1,Answerable (exactly one correct option),Paediatric Sub-specialties
questions/791bc3f1-4731-4845-949b-54650f965527.json,791bc3f1-4731-4845-949b-54650f965527,published,false,true,1,Answerable (exactly one correct option),Unclassified
questions/791e6cbf-88cc-42ce-a52e-814084826048.json,791e6cbf-88cc-42ce-a52e-814084826048,published,true,true,1,Answerable (exactly one correct option),General Paediatrics
questions/795ac13c-8457-4562-aa1a-dff66e4eb47c.json,795ac13c-8457-4562-aa1a-dff66e4eb47c,published,true,true,1,Answerable (exactly one correct option),Emergency Paediatrics
questions/799dd55c-17ab-40a4-a4b1-97ab818f344f.json,799dd55c-17ab-40a4-a4b1-97ab818f344f,published,true,true,1,Answerable (exactly one correct option),Paediatric Surgery
questions/79ac69be-2b67-5009-8efb-bbc9094a873c.json,79ac69be-2b67-5009-8efb-bbc9094a873c,published,false,true,1,Answerable (exactly one correct option),Emergency Paediatrics
questions/79b4b610-9ad3-4958-b9c8-5c6c5e3b4ba4.json,79b4b610-9ad3-4958-b9c8-5c6c5e3b4ba4,published,true,true,1,Answerable (exactly one correct option),Community-based Paediatrics
questions/79bacd65-8de0-4dea-a890-0a6d887c9574.json,79bacd65-8de0-4dea-a890-0a6d887c9574,published,true,true,1,Answerable (exactly one correct option),General Paediatrics
questions/79ed6c8b-bd43-466c-a504-d0ceaf3b0ab8.json,79ed6c8b-bd43-466c-a504-d0ceaf3b0ab8,published,true,true,1,Answerable (exactly one correct option),Emergency Paediatrics
questions/7a0031ad-5729-5f5a-814d-79108d9dca00.json,7a0031ad-5729-5f5a-814d-79108d9dca00,published,false,true,1,Answerable (exactly one correct option),Paediatric Surgery
questions/7a1eccef-3a20-5105-b3ab-50469eead712.json,7a1eccef-3a20-5105-b3ab-50469eead712,published,false,true,1,Answerable (exactly one correct option),Paediatric Sub-specialties
questions/7a1f20ea-dfc3-5417-8fe1-371ac82f2f23.json,7a1f20ea-dfc3-5417-8fe1-371ac82f2f23,published,false,true,1,Answerable (exactly one correct option),Paediatric Surgery
questions/7a412a10-340a-533a-91bc-d818f7756a9f.json,7a412a10-340a-533a-91bc-d818f7756a9f,published,false,true,1,Answerable (exactly one correct option),Emergency Paediatrics
questions/7a4b24db-fc41-45dd-815c-e94338281071.json,7a4b24db-fc41-45dd-815c-e94338281071,published,false,true,1,Answerable (exactly one correct option),Unclassified
questions/7a5a520d-0d23-50f7-9822-8858b519e10f.json,7a5a520d-0d23-50f7-9822-8858b519e10f,published,false,true,1,Answerable (exactly one correct option),Paediatric Sub-specialties
questions/7a632757-2974-401c-ae0c-b06caa4fe277.json,7a632757-2974-401c-ae0c-b06caa4fe277,published,true,true,1,Answerable (exactly one correct option),General Paediatrics
questions/7a90b4f5-6cdd-4d4d-bdfd-60f2eaab43c8.json,7a90b4f5-6cdd-4d4d-bdfd-60f2eaab43c8,published,false,true,1,Answerable (exactly one correct option),Emergency Paediatrics
questions/7a9991cb-6a0d-4c8e-862f-91f5dd04a5e5.json,7a9991cb-6a0d-4c8e-862f-91f5dd04a5e5,published,false,true,1,Answerable (exactly one correct option),Unclassified
questions/7ab6cb60-97d7-4e31-804c-bd860ffc7e1f.json,7ab6cb60-97d7-4e31-804c-bd860ffc7e1f,published,false,true,1,Answerable (exactly one correct option),Community-based Paediatrics
questions/7ad4d4ac-8240-488b-9ddb-db1e4c0c131e.json,7ad4d4ac-8240-488b-9ddb-db1e4c0c131e,published,false,true,1,Answerable (exactly one correct option),Adolescent Medicine
questions/7af00400-a436-4e34-b6c7-a9e7e3724827.json,7af00400-a436-4e34-b6c7-a9e7e3724827,published,true,true,1,Answerable (exactly one correct option),Adolescent Medicine
questions/7af7034d-fc5b-47b7-8a92-00d0cb0f85cf.json,7af7034d-fc5b-47b7-8a92-00d0cb0f85cf,published,true,true,1,Answerable (exactly one correct option),Adolescent Medicine
questions/7b03de88-3170-4ee1-8bd3-783d913ac7cb.json,7b03de88-3170-4ee1-8bd3-783d913ac7cb,published,false,true,1,Answerable (exactly one correct option),Paediatric Sub-specialties
questions/7b050f01-c9c3-536c-bbfd-c8e584bc9011.json,7b050f01-c9c3-536c-bbfd-c8e584bc9011,published,false,true,1,Answerable (exactly one correct option),Paediatric Sub-specialties
questions/7b15efb6-19c6-4d6a-bb35-40724d8ec2be.json,7b15efb6-19c6-4d6a-bb35-40724d8ec2be,published,true,true,1,Answerable (exactly one correct option),General Paediatrics
questions/7b20265d-4812-4ea4-be7c-103c0faf26cf.json,7b20265d-4812-4ea4-be7c-103c0faf26cf,published,true,true,1,Answerable (exactly one correct option),Paediatric Sub-specialties
questions/7b3c58c0-95b3-435f-be6a-f85494a99c37.json,7b3c58c0-95b3-435f-be6a-f85494a99c37,published,true,true,1,Answerable (exactly one correct option),Paediatric Surgery
questions/7b3e2c06-2c98-486a-8d6e-97ebbdfe5be1.json,7b3e2c06-2c98-486a-8d6e-97ebbdfe5be1,published,true,true,1,Answerable (exactly one correct option),Paediatric Sub-specialties
questions/7b44fb16-170a-4a47-a494-1e98ebed2be3.json,7b44fb16-170a-4a47-a494-1e98ebed2be3,published,true,true,1,Answerable (exactly one correct option),Paediatric Sub-specialties
questions/7b669daf-32b0-40c0-9a28-4d276c81d875.json,7b669daf-32b0-40c0-9a28-4d276c81d875,published,true,true,1,Answerable (exactly one correct option),Paediatric Sub-specialties
questions/7b7584cb-7c65-4eeb-bb36-4ea6432eec3f.json,7b7584cb-7c65-4eeb-bb36-4ea6432eec3f,published,false,true,1,Answerable (exactly one correct option),Unclassified
questions/7b772ef5-b875-4cf6-8aa2-47f1b40a75c2.json,7b772ef5-b875-4cf6-8aa2-47f1b40a75c2,published,true,true,1,Answerable (exactly one correct option),General Paediatrics
questions/7b9c3364-3029-410b-9da5-5f7cc06946aa.json,7b9c3364-3029-410b-9da5-5f7cc06946aa,published,true,true,1,Answerable (exactly one correct option),Paediatric Surgery
questions/7ba69bd8-b3b4-5a9c-8fb2-3c24bf315793.json,7ba69bd8-b3b4-5a9c-8fb2-3c24bf315793,published,false,true,1,Answerable (exactly one correct option),Paediatric Sub-specialties
questions/7bab3ebc-4bb1-42ab-a738-ce7112798e59.json,7bab3ebc-4bb1-42ab-a738-ce7112798e59,published,true,true,1,Answerable (exactly one correct option),Paediatric Surgery
questions/7bbaa286-387d-4634-9ec3-4a526f905053.json,7bbaa286-387d-4634-9ec3-4a526f905053,published,true,true,1,Answerable (exactly one correct option),Paediatric Surgery
questions/7bc25253-7ea8-4871-aa27-046e30cc95a0.json,7bc25253-7ea8-4871-aa27-046e30cc95a0,published,true,true,1,Answerable (exactly one correct option),Community-based Paediatrics
questions/7be642d3-7d10-47e7-a335-4cd123a4c378.json,7be642d3-7d10-47e7-a335-4cd123a4c378,published,true,true,1,Answerable (exactly one correct option),Community-based Paediatrics
questions/7c1071ef-02fd-544b-9a9a-25542e30a7de.json,7c1071ef-02fd-544b-9a9a-25542e30a7de,published,false,true,1,Answerable (exactly one correct option),Paediatric Surgery
questions/7c18bd5d-c639-51e0-8a78-c3afae357d07.json,7c18bd5d-c639-51e0-8a78-c3afae357d07,published,false,true,1,Answerable (exactly one correct option),Paediatric Surgery
questions/7c3ffd4c-1882-4f91-bc76-b1a25c5692cb.json,7c3ffd4c-1882-4f91-bc76-b1a25c5692cb,published,true,true,1,Answerable (exactly one correct option),General Paediatrics
questions/7c4ae03f-d901-4f12-9c5a-72a9ebf9fae7.json,7c4ae03f-d901-4f12-9c5a-72a9ebf9fae7,published,true,true,1,Answerable (exactly one correct option),Paediatric Surgery
questions/7c521c0b-05cc-428b-9c5e-81514be838c0.json,7c521c0b-05cc-428b-9c5e-81514be838c0,published,true,true,1,Answerable (exactly one correct option),Community-based Paediatrics
questions/7c928b29-65b1-46b3-9857-2337bfbb8ff2.json,7c928b29-65b1-46b3-9857-2337bfbb8ff2,published,true,true,1,Answerable (exactly one correct option),Paediatric Sub-specialties
questions/7ca5aeb2-1b9a-460d-b264-6d7a074271b2.json,7ca5aeb2-1b9a-460d-b264-6d7a074271b2,published,true,true,1,Answerable (exactly one correct option),General Paediatrics
questions/7ca822f0-82fa-5367-8bf6-3ef5c8e5ec5f.json,7ca822f0-82fa-5367-8bf6-3ef5c8e5ec5f,published,false,true,1,Answerable (exactly one correct option),General Paediatrics
questions/7cd4d605-1fec-4029-bc2c-21fcd57b74bb.json,7cd4d605-1fec-4029-bc2c-21fcd57b74bb,published,false,true,1,Answerable (exactly one correct option),General Paediatrics
questions/7cec477b-7ffd-4a64-91ad-af713dbf4861.json,7cec477b-7ffd-4a64-91ad-af713dbf4861,published,true,true,1,Answerable (exactly one correct option),Paediatric Sub-specialties
questions/7cf68acc-1668-43cf-bd44-6da0003281c2.json,7cf68acc-1668-43cf-bd44-6da0003281c2,published,true,true,1,Answerable (exactly one correct option),Community-based Paediatrics
questions/7cfdd8cc-406b-49d3-8b2c-84f5d4242eb7.json,7cfdd8cc-406b-49d3-8b2c-84f5d4242eb7,published,true,true,1,Answerable (exactly one correct option),Paediatric Sub-specialties
questions/7d1b10d2-2762-472c-be31-5c23dc8dca9b.json,7d1b10d2-2762-472c-be31-5c23dc8dca9b,published,true,true,1,Answerable (exactly one correct option),Paediatric Sub-specialties
questions/7d334c76-abf3-58c1-a373-bdeced015e49.json,7d334c76-abf3-58c1-a373-bdeced015e49,published,false,true,1,Answerable (exactly one correct option),General Paediatrics
questions/7d4ab24a-ed19-43de-a08a-fd50c63eac20.json,7d4ab24a-ed19-43de-a08a-fd50c63eac20,published,true,true,1,Answerable (exactly one correct option),Paediatric Sub-specialties
questions/7d67c900-b775-4634-b010-cd2f9ffdac73.json,7d67c900-b775-4634-b010-cd2f9ffdac73,published,true,true,1,Answerable (exactly one correct option),Community-based Paediatrics
questions/7db8b809-6bf8-430e-a5d0-a55149175751.json,7db8b809-6bf8-430e-a5d0-a55149175751,published,false,true,1,Answerable (exactly one correct option),Paediatric Sub-specialties
questions/7dbf8d08-441e-4c89-adc3-9ca80e937590.json,7dbf8d08-441e-4c89-adc3-9ca80e937590,published,false,true,1,Answerable (exactly one correct option),Unclassified
questions/7dc35fb4-f018-4cac-b99c-d7aae62170c6.json,7dc35fb4-f018-4cac-b99c-d7aae62170c6,published,false,true,1,Answerable (exactly one correct option),Community-based Paediatrics
questions/7dc86c47-00e8-4c32-811d-b5d5ff1f7786.json,7dc86c47-00e8-4c32-811d-b5d5ff1f7786,published,false,true,1,Answerable (exactly one correct option),General Paediatrics
questions/7dea4e1f-8a90-5856-b6d5-a527ed2ecd4b.json,7dea4e1f-8a90-5856-b6d5-a527ed2ecd4b,published,false,true,1,Answerable (exactly one correct option),Emergency Paediatrics
questions/7e014b72-4e0f-43f5-8cf2-c3e095f72e4a.json,7e014b72-4e0f-43f5-8cf2-c3e095f72e4a,published,false,true,1,Answerable (exactly one correct option),Unclassified
questions/7e019a40-67ec-4d66-a498-5f5fc05303e2.json,7e019a40-67ec-4d66-a498-5f5fc05303e2,published,false,true,1,Answerable (exactly one correct option),Unclassified
questions/7e1aba2c-8cfe-5053-b020-6d0730595097.json,7e1aba2c-8cfe-5053-b020-6d0730595097,published,false,true,1,Answerable (exactly one correct option),Paediatric Surgery
questions/7e3968a6-4abb-42e5-a482-1465ff9768be.json,7e3968a6-4abb-42e5-a482-1465ff9768be,published,false,true,1,Answerable (exactly one correct option),Unclassified
questions/7e4994e1-4f8e-5a04-98f2-b2a07a6a37a6.json,7e4994e1-4f8e-5a04-98f2-b2a07a6a37a6,published,false,true,1,Answerable (exactly one correct option),Paediatric Surgery
questions/7e815bef-7f60-46a9-ac9b-589b0de701d6.json,7e815bef-7f60-46a9-ac9b-589b0de701d6,published,true,true,1,Answerable (exactly one correct option),Paediatric Sub-specialties
questions/7eb17adf-2702-4e81-997e-27f220352c91.json,7eb17adf-2702-4e81-997e-27f220352c91,published,true,true,1,Answerable (exactly one correct option),Paediatric Surgery
questions/7ee6c06d-1914-50d8-a0be-59aed623b361.json,7ee6c06d-1914-50d8-a0be-59aed623b361,published,false,true,1,Answerable (exactly one correct option),Emergency Paediatrics
questions/7efc864f-287d-4cef-8a53-a376a0c35b29.json,7efc864f-287d-4cef-8a53-a376a0c35b29,published,true,true,1,Answerable (exactly one correct option),Paediatric Surgery
questions/7f14a348-7ce9-5686-b4b7-0802ad29bf49.json,7f14a348-7ce9-5686-b4b7-0802ad29bf49,published,false,true,1,Answerable (exactly one correct option),Paediatric Surgery
questions/7f169835-e2cf-51d0-8f0c-4b81a667b3ff.json,7f169835-e2cf-51d0-8f0c-4b81a667b3ff,published,false,true,1,Answerable (exactly one correct option),Paediatric Sub-specialties
questions/7f1844ea-1590-5b31-9c05-05c7352ccb13.json,7f1844ea-1590-5b31-9c05-05c7352ccb13,published,false,true,1,Answerable (exactly one correct option),Paediatric Sub-specialties
questions/7f1eaa50-fce5-55f7-a26a-3f8265f1b6df.json,7f1eaa50-fce5-55f7-a26a-3f8265f1b6df,published,false,true,1,Answerable (exactly one correct option),Paediatric Sub-specialties
questions/7f599079-4f0a-5e9f-996b-c2940ae28d44.json,7f599079-4f0a-5e9f-996b-c2940ae28d44,published,false,true,1,Answerable (exactly one correct option),Paediatric Surgery
questions/7f775ae4-1527-461f-8538-94712c55ec66.json,7f775ae4-1527-461f-8538-94712c55ec66,published,false,true,1,Answerable (exactly one correct option),Paediatric Surgery
questions/7fa7385c-537f-4f72-863d-4943b3a81632.json,7fa7385c-537f-4f72-863d-4943b3a81632,published,true,true,1,Answerable (exactly one correct option),Community-based Paediatrics
questions/7fac51f9-7189-5921-a557-272b25f12e0a.json,7fac51f9-7189-5921-a557-272b25f12e0a,published,false,true,1,Answerable (exactly one correct option),Paediatric Sub-specialties
questions/7fe6be9d-d478-4aba-90e4-2b68b072beb9.json,7fe6be9d-d478-4aba-90e4-2b68b072beb9,published,true,true,1,Answerable (exactly one correct option),Paediatric Sub-specialties
questions/80212130-5028-506e-b15b-998bfc4b2210.json,80212130-5028-506e-b15b-998bfc4b2210,published,false,true,1,Answerable (exactly one correct option),Paediatric Sub-specialties
questions/8023a091-6214-4a7f-a36b-98d78071c169.json,8023a091-6214-4a7f-a36b-98d78071c169,published,false,true,1,Answerable (exactly one correct option),Community-based Paediatrics
questions/8041dda7-e1aa-43f0-9f4b-141355688dc1.json,8041dda7-e1aa-43f0-9f4b-141355688dc1,published,true,true,1,Answerable (exactly one correct option),Community-based Paediatrics
questions/8046523e-d659-4b2b-89ef-39609c64faa0.json,8046523e-d659-4b2b-89ef-39609c64faa0,published,true,true,1,Answerable (exactly one correct option),Adolescent Medicine
questions/806e34a4-a50f-4aae-b3c1-3efe0b30ef79.json,806e34a4-a50f-4aae-b3c1-3efe0b30ef79,published,false,true,1,Answerable (exactly one correct option),Paediatric Sub-specialties
questions/8090b961-c937-5171-868d-00917a81c46d.json,8090b961-c937-5171-868d-00917a81c46d,published,false,true,1,Answerable (exactly one correct option),Emergency Paediatrics
questions/809655c1-b2ab-470c-9d60-b8996ed9583c.json,809655c1-b2ab-470c-9d60-b8996ed9583c,published,false,true,1,Answerable (exactly one correct option),Paediatric Sub-specialties
questions/80a2ba9e-a408-415c-892e-9d531f1dbdb5.json,80a2ba9e-a408-415c-892e-9d531f1dbdb5,published,true,true,1,Answerable (exactly one correct option),Paediatric Sub-specialties
questions/80cc3453-7785-5fbe-92fb-e00cccbd3cad.json,80cc3453-7785-5fbe-92fb-e00cccbd3cad,published,false,true,1,Answerable (exactly one correct option),Paediatric Sub-specialties
questions/80d805ae-b869-4d74-bb5f-981ed2e09d6a.json,80d805ae-b869-4d74-bb5f-981ed2e09d6a,published,false,true,1,Answerable (exactly one correct option),Unclassified
questions/80ef37be-5db6-4816-b20e-ccd746182ffd.json,80ef37be-5db6-4816-b20e-ccd746182ffd,published,false,true,1,Answerable (exactly one correct option),Paediatric Sub-specialties
questions/80f95845-31b5-46e0-b1f9-7cd59b54b3e8.json,80f95845-31b5-46e0-b1f9-7cd59b54b3e8,published,true,true,1,Answerable (exactly one correct option),Paediatric Surgery
questions/8103df00-ed02-4d96-8155-bcd14853490d.json,8103df00-ed02-4d96-8155-bcd14853490d,published,false,true,1,Answerable (exactly one correct option),Paediatric Sub-specialties
questions/811ec980-15e4-509d-b33b-cd236b9177df.json,811ec980-15e4-509d-b33b-cd236b9177df,published,false,true,1,Answerable (exactly one correct option),Emergency Paediatrics
questions/81293e54-ca4f-5c26-b010-15be6b269bc8.json,81293e54-ca4f-5c26-b010-15be6b269bc8,published,false,true,1,Answerable (exactly one correct option),General Paediatrics
questions/815a179d-a457-534d-b727-a21012216e25.json,815a179d-a457-534d-b727-a21012216e25,published,false,true,1,Answerable (exactly one correct option),Paediatric Sub-specialties
questions/81657cff-ed9a-4062-ae84-068d75c8ede1.json,81657cff-ed9a-4062-ae84-068d75c8ede1,published,true,true,1,Answerable (exactly one correct option),General Paediatrics
questions/816f1a17-0593-41f2-82cf-0a883dfd8e23.json,816f1a17-0593-41f2-82cf-0a883dfd8e23,published,false,true,1,Answerable (exactly one correct option),Paediatric Surgery
questions/81a32aa6-94e5-405a-b1ef-9b76746ba188.json,81a32aa6-94e5-405a-b1ef-9b76746ba188,published,true,true,1,Answerable (exactly one correct option),Paediatric Sub-specialties
questions/81ec6e6f-70b2-4134-a11a-8b1ad968c21d.json,81ec6e6f-70b2-4134-a11a-8b1ad968c21d,published,true,true,1,Answerable (exactly one correct option),General Paediatrics
questions/81f5a6b2-7e0b-471f-a7ca-bc581be2ffaa.json,81f5a6b2-7e0b-471f-a7ca-bc581be2ffaa,published,true,true,1,Answerable (exactly one correct option),Paediatric Surgery
questions/821fb35f-579b-4e58-9ada-b6d5ad1ccf3f.json,821fb35f-579b-4e58-9ada-b6d5ad1ccf3f,published,true,true,1,Answerable (exactly one correct option),Adolescent Medicine
questions/8231c4ae-6e46-4069-a4cd-c4e9b2f4a8cb.json,8231c4ae-6e46-4069-a4cd-c4e9b2f4a8cb,published,true,true,1,Answerable (exactly one correct option),Paediatric Sub-specialties
questions/8257fc5f-c953-45eb-bb9c-78377e0c98f3.json,8257fc5f-c953-45eb-bb9c-78377e0c98f3,published,false,true,1,Answerable (exactly one correct option),Paediatric Sub-specialties
questions/8269569e-4377-5556-9c3c-6d3ed6699b9a.json,8269569e-4377-5556-9c3c-6d3ed6699b9a,published,false,true,1,Answerable (exactly one correct option),Paediatric Sub-specialties
questions/827b16e2-30d7-5ce6-9051-ce3d3d91327c.json,827b16e2-30d7-5ce6-9051-ce3d3d91327c,published,false,true,1,Answerable (exactly one correct option),Paediatric Surgery
questions/828f5b21-481e-4ddd-af2e-beb649e0a566.json,828f5b21-481e-4ddd-af2e-beb649e0a566,published,false,true,1,Answerable (exactly one correct option),Emergency Paediatrics
questions/82ae363f-7602-4ad7-8c48-a087498c1705.json,82ae363f-7602-4ad7-8c48-a087498c1705,published,true,true,1,Answerable (exactly one correct option),Emergency Paediatrics
questions/82e55db4-41b5-5775-8cd2-56332d5d4734.json,82e55db4-41b5-5775-8cd2-56332d5d4734,published,false,true,1,Answerable (exactly one correct option),Emergency Paediatrics
questions/830cc782-b8e6-4529-bb1e-10c05d075e48.json,830cc782-b8e6-4529-bb1e-10c05d075e48,published,false,true,1,Answerable (exactly one correct option),General Paediatrics
questions/831f11c7-546a-5977-a054-328ad1ee5b01.json,831f11c7-546a-5977-a054-328ad1ee5b01,published,false,true,1,Answerable (exactly one correct option),General Paediatrics
questions/833b3e52-01fc-575b-9aec-a5ce20647a74.json,833b3e52-01fc-575b-9aec-a5ce20647a74,published,false,true,1,Answerable (exactly one correct option),General Paediatrics
questions/8344792f-15d4-45c5-8464-46c484afdfb0.json,8344792f-15d4-45c5-8464-46c484afdfb0,published,true,true,1,Answerable (exactly one correct option),Paediatric Sub-specialties
questions/83470480-3a8d-466d-9753-01d1f0fdde16.json,83470480-3a8d-466d-9753-01d1f0fdde16,published,true,true,1,Answerable (exactly one correct option),Paediatric Sub-specialties
questions/8355c551-7d0e-4971-b831-3895c1ea604f.json,8355c551-7d0e-4971-b831-3895c1ea604f,published,false,true,1,Answerable (exactly one correct option),Paediatric Sub-specialties
questions/83684779-32e9-4e4b-8aa4-77d64c8a9fb4.json,83684779-32e9-4e4b-8aa4-77d64c8a9fb4,published,false,true,1,Answerable (exactly one correct option),General Paediatrics
questions/8372aa4d-bcf7-45ea-ab73-6dd306779bf0.json,8372aa4d-bcf7-45ea-ab73-6dd306779bf0,published,false,true,1,Answerable (exactly one correct option),Unclassified
questions/83d19f2e-786e-4976-9ce2-294f2e75cd4c.json,83d19f2e-786e-4976-9ce2-294f2e75cd4c,published,true,true,1,Answerable (exactly one correct option),Paediatric Sub-specialties
questions/83d4a9c5-9928-5cc8-b683-13c3534e4731.json,83d4a9c5-9928-5cc8-b683-13c3534e4731,published,false,true,1,Answerable (exactly one correct option),Paediatric Sub-specialties
questions/83e403cb-9088-4291-9214-b7e36a1a8aaa.json,83e403cb-9088-4291-9214-b7e36a1a8aaa,published,true,true,1,Answerable (exactly one correct option),Community-based Paediatrics
questions/83e5815c-1a69-4acc-adf2-0fd863c52943.json,83e5815c-1a69-4acc-adf2-0fd863c52943,published,true,true,1,Answerable (exactly one correct option),Adolescent Medicine
questions/83ed3e9e-5432-560d-91af-c88b73851a68.json,83ed3e9e-5432-560d-91af-c88b73851a68,published,false,true,1,Answerable (exactly one correct option),Paediatric Surgery
questions/841b3ffa-f926-4ed3-84db-6808eed4dfda.json,841b3ffa-f926-4ed3-84db-6808eed4dfda,published,true,true,1,Answerable (exactly one correct option),Adolescent Medicine
questions/843a6855-4e92-4c44-96b7-9eb88c7bf22b.json,843a6855-4e92-4c44-96b7-9eb88c7bf22b,published,true,true,1,Answerable (exactly one correct option),Emergency Paediatrics
questions/8479c00b-0577-478f-9f8d-cce5d51bb58a.json,8479c00b-0577-478f-9f8d-cce5d51bb58a,published,false,true,1,Answerable (exactly one correct option),Paediatric Sub-specialties
questions/847af061-0b2d-529a-8073-2048ba3b63f7.json,847af061-0b2d-529a-8073-2048ba3b63f7,published,false,true,1,Answerable (exactly one correct option),Paediatric Surgery
questions/8484e1c6-2528-4ddc-8333-74056fe116d7.json,8484e1c6-2528-4ddc-8333-74056fe116d7,published,true,true,1,Answerable (exactly one correct option),Paediatric Sub-specialties
questions/84873998-ec18-432e-a434-359bdbf23550.json,84873998-ec18-432e-a434-359bdbf23550,published,false,true,1,Answerable (exactly one correct option),General Paediatrics
questions/8491734e-f633-4d9a-8a1b-00d65d68d6da.json,8491734e-f633-4d9a-8a1b-00d65d68d6da,published,true,true,1,Answerable (exactly one correct option),Paediatric Sub-specialties
questions/849d231e-eb8c-4b1a-9f21-ba84e25f8fac.json,849d231e-eb8c-4b1a-9f21-ba84e25f8fac,published,false,true,1,Answerable (exactly one correct option),Emergency Paediatrics
questions/84a00de6-1f9c-4064-9661-76c14a65d3a2.json,84a00de6-1f9c-4064-9661-76c14a65d3a2,published,true,true,1,Answerable (exactly one correct option),Paediatric Surgery
questions/84b9f0e5-2911-420d-a118-a83a82462fe4.json,84b9f0e5-2911-420d-a118-a83a82462fe4,published,false,true,1,Answerable (exactly one correct option),Unclassified
questions/84db4c51-894d-48a8-ab4b-d6b28a0c0a6c.json,84db4c51-894d-48a8-ab4b-d6b28a0c0a6c,published,true,true,1,Answerable (exactly one correct option),Emergency Paediatrics
questions/84f0ea1c-d96e-4ed0-992e-f0d9f62e0d56.json,84f0ea1c-d96e-4ed0-992e-f0d9f62e0d56,published,true,true,1,Answerable (exactly one correct option),Paediatric Surgery
questions/84f2a12c-248c-498b-910c-8c2e69673c0b.json,84f2a12c-248c-498b-910c-8c2e69673c0b,published,false,true,1,Answerable (exactly one correct option),General Paediatrics
questions/84f8ac50-3ec4-4a1d-b59e-80cc5f40af40.json,84f8ac50-3ec4-4a1d-b59e-80cc5f40af40,published,true,true,1,Answerable (exactly one correct option),Paediatric Sub-specialties
questions/85001753-f269-4cbf-8095-2978aafe897b.json,85001753-f269-4cbf-8095-2978aafe897b,published,true,true,1,Answerable (exactly one correct option),Paediatric Sub-specialties
questions/851c907a-3a03-4a36-a5ed-25a27f2aa523.json,851c907a-3a03-4a36-a5ed-25a27f2aa523,published,false,true,1,Answerable (exactly one correct option),Unclassified
questions/853814e7-7a27-4b9d-99d3-832696bf3126.json,853814e7-7a27-4b9d-99d3-832696bf3126,published,true,true,1,Answerable (exactly one correct option),Paediatric Surgery
questions/85803ff9-a901-49f0-85a5-14fd440f270f.json,85803ff9-a901-49f0-85a5-14fd440f270f,published,true,true,1,Answerable (exactly one correct option),Paediatric Surgery
questions/8587303a-f1c3-4491-b9f7-95c45ae49737.json,8587303a-f1c3-4491-b9f7-95c45ae49737,published,true,true,1,Answerable (exactly one correct option),Paediatric Sub-specialties
questions/85a24154-35b1-4f29-a9f6-6a041e14ccd5.json,85a24154-35b1-4f29-a9f6-6a041e14ccd5,published,true,true,1,Answerable (exactly one correct option),Paediatric Surgery
questions/85a6d82b-c8f9-4775-bc8a-0065ae8c2f69.json,85a6d82b-c8f9-4775-bc8a-0065ae8c2f69,published,true,true,1,Answerable (exactly one correct option),Paediatric Sub-specialties
questions/85a878aa-3fae-46da-8585-475c918a5cbb.json,85a878aa-3fae-46da-8585-475c918a5cbb,published,false,true,1,Answerable (exactly one correct option),Paediatric Surgery
questions/85b1b9ba-f2fd-4171-8c5c-870ca7f871ad.json,85b1b9ba-f2fd-4171-8c5c-870ca7f871ad,published,false,true,1,Answerable (exactly one correct option),Unclassified
questions/85b48bd0-af18-44de-ad20-ce3a70dc5dd4.json,85b48bd0-af18-44de-ad20-ce3a70dc5dd4,published,true,true,1,Answerable (exactly one correct option),Community-based Paediatrics
questions/85bf92bb-9b0f-4f67-810b-e51546d6b85c.json,85bf92bb-9b0f-4f67-810b-e51546d6b85c,published,true,true,1,Answerable (exactly one correct option),General Paediatrics
questions/85cc77b8-9cd2-4e0a-bdbb-6aedb716030c.json,85cc77b8-9cd2-4e0a-bdbb-6aedb716030c,published,true,true,1,Answerable (exactly one correct option),Paediatric Sub-specialties
questions/85d253d2-a8d5-433b-a55e-07dd89789a48.json,85d253d2-a8d5-433b-a55e-07dd89789a48,published,true,true,1,Answerable (exactly one correct option),Paediatric Sub-specialties
questions/85d577d0-c682-4efd-941d-67df8702cbf4.json,85d577d0-c682-4efd-941d-67df8702cbf4,published,true,true,1,Answerable (exactly one correct option),Paediatric Sub-specialties
questions/85f29111-fe7b-4633-8c81-7a1502bba9e2.json,85f29111-fe7b-4633-8c81-7a1502bba9e2,published,true,true,1,Answerable (exactly one correct option),Paediatric Surgery
questions/86082b23-2d52-4af3-a42d-7df8a80b4f4b.json,86082b23-2d52-4af3-a42d-7df8a80b4f4b,published,true,true,1,Answerable (exactly one correct option),General Paediatrics
questions/86091b35-4597-525d-b752-7fc0dbdb49fa.json,86091b35-4597-525d-b752-7fc0dbdb49fa,published,false,true,1,Answerable (exactly one correct option),Emergency Paediatrics
questions/862cb8ec-ed92-5714-a47b-92179212862e.json,862cb8ec-ed92-5714-a47b-92179212862e,published,false,true,1,Answerable (exactly one correct option),Adolescent Medicine
questions/863f263c-ec60-573d-8591-c01bf812a9d9.json,863f263c-ec60-573d-8591-c01bf812a9d9,published,false,true,1,Answerable (exactly one correct option),Emergency Paediatrics
questions/864f358a-d982-5b06-9342-46fe013e6504.json,864f358a-d982-5b06-9342-46fe013e6504,published,false,true,1,Answerable (exactly one correct option),Adolescent Medicine
questions/8663fe91-4d76-492b-8681-a5aa8c9880da.json,8663fe91-4d76-492b-8681-a5aa8c9880da,published,false,true,1,Answerable (exactly one correct option),Community-based Paediatrics
questions/867f33de-1446-4edf-b74f-4698f90933d0.json,867f33de-1446-4edf-b74f-4698f90933d0,published,true,true,1,Answerable (exactly one correct option),Paediatric Sub-specialties
questions/869fbe61-8523-58c7-8422-c744e20f8600.json,869fbe61-8523-58c7-8422-c744e20f8600,published,false,true,1,Answerable (exactly one correct option),Paediatric Sub-specialties
questions/86abdb60-ba6a-425f-8637-42c715fca12a.json,86abdb60-ba6a-425f-8637-42c715fca12a,published,true,true,1,Answerable (exactly one correct option),Emergency Paediatrics
questions/86b9189a-61b9-5c60-a652-23228ad336b5.json,86b9189a-61b9-5c60-a652-23228ad336b5,published,false,true,1,Answerable (exactly one correct option),Paediatric Surgery
questions/86c50f1b-deb7-488f-a13f-79db81baf55e.json,86c50f1b-deb7-488f-a13f-79db81baf55e,published,true,true,1,Answerable (exactly one correct option),Paediatric Sub-specialties
questions/86cf166f-59d5-4570-97be-112d65668ef4.json,86cf166f-59d5-4570-97be-112d65668ef4,published,true,true,1,Answerable (exactly one correct option),Adolescent Medicine
questions/86de167d-f0da-44ee-aec4-7ca56c4e97b0.json,86de167d-f0da-44ee-aec4-7ca56c4e97b0,published,false,true,1,Answerable (exactly one correct option),Paediatric Surgery
questions/8718ab00-afcb-4918-a38f-44ed64ea5812.json,8718ab00-afcb-4918-a38f-44ed64ea5812,published,false,true,1,Answerable (exactly one correct option),Paediatric Surgery
questions/872dc9ed-ba48-4d7f-83f7-7a80cba87bac.json,872dc9ed-ba48-4d7f-83f7-7a80cba87bac,published,true,true,1,Answerable (exactly one correct option),Adolescent Medicine
questions/87360770-a395-5892-ad27-e476f9bcc6b9.json,87360770-a395-5892-ad27-e476f9bcc6b9,published,false,true,1,Answerable (exactly one correct option),Paediatric Sub-specialties
questions/873ffcb3-faf7-400b-b1e2-b0137abd5ddc.json,873ffcb3-faf7-400b-b1e2-b0137abd5ddc,published,false,true,1,Answerable (exactly one correct option),Community-based Paediatrics
questions/874f16cc-3157-49b0-ac75-b8a7316c2377.json,874f16cc-3157-49b0-ac75-b8a7316c2377,published,true,true,1,Answerable (exactly one correct option),Adolescent Medicine
questions/8755217a-d9f9-5cff-8861-25bd3fd203f7.json,8755217a-d9f9-5cff-8861-25bd3fd203f7,published,false,true,1,Answerable (exactly one correct option),Emergency Paediatrics
questions/8765fa32-bac0-43cc-93e6-7470db90a6ca.json,8765fa32-bac0-43cc-93e6-7470db90a6ca,published,false,true,1,Answerable (exactly one correct option),Paediatric Sub-specialties
questions/876d0827-c001-4d41-8686-6d58aedb3cd5.json,876d0827-c001-4d41-8686-6d58aedb3cd5,published,false,true,1,Answerable (exactly one correct option),Unclassified
questions/8773b697-8a3a-4343-bf12-10efb97a1b92.json,8773b697-8a3a-4343-bf12-10efb97a1b92,published,true,true,1,Answerable (exactly one correct option),Paediatric Sub-specialties
questions/877c1b2e-19e9-436d-a3fb-bee266f31090.json,877c1b2e-19e9-436d-a3fb-bee266f31090,published,true,true,1,Answerable (exactly one correct option),Paediatric Sub-specialties
questions/8787a2bb-ff7c-46a0-a6fb-43f7a567b7c9.json,8787a2bb-ff7c-46a0-a6fb-43f7a567b7c9,published,true,true,1,Answerable (exactly one correct option),Paediatric Surgery
questions/8789e5f1-ec46-40a3-8bbb-8a9c2e0a48d9.json,8789e5f1-ec46-40a3-8bbb-8a9c2e0a48d9,published,true,true,1,Answerable (exactly one correct option),Paediatric Sub-specialties
questions/87cd9047-b9bb-5cbd-bbfa-bf7bcd6213cd.json,87cd9047-b9bb-5cbd-bbfa-bf7bcd6213cd,published,false,true,1,Answerable (exactly one correct option),Emergency Paediatrics
questions/87d4a760-8f9b-5a6a-af5c-68a10a5e396b.json,87d4a760-8f9b-5a6a-af5c-68a10a5e396b,published,false,true,1,Answerable (exactly one correct option),Emergency Paediatrics
questions/87dc60c4-1f0a-56bc-b514-a7cff0f3a49d.json,87dc60c4-1f0a-56bc-b514-a7cff0f3a49d,published,false,true,1,Answerable (exactly one correct option),Paediatric Sub-specialties
questions/8850939f-e1fc-4bf6-9f54-7c98f686dbb6.json,8850939f-e1fc-4bf6-9f54-7c98f686dbb6,published,false,true,1,Answerable (exactly one correct option),Unclassified
questions/886c2d98-ac63-597f-8064-5ea3a9e84228.json,886c2d98-ac63-597f-8064-5ea3a9e84228,published,false,true,1,Answerable (exactly one correct option),Paediatric Sub-specialties
questions/88a43555-a36e-4d10-a4f7-1916f3d91165.json,88a43555-a36e-4d10-a4f7-1916f3d91165,published,false,true,1,Answerable (exactly one correct option),Paediatric Sub-specialties
questions/88aaded7-333d-4792-a860-19e5483edda7.json,88aaded7-333d-4792-a860-19e5483edda7,published,false,true,1,Answerable (exactly one correct option),Community-based Paediatrics
questions/88cc04fa-4e13-4c31-852b-af0a51182397.json,88cc04fa-4e13-4c31-852b-af0a51182397,published,false,true,1,Answerable (exactly one correct option),Unclassified
questions/88d2057d-0026-59da-a058-6d5a3d98fda0.json,88d2057d-0026-59da-a058-6d5a3d98fda0,published,false,true,1,Answerable (exactly one correct option),Paediatric Sub-specialties
questions/88f057ca-d18a-52d5-93a8-6db7e114b0d4.json,88f057ca-d18a-52d5-93a8-6db7e114b0d4,published,false,true,1,Answerable (exactly one correct option),Paediatric Sub-specialties
questions/89370315-65ef-43a9-8668-d9fa89e4b65a.json,89370315-65ef-43a9-8668-d9fa89e4b65a,published,true,true,1,Answerable (exactly one correct option),Paediatric Sub-specialties
questions/893f5a27-2e7e-48b6-8dd3-4dbda7c8244e.json,893f5a27-2e7e-48b6-8dd3-4dbda7c8244e,published,false,true,1,Answerable (exactly one correct option),Unclassified
questions/894733e6-4a2d-563e-bf8a-11f4e3063554.json,894733e6-4a2d-563e-bf8a-11f4e3063554,published,false,true,1,Answerable (exactly one correct option),General Paediatrics
questions/895671bb-43ff-5015-a8cf-b2da2c946318.json,895671bb-43ff-5015-a8cf-b2da2c946318,published,false,true,1,Answerable (exactly one correct option),Paediatric Surgery
questions/8963f361-bdc2-444d-9e7a-b4471b6d61ad.json,8963f361-bdc2-444d-9e7a-b4471b6d61ad,published,false,true,1,Answerable (exactly one correct option),Paediatric Surgery
questions/897caf21-7da7-4a20-9381-49b5cad0731c.json,897caf21-7da7-4a20-9381-49b5cad0731c,published,false,true,1,Answerable (exactly one correct option),Paediatric Sub-specialties
questions/897de4f5-e49e-481a-a06b-638a9a8fc2e4.json,897de4f5-e49e-481a-a06b-638a9a8fc2e4,published,true,true,1,Answerable (exactly one correct option),General Paediatrics
questions/8985c075-6401-4918-a05e-f893602ee1a7.json,8985c075-6401-4918-a05e-f893602ee1a7,published,false,true,1,Answerable (exactly one correct option),Unclassified
questions/8987cbc0-9f4c-42fa-8429-fbc9b2d67ec9.json,8987cbc0-9f4c-42fa-8429-fbc9b2d67ec9,published,false,true,1,Answerable (exactly one correct option),Paediatric Sub-specialties
questions/898a83be-c278-517b-a8e7-df4f2e29b115.json,898a83be-c278-517b-a8e7-df4f2e29b115,published,false,true,1,Answerable (exactly one correct option),Paediatric Sub-specialties
questions/8990d65d-5450-43a0-b3ec-70e2d529a99f.json,8990d65d-5450-43a0-b3ec-70e2d529a99f,published,false,true,1,Answerable (exactly one correct option),Paediatric Sub-specialties
questions/8998bc28-90c6-596b-8392-c34407d0a19a.json,8998bc28-90c6-596b-8392-c34407d0a19a,published,false,true,1,Answerable (exactly one correct option),Paediatric Sub-specialties
questions/899d1b20-9e98-51ff-899f-d3ce4b1720ae.json,899d1b20-9e98-51ff-899f-d3ce4b1720ae,published,false,true,1,Answerable (exactly one correct option),Paediatric Sub-specialties
questions/89bd1df6-7bb5-4994-a792-827cc8a0b2a1.json,89bd1df6-7bb5-4994-a792-827cc8a0b2a1,published,false,true,1,Answerable (exactly one correct option),Paediatric Sub-specialties
questions/89d2933a-47b7-504d-84ad-7e7a36e29ebe.json,89d2933a-47b7-504d-84ad-7e7a36e29ebe,published,false,true,1,Answerable (exactly one correct option),General Paediatrics
questions/89da9fd4-169e-5c60-a022-8b06739d6c85.json,89da9fd4-169e-5c60-a022-8b06739d6c85,published,false,true,1,Answerable (exactly one correct option),Community-based Paediatrics
questions/89e0f834-6fe3-4f79-8174-60c564d101ea.json,89e0f834-6fe3-4f79-8174-60c564d101ea,published,true,true,1,Answerable (exactly one correct option),Community-based Paediatrics
questions/8a305481-c7e9-4696-83d7-665b7ba0516a.json,8a305481-c7e9-4696-83d7-665b7ba0516a,published,false,true,1,Answerable (exactly one correct option),Unclassified
questions/8a3a67c6-ce7d-4238-8ac6-b6431eef05af.json,8a3a67c6-ce7d-4238-8ac6-b6431eef05af,published,false,true,1,Answerable (exactly one correct option),Unclassified
questions/8a46150b-3fc7-4ef2-8034-b1519b630c21.json,8a46150b-3fc7-4ef2-8034-b1519b630c21,published,true,true,1,Answerable (exactly one correct option),Paediatric Surgery
questions/8a4a3eb3-aec7-4bb6-a91d-e48db49fbabb.json,8a4a3eb3-aec7-4bb6-a91d-e48db49fbabb,published,true,true,1,Answerable (exactly one correct option),Paediatric Sub-specialties
questions/8a5289ac-ba2f-59d4-8f90-ed8d7feb5c1d.json,8a5289ac-ba2f-59d4-8f90-ed8d7feb5c1d,published,false,true,1,Answerable (exactly one correct option),Paediatric Sub-specialties
questions/8a6826b6-0e0b-4463-b2e5-a1dea4743253.json,8a6826b6-0e0b-4463-b2e5-a1dea4743253,published,true,true,1,Answerable (exactly one correct option),Community-based Paediatrics
questions/8a9ea777-814e-432d-9dd7-564666d1fa0b.json,8a9ea777-814e-432d-9dd7-564666d1fa0b,published,true,true,1,Answerable (exactly one correct option),Paediatric Sub-specialties
questions/8ab72c0a-8ee4-4e3b-87fc-b384ba2dc33e.json,8ab72c0a-8ee4-4e3b-87fc-b384ba2dc33e,published,false,true,1,Answerable (exactly one correct option),Paediatric Sub-specialties
questions/8abc33d3-9989-428b-81da-fbaa7421b95c.json,8abc33d3-9989-428b-81da-fbaa7421b95c,published,true,true,1,Answerable (exactly one correct option),Paediatric Sub-specialties
questions/8ac462a5-5f3d-4255-8a4b-41f01053ea23.json,8ac462a5-5f3d-4255-8a4b-41f01053ea23,published,true,true,1,Answerable (exactly one correct option),Paediatric Sub-specialties
questions/8acae535-c69b-4621-a1c6-c4a5304eed3b.json,8acae535-c69b-4621-a1c6-c4a5304eed3b,published,true,true,1,Answerable (exactly one correct option),General Paediatrics
questions/8ad5226e-38cd-4596-971b-fba068baebbc.json,8ad5226e-38cd-4596-971b-fba068baebbc,published,true,true,1,Answerable (exactly one correct option),Emergency Paediatrics
questions/8ad6c4f7-830e-5ea7-a655-f5d15530cea8.json,8ad6c4f7-830e-5ea7-a655-f5d15530cea8,published,false,true,1,Answerable (exactly one correct option),Paediatric Surgery
questions/8ad7ab81-5b28-4504-b3df-bdca0ba5531c.json,8ad7ab81-5b28-4504-b3df-bdca0ba5531c,published,false,true,1,Answerable (exactly one correct option),Unclassified
questions/8ae4c0ae-39eb-4844-86bf-b60282aec7d4.json,8ae4c0ae-39eb-4844-86bf-b60282aec7d4,published,true,true,1,Answerable (exactly one correct option),Paediatric Surgery
questions/8af725d1-7484-4118-83ff-70878fea01b9.json,8af725d1-7484-4118-83ff-70878fea01b9,published,false,true,1,Answerable (exactly one correct option),Adolescent Medicine
questions/8b0c98c6-1979-531b-aba6-2f8fe49fb50e.json,8b0c98c6-1979-531b-aba6-2f8fe49fb50e,published,false,true,1,Answerable (exactly one correct option),Paediatric Surgery
questions/8b1edac2-f10a-4d78-9996-3bf9c62366fb.json,8b1edac2-f10a-4d78-9996-3bf9c62366fb,published,true,true,1,Answerable (exactly one correct option),Paediatric Surgery
questions/8b306fe4-0b41-5146-8fa1-8f832bb0c7fd.json,8b306fe4-0b41-5146-8fa1-8f832bb0c7fd,published,false,true,1,Answerable (exactly one correct option),Paediatric Sub-specialties
questions/8b5526b1-b6a5-4c41-a252-ec86b38c90d0.json,8b5526b1-b6a5-4c41-a252-ec86b38c90d0,published,false,true,1,Answerable (exactly one correct option),Emergency Paediatrics
questions/8b7b041a-d6e3-5965-9c96-64d9230785a2.json,8b7b041a-d6e3-5965-9c96-64d9230785a2,published,false,true,1,Answerable (exactly one correct option),General Paediatrics
questions/8b9f4325-c960-4b42-99fc-1c988a4e0e8b.json,8b9f4325-c960-4b42-99fc-1c988a4e0e8b,published,true,true,1,Answerable (exactly one correct option),Community-based Paediatrics
questions/8ba3e196-c079-4d13-a105-ad120076d1b1.json,8ba3e196-c079-4d13-a105-ad120076d1b1,published,false,true,1,Answerable (exactly one correct option),General Paediatrics
questions/8baa1dc8-fe11-49d7-8503-60a2cc2c461d.json,8baa1dc8-fe11-49d7-8503-60a2cc2c461d,published,true,true,1,Answerable (exactly one correct option),Emergency Paediatrics
questions/8bca58d3-6745-5be8-aeba-86e360cc986c.json,8bca58d3-6745-5be8-aeba-86e360cc986c,published,false,true,1,Answerable (exactly one correct option),Paediatric Surgery
questions/8bd90d73-a54a-4638-acce-26b2be0a008f.json,8bd90d73-a54a-4638-acce-26b2be0a008f,published,true,true,1,Answerable (exactly one correct option),Paediatric Sub-specialties
questions/8bee4417-8574-4479-8bc5-c2bdecf6b000.json,8bee4417-8574-4479-8bc5-c2bdecf6b000,published,true,true,1,Answerable (exactly one correct option),Paediatric Surgery
questions/8bef2d1b-3909-45ac-b187-590ba5d41059.json,8bef2d1b-3909-45ac-b187-590ba5d41059,published,true,true,1,Answerable (exactly one correct option),Paediatric Surgery
questions/8bf89853-f6f4-4155-b7fc-de0ba92a469a.json,8bf89853-f6f4-4155-b7fc-de0ba92a469a,published,true,true,1,Answerable (exactly one correct option),General Paediatrics
questions/8bfb0f96-a542-47a8-8eeb-856641619b23.json,8bfb0f96-a542-47a8-8eeb-856641619b23,published,false,true,1,Answerable (exactly one correct option),General Paediatrics
questions/8bfcd848-d4e1-5347-99e8-89121951b30a.json,8bfcd848-d4e1-5347-99e8-89121951b30a,published,false,true,1,Answerable (exactly one correct option),Paediatric Surgery
questions/8c15154b-ca0a-5192-b9fd-8b3a39909708.json,8c15154b-ca0a-5192-b9fd-8b3a39909708,published,false,true,1,Answerable (exactly one correct option),Paediatric Sub-specialties
questions/8c1be15d-d899-46fd-b10f-baec7eaa92bf.json,8c1be15d-d899-46fd-b10f-baec7eaa92bf,published,false,true,1,Answerable (exactly one correct option),Emergency Paediatrics
questions/8c388796-8c77-5e7a-babc-76ef512141ca.json,8c388796-8c77-5e7a-babc-76ef512141ca,published,false,true,1,Answerable (exactly one correct option),Emergency Paediatrics
questions/8c5767e5-41df-48f5-a859-8ab7955bcd57.json,8c5767e5-41df-48f5-a859-8ab7955bcd57,published,false,true,1,Answerable (exactly one correct option),Unclassified
questions/8c5f8d41-7f20-4920-bd69-51aaeb0e5c6f.json,8c5f8d41-7f20-4920-bd69-51aaeb0e5c6f,published,true,true,1,Answerable (exactly one correct option),Paediatric Sub-specialties
questions/8c61687d-0f02-5ab3-8074-4f4a039b0f7e.json,8c61687d-0f02-5ab3-8074-4f4a039b0f7e,published,false,true,1,Answerable (exactly one correct option),Paediatric Surgery
questions/8c7fb3df-dd5e-41a2-920a-54fc3228d625.json,8c7fb3df-dd5e-41a2-920a-54fc3228d625,published,true,true,1,Answerable (exactly one correct option),Emergency Paediatrics
questions/8c8620bc-822f-414b-803d-bfa80ab80d43.json,8c8620bc-822f-414b-803d-bfa80ab80d43,published,true,true,1,Answerable (exactly one correct option),General Paediatrics
questions/8c8b6209-10e8-4d1d-880e-a5f2ffdc999b.json,8c8b6209-10e8-4d1d-880e-a5f2ffdc999b,published,true,true,1,Answerable (exactly one correct option),Paediatric Sub-specialties
questions/8c963fe7-e4fc-5aba-b363-b757edd5c28f.json,8c963fe7-e4fc-5aba-b363-b757edd5c28f,published,false,true,1,Answerable (exactly one correct option),General Paediatrics
questions/8ca27a05-4fed-40a7-a19f-e8a4f719bd77.json,8ca27a05-4fed-40a7-a19f-e8a4f719bd77,published,false,true,1,Answerable (exactly one correct option),Paediatric Sub-specialties
questions/8cb97569-73eb-4eff-9153-23937ff78657.json,8cb97569-73eb-4eff-9153-23937ff78657,published,true,true,1,Answerable (exactly one correct option),Paediatric Surgery
questions/8cdfb6da-88cd-4045-b073-f1e80ba33036.json,8cdfb6da-88cd-4045-b073-f1e80ba33036,published,true,true,1,Answerable (exactly one correct option),Community-based Paediatrics
questions/8cdff16d-92e8-4a48-9631-a0cb4f8a03f5.json,8cdff16d-92e8-4a48-9631-a0cb4f8a03f5,published,true,true,1,Answerable (exactly one correct option),Paediatric Surgery
questions/8d11e5f5-1cb0-420d-95a9-1992c755ded6.json,8d11e5f5-1cb0-420d-95a9-1992c755ded6,published,true,true,1,Answerable (exactly one correct option),Paediatric Sub-specialties
questions/8d1d6380-1caa-4538-8c01-727a1273620a.json,8d1d6380-1caa-4538-8c01-727a1273620a,published,false,true,1,Answerable (exactly one correct option),General Paediatrics
questions/8d2d57a5-e69f-4b4c-b8db-3d346f373ad3.json,8d2d57a5-e69f-4b4c-b8db-3d346f373ad3,published,false,true,1,Answerable (exactly one correct option),Paediatric Surgery
questions/8d59feba-17ac-4044-82ca-bcfa3d07addb.json,8d59feba-17ac-4044-82ca-bcfa3d07addb,published,true,true,1,Answerable (exactly one correct option),Community-based Paediatrics
questions/8d5beb02-bc4c-59cf-929c-3c27bf9ed091.json,8d5beb02-bc4c-59cf-929c-3c27bf9ed091,published,false,true,1,Answerable (exactly one correct option),Emergency Paediatrics
questions/8d7348b7-c2e4-54d6-a36e-4fc40d8ef96d.json,8d7348b7-c2e4-54d6-a36e-4fc40d8ef96d,published,false,true,1,Answerable (exactly one correct option),Paediatric Surgery
questions/8dc84345-98e3-57ec-b326-72923f532d02.json,8dc84345-98e3-57ec-b326-72923f532d02,published,false,true,1,Answerable (exactly one correct option),General Paediatrics
questions/8df51d39-a47b-4312-82ea-50ebbae46dfd.json,8df51d39-a47b-4312-82ea-50ebbae46dfd,published,false,true,1,Answerable (exactly one correct option),Adolescent Medicine
questions/8e1d9b8c-6ab5-5b9d-b165-11079a1be714.json,8e1d9b8c-6ab5-5b9d-b165-11079a1be714,published,false,true,1,Answerable (exactly one correct option),Paediatric Surgery
questions/8e35033f-8b94-4389-a322-7257b1f508ae.json,8e35033f-8b94-4389-a322-7257b1f508ae,published,true,true,1,Answerable (exactly one correct option),Paediatric Sub-specialties
questions/8e460b7e-a245-4491-8de8-10d441e9e6c7.json,8e460b7e-a245-4491-8de8-10d441e9e6c7,published,true,true,1,Answerable (exactly one correct option),General Paediatrics
questions/8e5fa640-e8e6-4117-a379-3785ac42cd77.json,8e5fa640-e8e6-4117-a379-3785ac42cd77,published,true,true,1,Answerable (exactly one correct option),Paediatric Sub-specialties
questions/8e61c663-6433-566c-9a3d-bc4387b2c73a.json,8e61c663-6433-566c-9a3d-bc4387b2c73a,published,false,true,1,Answerable (exactly one correct option),Paediatric Sub-specialties
questions/8e6f6408-f40c-540b-8a68-62d77c2108bc.json,8e6f6408-f40c-540b-8a68-62d77c2108bc,published,false,true,1,Answerable (exactly one correct option),Paediatric Surgery
questions/8e9bc435-9aff-4fa8-8300-513b859ae3c4.json,8e9bc435-9aff-4fa8-8300-513b859ae3c4,published,false,true,1,Answerable (exactly one correct option),Unclassified
questions/8ea13b2f-d891-571a-b70f-1490b4ad6fc6.json,8ea13b2f-d891-571a-b70f-1490b4ad6fc6,published,false,true,1,Answerable (exactly one correct option),Paediatric Sub-specialties
questions/8ecc3771-d83c-439c-9540-8e99b8836962.json,8ecc3771-d83c-439c-9540-8e99b8836962,published,false,true,1,Answerable (exactly one correct option),Paediatric Sub-specialties
questions/8ece7e77-62a4-48a3-87d9-879f34e693ef.json,8ece7e77-62a4-48a3-87d9-879f34e693ef,published,false,true,1,Answerable (exactly one correct option),Paediatric Sub-specialties
questions/8f135f46-e5fb-5a98-a05e-81cf0c0dfdec.json,8f135f46-e5fb-5a98-a05e-81cf0c0dfdec,published,false,true,1,Answerable (exactly one correct option),Adolescent Medicine
questions/8f1c81cf-dd30-4c8d-8c6b-9b9aa043d8be.json,8f1c81cf-dd30-4c8d-8c6b-9b9aa043d8be,published,true,true,1,Answerable (exactly one correct option),Paediatric Sub-specialties
questions/8f1cd677-5afe-402a-994b-dba0a45c38a5.json,8f1cd677-5afe-402a-994b-dba0a45c38a5,published,true,true,1,Answerable (exactly one correct option),Paediatric Sub-specialties
questions/8f5d20c0-78d1-515b-9c01-6cef1b1553b9.json,8f5d20c0-78d1-515b-9c01-6cef1b1553b9,published,false,true,1,Answerable (exactly one correct option),Paediatric Sub-specialties
questions/8f62f404-835c-4147-a0df-1d145a04fd32.json,8f62f404-835c-4147-a0df-1d145a04fd32,published,true,true,1,Answerable (exactly one correct option),General Paediatrics
questions/8f80b04b-05eb-48a0-8cc4-5a41c2c13714.json,8f80b04b-05eb-48a0-8cc4-5a41c2c13714,published,true,true,1,Answerable (exactly one correct option),Adolescent Medicine
questions/8f849b21-09a5-5ecf-ba50-9e89b1d4b9cd.json,8f849b21-09a5-5ecf-ba50-9e89b1d4b9cd,published,false,true,1,Answerable (exactly one correct option),Paediatric Surgery
questions/8f9175db-6f73-437f-9bcf-76e4071a8ebe.json,8f9175db-6f73-437f-9bcf-76e4071a8ebe,published,false,true,1,Answerable (exactly one correct option),Paediatric Sub-specialties
questions/8f9b5297-959a-54ba-9cbb-998861846d56.json,8f9b5297-959a-54ba-9cbb-998861846d56,published,false,true,1,Answerable (exactly one correct option),Adolescent Medicine
questions/8f9fa473-97f6-5dd5-85e2-78d8a20d553a.json,8f9fa473-97f6-5dd5-85e2-78d8a20d553a,published,false,true,1,Answerable (exactly one correct option),Emergency Paediatrics
questions/8fa2326d-e3b0-55f2-9da1-490da4a0d30f.json,8fa2326d-e3b0-55f2-9da1-490da4a0d30f,published,false,true,1,Answerable (exactly one correct option),Paediatric Surgery
questions/8facb68b-ca5d-4391-83f6-d1e5444f8b55.json,8facb68b-ca5d-4391-83f6-d1e5444f8b55,published,false,true,1,Answerable (exactly one correct option),Unclassified
questions/8fe54393-98f3-4919-8c4d-439e29736f8a.json,8fe54393-98f3-4919-8c4d-439e29736f8a,published,true,true,1,Answerable (exactly one correct option),Paediatric Sub-specialties
questions/8feede4a-cc18-563d-a7a1-b8061af32b32.json,8feede4a-cc18-563d-a7a1-b8061af32b32,published,false,true,1,Answerable (exactly one correct option),Paediatric Surgery
questions/9030b0f6-9353-5896-92c7-774ac3fa0817.json,9030b0f6-9353-5896-92c7-774ac3fa0817,published,false,true,1,Answerable (exactly one correct option),Paediatric Sub-specialties
questions/9037dcf8-ac99-5bbb-9ec8-4fccea2dbcf6.json,9037dcf8-ac99-5bbb-9ec8-4fccea2dbcf6,published,false,true,1,Answerable (exactly one correct option),General Paediatrics
questions/90428cec-a681-5ae7-b497-98007a8d0585.json,90428cec-a681-5ae7-b497-98007a8d0585,published,false,true,1,Answerable (exactly one correct option),Paediatric Sub-specialties
questions/904771a5-7b9c-591d-b620-380bd3290bd4.json,904771a5-7b9c-591d-b620-380bd3290bd4,published,false,true,1,Answerable (exactly one correct option),Paediatric Sub-specialties
questions/9051b0eb-f08d-474c-9107-9388154caaa5.json,9051b0eb-f08d-474c-9107-9388154caaa5,published,true,true,1,Answerable (exactly one correct option),General Paediatrics
questions/90529279-6890-48a0-9b5a-5c1f983612b1.json,90529279-6890-48a0-9b5a-5c1f983612b1,published,true,true,1,Answerable (exactly one correct option),Community-based Paediatrics
questions/907ab984-d9ae-4b14-b96f-841fc7c92910.json,907ab984-d9ae-4b14-b96f-841fc7c92910,published,true,true,1,Answerable (exactly one correct option),Paediatric Surgery
questions/90f363c4-995f-4218-b494-b3cdb763d314.json,90f363c4-995f-4218-b494-b3cdb763d314,published,false,true,1,Answerable (exactly one correct option),Paediatric Sub-specialties
questions/90f94dbc-f816-5016-87e2-928a581cd3a2.json,90f94dbc-f816-5016-87e2-928a581cd3a2,published,false,true,1,Answerable (exactly one correct option),Paediatric Sub-specialties
questions/910660c3-d8aa-4c14-bbb2-784a26e978eb.json,910660c3-d8aa-4c14-bbb2-784a26e978eb,published,true,true,1,Answerable (exactly one correct option),Paediatric Sub-specialties
questions/91087c0a-dadb-4cda-aca0-bbfac5d8de4b.json,91087c0a-dadb-4cda-aca0-bbfac5d8de4b,published,true,true,1,Answerable (exactly one correct option),Community-based Paediatrics
questions/9108d09e-cd98-4ce0-ac73-662ce1fe7746.json,9108d09e-cd98-4ce0-ac73-662ce1fe7746,published,false,true,1,Answerable (exactly one correct option),Unclassified
questions/9158ca10-2fd8-45a0-a431-c72778f9a7f3.json,9158ca10-2fd8-45a0-a431-c72778f9a7f3,published,true,true,1,Answerable (exactly one correct option),Paediatric Surgery
questions/9180e12d-aa28-54be-8ad9-3bf6f5e3523a.json,9180e12d-aa28-54be-8ad9-3bf6f5e3523a,published,false,true,1,Answerable (exactly one correct option),Community-based Paediatrics
questions/9184f6e6-f88c-4364-a637-27932fd106f4.json,9184f6e6-f88c-4364-a637-27932fd106f4,published,false,true,1,Answerable (exactly one correct option),Adolescent Medicine
questions/9193be8d-f43f-4360-a794-6c343f140c67.json,9193be8d-f43f-4360-a794-6c343f140c67,published,true,true,1,Answerable (exactly one correct option),Paediatric Sub-specialties
questions/91ba67e4-af77-4fad-aaa5-cf6152f58bed.json,91ba67e4-af77-4fad-aaa5-cf6152f58bed,published,true,true,1,Answerable (exactly one correct option),Paediatric Sub-specialties
questions/91cd273c-08da-54e1-af38-7001ec1116bf.json,91cd273c-08da-54e1-af38-7001ec1116bf,published,false,true,1,Answerable (exactly one correct option),Paediatric Sub-specialties
questions/91d2e5e9-b8b5-5000-bdff-a6a3231144d0.json,91d2e5e9-b8b5-5000-bdff-a6a3231144d0,published,false,true,1,Answerable (exactly one correct option),Paediatric Sub-specialties
questions/91dbf651-f472-53d2-b43c-178dd990c33e.json,91dbf651-f472-53d2-b43c-178dd990c33e,published,false,true,1,Answerable (exactly one correct option),Paediatric Surgery
questions/91e15d56-c306-5b46-a94d-7f7d79199c79.json,91e15d56-c306-5b46-a94d-7f7d79199c79,published,false,true,1,Answerable (exactly one correct option),Paediatric Sub-specialties
questions/91f93c59-180a-5806-8a7a-52b0c7a5c4a3.json,91f93c59-180a-5806-8a7a-52b0c7a5c4a3,published,false,true,1,Answerable (exactly one correct option),Paediatric Surgery
questions/9225dba8-e91e-43fe-a9c5-d08b1e4f621b.json,9225dba8-e91e-43fe-a9c5-d08b1e4f621b,published,true,true,1,Answerable (exactly one correct option),General Paediatrics
questions/9236df55-d813-4d01-9b72-b2122b3e75d5.json,9236df55-d813-4d01-9b72-b2122b3e75d5,published,false,true,1,Answerable (exactly one correct option),Paediatric Sub-specialties
questions/923aea4a-e99e-53ff-b93c-4876eb2353b7.json,923aea4a-e99e-53ff-b93c-4876eb2353b7,published,false,true,1,Answerable (exactly one correct option),General Paediatrics
questions/924ee58c-eaa4-5845-b763-93e819f0822c.json,924ee58c-eaa4-5845-b763-93e819f0822c,published,false,true,1,Answerable (exactly one correct option),Paediatric Sub-specialties
questions/92805a22-64d0-4206-bcbe-7470c5254aef.json,92805a22-64d0-4206-bcbe-7470c5254aef,published,true,true,1,Answerable (exactly one correct option),General Paediatrics
questions/92ab75b2-1a26-420b-8409-095572712ca8.json,92ab75b2-1a26-420b-8409-095572712ca8,published,true,true,1,Answerable (exactly one correct option),Paediatric Sub-specialties
questions/92b4b2ac-f995-4417-b344-f8a8fa4001ed.json,92b4b2ac-f995-4417-b344-f8a8fa4001ed,published,true,true,1,Answerable (exactly one correct option),Adolescent Medicine
questions/92b6741a-ca15-49bf-ae1b-06f91bbc6f87.json,92b6741a-ca15-49bf-ae1b-06f91bbc6f87,published,true,true,1,Answerable (exactly one correct option),Paediatric Surgery
questions/92e688a0-e5b5-4c2f-ad1c-33615b559436.json,92e688a0-e5b5-4c2f-ad1c-33615b559436,published,true,true,1,Answerable (exactly one correct option),Emergency Paediatrics
questions/92fb7d4e-8010-4089-8493-e59b985e463d.json,92fb7d4e-8010-4089-8493-e59b985e463d,published,true,true,1,Answerable (exactly one correct option),General Paediatrics
questions/930c4e9f-ba3e-5f62-a965-9b5772906386.json,930c4e9f-ba3e-5f62-a965-9b5772906386,published,false,true,1,Answerable (exactly one correct option),Emergency Paediatrics
questions/9317f787-73fa-567f-a22f-aa58be39553c.json,9317f787-73fa-567f-a22f-aa58be39553c,published,false,true,1,Answerable (exactly one correct option),Paediatric Surgery
questions/9364072d-c41e-4d29-87a6-4ddd760deabd.json,9364072d-c41e-4d29-87a6-4ddd760deabd,published,false,true,1,Answerable (exactly one correct option),Unclassified
questions/9364dd03-a705-587a-96d2-82a7f239f53a.json,9364dd03-a705-587a-96d2-82a7f239f53a,published,false,true,1,Answerable (exactly one correct option),Paediatric Sub-specialties
questions/9386e8c7-68bb-5ed2-a048-2d2cbdebe2b3.json,9386e8c7-68bb-5ed2-a048-2d2cbdebe2b3,published,false,true,1,Answerable (exactly one correct option),Paediatric Sub-specialties
questions/9393c654-2501-54e7-87f3-3a51a488a959.json,9393c654-2501-54e7-87f3-3a51a488a959,published,false,true,1,Answerable (exactly one correct option),Paediatric Surgery
questions/939961e3-f138-47da-aba9-1adffa7c1dd0.json,939961e3-f138-47da-aba9-1adffa7c1dd0,published,false,true,1,Answerable (exactly one correct option),Unclassified
questions/939b7137-b92b-4f47-a14b-3a9c5ece7ea9.json,939b7137-b92b-4f47-a14b-3a9c5ece7ea9,published,true,true,1,Answerable (exactly one correct option),General Paediatrics
questions/93a41b8f-1151-5b54-891b-30c92c559b98.json,93a41b8f-1151-5b54-891b-30c92c559b98,published,false,true,1,Answerable (exactly one correct option),Paediatric Sub-specialties
questions/93a893a8-19b6-55ac-aafe-38461cc253d5.json,93a893a8-19b6-55ac-aafe-38461cc253d5,published,false,true,1,Answerable (exactly one correct option),General Paediatrics
questions/93af4662-9ce7-542a-bf66-5c3a0bd9b954.json,93af4662-9ce7-542a-bf66-5c3a0bd9b954,published,false,true,1,Answerable (exactly one correct option),Community-based Paediatrics
questions/93b1b94c-8e44-4932-9d2f-d65c1330dfd0.json,93b1b94c-8e44-4932-9d2f-d65c1330dfd0,published,false,true,1,Answerable (exactly one correct option),Paediatric Surgery
questions/93be1999-07cf-5dc5-9b65-7b39da416438.json,93be1999-07cf-5dc5-9b65-7b39da416438,published,false,true,1,Answerable (exactly one correct option),Emergency Paediatrics
questions/93ded6de-8759-46e3-9786-b93a894a0dc1.json,93ded6de-8759-46e3-9786-b93a894a0dc1,published,false,true,1,Answerable (exactly one correct option),Paediatric Sub-specialties
questions/9408bce3-1066-49b9-b677-807261e8df05.json,9408bce3-1066-49b9-b677-807261e8df05,published,true,true,1,Answerable (exactly one correct option),Paediatric Sub-specialties
questions/94330124-0448-4a4d-90a7-85b421f0160f.json,94330124-0448-4a4d-90a7-85b421f0160f,published,true,true,1,Answerable (exactly one correct option),General Paediatrics
questions/9435ae35-12e4-55a5-be07-e56ed3ced190.json,9435ae35-12e4-55a5-be07-e56ed3ced190,published,false,true,1,Answerable (exactly one correct option),Paediatric Sub-specialties
questions/94372574-8284-5a3f-9648-3a511921dd9e.json,94372574-8284-5a3f-9648-3a511921dd9e,published,false,true,1,Answerable (exactly one correct option),General Paediatrics
questions/945f17aa-6392-5922-ae98-b60bf748ad1f.json,945f17aa-6392-5922-ae98-b60bf748ad1f,published,false,true,1,Answerable (exactly one correct option),Emergency Paediatrics
questions/94aa666c-224a-4ce0-9df9-de59c0b5a018.json,94aa666c-224a-4ce0-9df9-de59c0b5a018,published,true,true,1,Answerable (exactly one correct option),Paediatric Sub-specialties
questions/94c8e00d-d326-43e1-8d9c-5e522e493b9b.json,94c8e00d-d326-43e1-8d9c-5e522e493b9b,published,true,true,1,Answerable (exactly one correct option),Paediatric Surgery
questions/94d8d343-4ceb-5df0-9ba6-5582cb9fe070.json,94d8d343-4ceb-5df0-9ba6-5582cb9fe070,published,false,true,1,Answerable (exactly one correct option),General Paediatrics
questions/95044743-062f-4379-8249-095c94dc9f31.json,95044743-062f-4379-8249-095c94dc9f31,published,false,true,1,Answerable (exactly one correct option),General Paediatrics
questions/951e4607-1909-4dc1-ab2e-150251e2657d.json,951e4607-1909-4dc1-ab2e-150251e2657d,published,true,true,1,Answerable (exactly one correct option),Paediatric Sub-specialties
questions/952da767-3097-45f5-8944-16f8fae0c330.json,952da767-3097-45f5-8944-16f8fae0c330,published,true,true,1,Answerable (exactly one correct option),Paediatric Sub-specialties
questions/95305f3b-1567-59d3-bf79-9c047f5cfd29.json,95305f3b-1567-59d3-bf79-9c047f5cfd29,published,false,true,1,Answerable (exactly one correct option),Emergency Paediatrics
questions/9553ace4-880c-4470-87ae-c533d886285a.json,9553ace4-880c-4470-87ae-c533d886285a,published,true,true,1,Answerable (exactly one correct option),Adolescent Medicine
questions/9561e3a4-418f-5b47-a0b8-7ad21ad83592.json,9561e3a4-418f-5b47-a0b8-7ad21ad83592,published,false,true,1,Answerable (exactly one correct option),Adolescent Medicine
questions/9565473b-0cc8-4dfb-98f0-44a26cd31138.json,9565473b-0cc8-4dfb-98f0-44a26cd31138,published,false,true,1,Answerable (exactly one correct option),Unclassified
questions/95866a57-4e80-43ae-b6ac-e697755a09cf.json,95866a57-4e80-43ae-b6ac-e697755a09cf,published,true,true,1,Answerable (exactly one correct option),Adolescent Medicine
questions/958d4922-6e04-53d4-b994-65c9e17326df.json,958d4922-6e04-53d4-b994-65c9e17326df,published,false,true,1,Answerable (exactly one correct option),General Paediatrics
questions/958f5cec-36e8-551a-ab6c-5d9743e8f462.json,958f5cec-36e8-551a-ab6c-5d9743e8f462,published,false,true,1,Answerable (exactly one correct option),Paediatric Surgery
questions/959d013b-a075-54c9-9b4e-1d83ab7e1a9b.json,959d013b-a075-54c9-9b4e-1d83ab7e1a9b,published,false,true,1,Answerable (exactly one correct option),Paediatric Surgery
questions/95ccf1c7-8ba5-4d77-b51c-c53032967b85.json,95ccf1c7-8ba5-4d77-b51c-c53032967b85,published,true,true,1,Answerable (exactly one correct option),Paediatric Sub-specialties
questions/95d489a8-46a7-4d9b-b479-fe0cb77bcc26.json,95d489a8-46a7-4d9b-b479-fe0cb77bcc26,published,false,true,1,Answerable (exactly one correct option),Unclassified
questions/95d7ebf6-31b3-5823-8443-bf40ad3c262c.json,95d7ebf6-31b3-5823-8443-bf40ad3c262c,published,false,true,1,Answerable (exactly one correct option),Paediatric Sub-specialties
questions/95e4c3bd-abb1-460a-a523-af48af344f64.json,95e4c3bd-abb1-460a-a523-af48af344f64,published,true,true,1,Answerable (exactly one correct option),Paediatric Sub-specialties
questions/95e5d1a1-5f62-56a6-8774-a965c0461efc.json,95e5d1a1-5f62-56a6-8774-a965c0461efc,published,false,true,1,Answerable (exactly one correct option),Paediatric Sub-specialties
questions/95ff8556-282a-4d26-a0d6-5b99d68c6ed3.json,95ff8556-282a-4d26-a0d6-5b99d68c6ed3,published,true,true,1,Answerable (exactly one correct option),Paediatric Sub-specialties
questions/960856fb-84e7-52ca-950c-bea092879d66.json,960856fb-84e7-52ca-950c-bea092879d66,published,false,true,1,Answerable (exactly one correct option),Emergency Paediatrics
questions/960a381a-8d8f-4043-8013-71023015d3fe.json,960a381a-8d8f-4043-8013-71023015d3fe,published,true,true,1,Answerable (exactly one correct option),Paediatric Sub-specialties
questions/9611b97b-d86d-521b-b78b-c6228824b82b.json,9611b97b-d86d-521b-b78b-c6228824b82b,published,false,true,1,Answerable (exactly one correct option),Paediatric Sub-specialties
questions/962261fe-ba06-53ee-a07c-a3eda7496bf0.json,962261fe-ba06-53ee-a07c-a3eda7496bf0,published,false,true,1,Answerable (exactly one correct option),Emergency Paediatrics
questions/964da7f1-58e9-51cb-b4d4-2affdf2f9f13.json,964da7f1-58e9-51cb-b4d4-2affdf2f9f13,published,false,true,1,Answerable (exactly one correct option),Emergency Paediatrics
questions/9668a545-fb6c-472f-83dd-d6f2474e58e7.json,9668a545-fb6c-472f-83dd-d6f2474e58e7,published,true,true,1,Answerable (exactly one correct option),Paediatric Sub-specialties
questions/9678a602-b730-5946-b6a0-0e103a0db5b6.json,9678a602-b730-5946-b6a0-0e103a0db5b6,published,false,true,1,Answerable (exactly one correct option),General Paediatrics
questions/969762f7-6866-4aac-a711-6296c6d78dee.json,969762f7-6866-4aac-a711-6296c6d78dee,published,false,true,1,Answerable (exactly one correct option),Paediatric Sub-specialties
questions/96c36878-8411-5782-be0f-a9b1684aa60a.json,96c36878-8411-5782-be0f-a9b1684aa60a,published,false,true,1,Answerable (exactly one correct option),Paediatric Sub-specialties
questions/96ce56e4-b56d-42b4-b5a2-4f877f34f66c.json,96ce56e4-b56d-42b4-b5a2-4f877f34f66c,published,false,true,1,Answerable (exactly one correct option),Unclassified
questions/96fe7565-b60f-44d2-9260-34e575bd6597.json,96fe7565-b60f-44d2-9260-34e575bd6597,published,true,true,1,Answerable (exactly one correct option),Emergency Paediatrics
questions/970ce6eb-7b1f-45a0-805e-eb8894f2929b.json,970ce6eb-7b1f-45a0-805e-eb8894f2929b,published,true,true,1,Answerable (exactly one correct option),Emergency Paediatrics
questions/9712a650-514c-5ef2-b4e8-4211fcd7e244.json,9712a650-514c-5ef2-b4e8-4211fcd7e244,published,false,true,1,Answerable (exactly one correct option),Paediatric Surgery
questions/97162697-80be-406b-b48a-be38eba9a1f8.json,97162697-80be-406b-b48a-be38eba9a1f8,published,true,true,1,Answerable (exactly one correct option),Paediatric Surgery
questions/973181ba-d4d6-4471-b44a-f3d7cb94c02b.json,973181ba-d4d6-4471-b44a-f3d7cb94c02b,published,false,true,1,Answerable (exactly one correct option),Unclassified
questions/9734684e-7f0c-42e8-a124-b8477bee4518.json,9734684e-7f0c-42e8-a124-b8477bee4518,published,false,true,1,Answerable (exactly one correct option),Emergency Paediatrics
questions/97508cf0-11c0-41c8-898a-dc49aebb7e62.json,97508cf0-11c0-41c8-898a-dc49aebb7e62,published,true,true,1,Answerable (exactly one correct option),Paediatric Sub-specialties
questions/97649251-1a1a-5397-a307-735e28c4df1b.json,97649251-1a1a-5397-a307-735e28c4df1b,published,false,true,1,Answerable (exactly one correct option),Paediatric Sub-specialties
questions/9770009f-67d7-439b-96cc-6c8d7c060a24.json,9770009f-67d7-439b-96cc-6c8d7c060a24,published,false,true,1,Answerable (exactly one correct option),Paediatric Surgery
questions/978e1e93-4b66-5e7d-a4a4-9fc19b73de6a.json,978e1e93-4b66-5e7d-a4a4-9fc19b73de6a,published,false,true,1,Answerable (exactly one correct option),Paediatric Surgery
questions/97a3f31e-78fc-5f88-8731-e008013d873c.json,97a3f31e-78fc-5f88-8731-e008013d873c,published,false,true,1,Answerable (exactly one correct option),Paediatric Surgery
questions/97c611cd-a1f8-5b39-809f-644beac3e07f.json,97c611cd-a1f8-5b39-809f-644beac3e07f,published,false,true,1,Answerable (exactly one correct option),Paediatric Surgery
questions/97d4a796-ddf3-5168-9d00-c01555d0b86e.json,97d4a796-ddf3-5168-9d00-c01555d0b86e,published,false,true,1,Answerable (exactly one correct option),Paediatric Sub-specialties
questions/97e784a7-46ff-48df-8be1-2f7000192218.json,97e784a7-46ff-48df-8be1-2f7000192218,published,true,true,1,Answerable (exactly one correct option),Adolescent Medicine
questions/97fef664-39ad-4c9f-8c46-0d505316d4c7.json,97fef664-39ad-4c9f-8c46-0d505316d4c7,published,true,true,1,Answerable (exactly one correct option),General Paediatrics
questions/98010d8a-2e3f-45f7-9382-878c073d9792.json,98010d8a-2e3f-45f7-9382-878c073d9792,published,false,true,1,Answerable (exactly one correct option),Adolescent Medicine
questions/9824676c-267d-4bdd-bf99-ad4953df2949.json,9824676c-267d-4bdd-bf99-ad4953df2949,published,true,true,1,Answerable (exactly one correct option),Paediatric Surgery
questions/98375e83-c19c-4ada-b407-666d00da1b2b.json,98375e83-c19c-4ada-b407-666d00da1b2b,published,false,true,1,Answerable (exactly one correct option),Emergency Paediatrics
questions/9850529f-471f-5431-9d55-937673522b79.json,9850529f-471f-5431-9d55-937673522b79,published,false,true,1,Answerable (exactly one correct option),General Paediatrics
questions/986f9387-0da8-4593-9420-05b79692c827.json,986f9387-0da8-4593-9420-05b79692c827,published,true,true,1,Answerable (exactly one correct option),Community-based Paediatrics
questions/987bb9a7-ec97-543e-9f69-a1c4380185d9.json,987bb9a7-ec97-543e-9f69-a1c4380185d9,published,false,true,1,Answerable (exactly one correct option),Paediatric Sub-specialties
questions/988c66ce-27cf-4c32-b352-e958e73bb9c9.json,988c66ce-27cf-4c32-b352-e958e73bb9c9,published,true,true,1,Answerable (exactly one correct option),Paediatric Sub-specialties
questions/988dee0f-9aa4-45e1-98bd-125a541f6be1.json,988dee0f-9aa4-45e1-98bd-125a541f6be1,published,true,true,1,Answerable (exactly one correct option),Paediatric Sub-specialties
questions/98ac788e-8dc5-4007-ae02-b29fa70c0ded.json,98ac788e-8dc5-4007-ae02-b29fa70c0ded,published,true,true,1,Answerable (exactly one correct option),Emergency Paediatrics
questions/98aee9f5-d7e0-5dcd-ba87-b528d6244ec2.json,98aee9f5-d7e0-5dcd-ba87-b528d6244ec2,published,false,true,1,Answerable (exactly one correct option),Emergency Paediatrics
questions/98bc6588-dc1e-45c9-9778-aa62707b3531.json,98bc6588-dc1e-45c9-9778-aa62707b3531,published,false,true,1,Answerable (exactly one correct option),Paediatric Sub-specialties
questions/98cc5c32-a91e-4d54-97cb-16fc47b03367.json,98cc5c32-a91e-4d54-97cb-16fc47b03367,published,true,true,1,Answerable (exactly one correct option),Emergency Paediatrics
questions/98cd622a-9ae6-40f4-a433-5d8b7246ac75.json,98cd622a-9ae6-40f4-a433-5d8b7246ac75,published,false,true,1,Answerable (exactly one correct option),Community-based Paediatrics
questions/98dec39e-6079-460a-b477-d74872f555e7.json,98dec39e-6079-460a-b477-d74872f555e7,published,true,true,1,Answerable (exactly one correct option),Paediatric Sub-specialties
questions/98fb1451-5ff5-40b8-8819-725a25b39fa7.json,98fb1451-5ff5-40b8-8819-725a25b39fa7,published,false,true,1,Answerable (exactly one correct option),Paediatric Sub-specialties
questions/99277ab6-0786-4a8e-8dcc-1b2ceb38b90b.json,99277ab6-0786-4a8e-8dcc-1b2ceb38b90b,published,false,true,1,Answerable (exactly one correct option),Paediatric Sub-specialties
questions/9938f50e-7905-4716-a31f-029f7b778839.json,9938f50e-7905-4716-a31f-029f7b778839,published,false,true,1,Answerable (exactly one correct option),Community-based Paediatrics
questions/994433ce-64a1-4e34-87d5-4bd1123090f7.json,994433ce-64a1-4e34-87d5-4bd1123090f7,published,true,true,1,Answerable (exactly one correct option),Adolescent Medicine
questions/994a04f5-998c-423b-a992-8fc7b6005909.json,994a04f5-998c-423b-a992-8fc7b6005909,published,false,false,0,No option has isCorrect=true,Unclassified
questions/99ce26ae-5e1c-45c4-a498-a9be1990efbc.json,99ce26ae-5e1c-45c4-a498-a9be1990efbc,published,false,true,1,Answerable (exactly one correct option),Emergency Paediatrics
questions/99d5e94b-5a05-5c50-87b5-9f900fc495ae.json,99d5e94b-5a05-5c50-87b5-9f900fc495ae,published,false,true,1,Answerable (exactly one correct option),Paediatric Sub-specialties
questions/99dbd046-943e-4365-9b52-a679a9a6b32b.json,99dbd046-943e-4365-9b52-a679a9a6b32b,published,true,true,1,Answerable (exactly one correct option),Emergency Paediatrics
questions/99df1528-571c-59c3-b5e3-c1807efb51da.json,99df1528-571c-59c3-b5e3-c1807efb51da,published,false,true,1,Answerable (exactly one correct option),Paediatric Sub-specialties
questions/99e7d1cc-1987-425b-baf2-ad7b82408152.json,99e7d1cc-1987-425b-baf2-ad7b82408152,published,true,true,1,Answerable (exactly one correct option),Paediatric Sub-specialties
questions/99eb27d2-83f9-44f1-8122-2db5fac965f1.json,99eb27d2-83f9-44f1-8122-2db5fac965f1,published,false,true,1,Answerable (exactly one correct option),Unclassified
questions/99ee7a9f-91dc-4aad-a3a8-95a299c33185.json,99ee7a9f-91dc-4aad-a3a8-95a299c33185,published,true,true,1,Answerable (exactly one correct option),Paediatric Sub-specialties
questions/99efc276-22a2-4b7e-9d44-c51a919851a3.json,99efc276-22a2-4b7e-9d44-c51a919851a3,published,false,true,1,Answerable (exactly one correct option),Paediatric Surgery
questions/99f578e2-20b0-42e7-ba59-b956d370ee54.json,99f578e2-20b0-42e7-ba59-b956d370ee54,published,true,true,1,Answerable (exactly one correct option),Paediatric Sub-specialties
questions/9a290acc-e994-4b67-b731-c3a703ad0abf.json,9a290acc-e994-4b67-b731-c3a703ad0abf,published,true,true,1,Answerable (exactly one correct option),Paediatric Sub-specialties
questions/9a2ebd29-ef12-556c-855b-ebd1a3034a99.json,9a2ebd29-ef12-556c-855b-ebd1a3034a99,published,false,true,1,Answerable (exactly one correct option),Emergency Paediatrics
questions/9a49c878-6461-477f-8859-61b7a81b32c4.json,9a49c878-6461-477f-8859-61b7a81b32c4,published,true,true,1,Answerable (exactly one correct option),Paediatric Surgery
questions/9a70a3f5-214e-40f3-bbab-0e2fd87237ae.json,9a70a3f5-214e-40f3-bbab-0e2fd87237ae,published,true,true,1,Answerable (exactly one correct option),Paediatric Sub-specialties
questions/9aaa2727-94e3-4212-8b9f-682dd456fc94.json,9aaa2727-94e3-4212-8b9f-682dd456fc94,published,true,true,1,Answerable (exactly one correct option),Community-based Paediatrics
questions/9aade20c-4611-455e-b5f3-0adbece89605.json,9aade20c-4611-455e-b5f3-0adbece89605,published,true,true,1,Answerable (exactly one correct option),Paediatric Sub-specialties
questions/9aaebfd0-66e2-4721-bb0b-b2c54d82e2de.json,9aaebfd0-66e2-4721-bb0b-b2c54d82e2de,published,true,true,1,Answerable (exactly one correct option),Paediatric Surgery
questions/9abb76b4-2f5b-4ad7-8750-85f452eb1a87.json,9abb76b4-2f5b-4ad7-8750-85f452eb1a87,published,true,true,1,Answerable (exactly one correct option),Paediatric Surgery
questions/9abc923d-5ee5-4421-9f32-c915e210e9fa.json,9abc923d-5ee5-4421-9f32-c915e210e9fa,published,true,true,1,Answerable (exactly one correct option),Community-based Paediatrics
questions/9ac11024-4fce-53ee-9759-674a91a55ae1.json,9ac11024-4fce-53ee-9759-674a91a55ae1,published,false,true,1,Answerable (exactly one correct option),Paediatric Surgery
questions/9aca35c5-dc19-5f15-a5a6-3fc5a9334653.json,9aca35c5-dc19-5f15-a5a6-3fc5a9334653,published,false,true,1,Answerable (exactly one correct option),Paediatric Surgery
questions/9acb1f43-d34b-50b7-9e65-1b14a026a457.json,9acb1f43-d34b-50b7-9e65-1b14a026a457,published,false,true,1,Answerable (exactly one correct option),Paediatric Surgery
questions/9ad9c6f4-a9ac-4052-87c8-90c83c4d5405.json,9ad9c6f4-a9ac-4052-87c8-90c83c4d5405,published,true,true,1,Answerable (exactly one correct option),Paediatric Sub-specialties
questions/9ae1e688-a658-48fb-9d87-e45a540cefa4.json,9ae1e688-a658-48fb-9d87-e45a540cefa4,published,true,true,1,Answerable (exactly one correct option),Paediatric Surgery
questions/9ae4b87d-39ad-5d8f-b59b-6d5fc822692c.json,9ae4b87d-39ad-5d8f-b59b-6d5fc822692c,published,false,true,1,Answerable (exactly one correct option),Adolescent Medicine
questions/9aedf789-a3c4-4648-8a22-8571536c5f8a.json,9aedf789-a3c4-4648-8a22-8571536c5f8a,published,true,true,1,Answerable (exactly one correct option),Paediatric Surgery
questions/9b06d779-db4a-5adb-a5d5-e2eef9154504.json,9b06d779-db4a-5adb-a5d5-e2eef9154504,published,false,true,1,Answerable (exactly one correct option),Paediatric Sub-specialties
questions/9b55cf6a-882d-4afb-b734-88f0fd8f4cb1.json,9b55cf6a-882d-4afb-b734-88f0fd8f4cb1,published,true,true,1,Answerable (exactly one correct option),General Paediatrics
questions/9b5caeef-093d-419a-9f8d-43f1773df63f.json,9b5caeef-093d-419a-9f8d-43f1773df63f,published,false,true,1,Answerable (exactly one correct option),Adolescent Medicine
questions/9bb39c97-8cb5-473a-93bf-f0bb39457236.json,9bb39c97-8cb5-473a-93bf-f0bb39457236,published,true,true,1,Answerable (exactly one correct option),Paediatric Surgery
questions/9bbb4772-fdbb-4880-b1c3-529db8c8c28e.json,9bbb4772-fdbb-4880-b1c3-529db8c8c28e,published,false,true,1,Answerable (exactly one correct option),General Paediatrics
questions/9be7e838-a80a-4080-af8a-f1d9f8cde911.json,9be7e838-a80a-4080-af8a-f1d9f8cde911,published,true,true,1,Answerable (exactly one correct option),Adolescent Medicine
questions/9bf4188d-e442-4576-8104-7f770e6b051e.json,9bf4188d-e442-4576-8104-7f770e6b051e,published,true,true,1,Answerable (exactly one correct option),Paediatric Sub-specialties
questions/9c1c537b-a275-4470-b46e-f03c1a9f32ad.json,9c1c537b-a275-4470-b46e-f03c1a9f32ad,published,false,true,1,Answerable (exactly one correct option),Adolescent Medicine
questions/9c220bce-ce55-56eb-b715-a685a6cd851b.json,9c220bce-ce55-56eb-b715-a685a6cd851b,published,false,true,1,Answerable (exactly one correct option),Emergency Paediatrics
questions/9c3fc0c7-bcfe-4887-9139-876c7f9f2c8d.json,9c3fc0c7-bcfe-4887-9139-876c7f9f2c8d,published,false,true,1,Answerable (exactly one correct option),Paediatric Sub-specialties
questions/9c4d5504-31d9-4c7c-a9d9-ff8366e0623e.json,9c4d5504-31d9-4c7c-a9d9-ff8366e0623e,published,true,true,1,Answerable (exactly one correct option),Paediatric Sub-specialties
questions/9c63a2d1-8e2c-4f68-b18e-bb6822a1245f.json,9c63a2d1-8e2c-4f68-b18e-bb6822a1245f,published,true,true,1,Answerable (exactly one correct option),Paediatric Sub-specialties
questions/9c795a9b-4556-48ef-b9ab-1d55cedba069.json,9c795a9b-4556-48ef-b9ab-1d55cedba069,published,true,true,1,Answerable (exactly one correct option),Paediatric Surgery
questions/9c7e3cc2-bb66-593b-abfa-fc149854a847.json,9c7e3cc2-bb66-593b-abfa-fc149854a847,published,false,true,1,Answerable (exactly one correct option),Paediatric Sub-specialties
questions/9c994a96-62ac-408f-adba-589cae568803.json,9c994a96-62ac-408f-adba-589cae568803,published,true,true,1,Answerable (exactly one correct option),Paediatric Sub-specialties
questions/9cb6581e-99cd-5e4f-ab0d-77ea80e1c6f8.json,9cb6581e-99cd-5e4f-ab0d-77ea80e1c6f8,published,false,true,1,Answerable (exactly one correct option),Community-based Paediatrics
questions/9cc32333-711c-484f-ba45-c2872695ea1b.json,9cc32333-711c-484f-ba45-c2872695ea1b,published,true,true,1,Answerable (exactly one correct option),General Paediatrics
questions/9ccc0719-08f1-4231-a4b0-73f19515ce65.json,9ccc0719-08f1-4231-a4b0-73f19515ce65,published,true,true,1,Answerable (exactly one correct option),General Paediatrics
questions/9cf03c1c-fa0f-453b-8687-7fa5272eea0f.json,9cf03c1c-fa0f-453b-8687-7fa5272eea0f,published,false,true,1,Answerable (exactly one correct option),Unclassified
questions/9d080b23-c756-5e59-a58b-336577e71975.json,9d080b23-c756-5e59-a58b-336577e71975,published,false,true,1,Answerable (exactly one correct option),Adolescent Medicine
questions/9d1a732a-3d88-511f-bceb-f6a3b7aedfc1.json,9d1a732a-3d88-511f-bceb-f6a3b7aedfc1,published,false,true,1,Answerable (exactly one correct option),Paediatric Sub-specialties
questions/9d35f926-2af2-4aa3-bd9e-ab5d5f4813d6.json,9d35f926-2af2-4aa3-bd9e-ab5d5f4813d6,published,true,true,1,Answerable (exactly one correct option),Paediatric Sub-specialties
questions/9d495d5c-52a4-44a6-a1d6-a9ca869be854.json,9d495d5c-52a4-44a6-a1d6-a9ca869be854,published,true,true,1,Answerable (exactly one correct option),Paediatric Surgery
questions/9d5f9b1f-2337-4405-bb5d-c6a36aa3e01e.json,9d5f9b1f-2337-4405-bb5d-c6a36aa3e01e,published,false,true,1,Answerable (exactly one correct option),Paediatric Sub-specialties
questions/9d6aa9f9-95c3-5ace-ba6a-edb8bbc20d9b.json,9d6aa9f9-95c3-5ace-ba6a-edb8bbc20d9b,published,false,true,1,Answerable (exactly one correct option),General Paediatrics
questions/9d771262-4054-5bc3-9b2a-12e4d69cae8a.json,9d771262-4054-5bc3-9b2a-12e4d69cae8a,published,false,true,1,Answerable (exactly one correct option),Paediatric Sub-specialties
questions/9d8255dc-00c7-47c1-b700-8f07deece887.json,9d8255dc-00c7-47c1-b700-8f07deece887,published,true,true,1,Answerable (exactly one correct option),General Paediatrics
questions/9db1749b-7af0-517d-b46a-d70dcaa182b4.json,9db1749b-7af0-517d-b46a-d70dcaa182b4,published,false,true,1,Answerable (exactly one correct option),Paediatric Surgery
questions/9dc47ea3-8530-4912-973f-1d13a4a012e4.json,9dc47ea3-8530-4912-973f-1d13a4a012e4,published,false,true,1,Answerable (exactly one correct option),Unclassified
questions/9de1f08e-a7db-49b0-b0a6-1cec94192f5f.json,9de1f08e-a7db-49b0-b0a6-1cec94192f5f,published,true,true,1,Answerable (exactly one correct option),Paediatric Sub-specialties
questions/9de7b0e8-ac9d-4dd3-be10-40532b21f16f.json,9de7b0e8-ac9d-4dd3-be10-40532b21f16f,published,false,true,1,Answerable (exactly one correct option),Unclassified
questions/9df5fc51-7323-5e62-a431-a0c14a408921.json,9df5fc51-7323-5e62-a431-a0c14a408921,published,false,true,1,Answerable (exactly one correct option),Paediatric Sub-specialties
questions/9e239ecf-e8db-4df9-9c1f-0f33425aec63.json,9e239ecf-e8db-4df9-9c1f-0f33425aec63,published,false,true,1,Answerable (exactly one correct option),General Paediatrics
questions/9e3280c2-f1ae-41bd-aff8-3d1e386b4188.json,9e3280c2-f1ae-41bd-aff8-3d1e386b4188,published,true,true,1,Answerable (exactly one correct option),Paediatric Sub-specialties
questions/9e50fcc6-446c-489a-ba60-94a9b986b878.json,9e50fcc6-446c-489a-ba60-94a9b986b878,published,false,true,1,Answerable (exactly one correct option),General Paediatrics
questions/9e99d851-fa3f-50c1-b33b-1e03d1d0464c.json,9e99d851-fa3f-50c1-b33b-1e03d1d0464c,published,false,true,1,Answerable (exactly one correct option),Paediatric Surgery
questions/9eb00b8d-437e-536b-95ba-8fa5367f50c0.json,9eb00b8d-437e-536b-95ba-8fa5367f50c0,published,false,true,1,Answerable (exactly one correct option),General Paediatrics
questions/9eb1642c-371c-42c7-93f3-1f6c7fcf83cc.json,9eb1642c-371c-42c7-93f3-1f6c7fcf83cc,published,false,true,1,Answerable (exactly one correct option),Paediatric Sub-specialties
questions/9ef08069-77d2-40e1-85e5-19356cdab7f6.json,9ef08069-77d2-40e1-85e5-19356cdab7f6,published,true,true,1,Answerable (exactly one correct option),General Paediatrics
questions/9efe1dbf-9aaa-4a67-bb5a-d519afd90886.json,9efe1dbf-9aaa-4a67-bb5a-d519afd90886,published,true,true,1,Answerable (exactly one correct option),Paediatric Surgery
questions/9efe2067-2afd-50df-824f-ee556e25a90f.json,9efe2067-2afd-50df-824f-ee556e25a90f,published,false,true,1,Answerable (exactly one correct option),Paediatric Surgery
questions/9f575e7f-ee3b-4284-b7a4-de4ab5eb9bb4.json,9f575e7f-ee3b-4284-b7a4-de4ab5eb9bb4,published,true,true,1,Answerable (exactly one correct option),Paediatric Surgery
questions/9f69049d-9be5-5604-9eab-f4fad25e24c0.json,9f69049d-9be5-5604-9eab-f4fad25e24c0,published,false,true,1,Answerable (exactly one correct option),Paediatric Sub-specialties
questions/9f78cf6d-1d62-534b-88dc-ebe51e206a21.json,9f78cf6d-1d62-534b-88dc-ebe51e206a21,published,false,true,1,Answerable (exactly one correct option),Paediatric Sub-specialties
questions/9f7f58ee-fc59-4910-b0d8-eebe996544bb.json,9f7f58ee-fc59-4910-b0d8-eebe996544bb,published,false,true,1,Answerable (exactly one correct option),Unclassified
questions/9f8780be-294a-4cb5-a6fd-7a3cc00b4a00.json,9f8780be-294a-4cb5-a6fd-7a3cc00b4a00,published,true,true,1,Answerable (exactly one correct option),Paediatric Sub-specialties
questions/9fa4328f-08d6-5b42-8189-c78b2a96ca60.json,9fa4328f-08d6-5b42-8189-c78b2a96ca60,published,false,true,1,Answerable (exactly one correct option),Paediatric Sub-specialties
questions/9fb6715a-28b9-48e6-9a2d-27e8a290991d.json,9fb6715a-28b9-48e6-9a2d-27e8a290991d,published,true,true,1,Answerable (exactly one correct option),Paediatric Sub-specialties
questions/9fbb6c35-5b72-5164-881d-58b533ed24b1.json,9fbb6c35-5b72-5164-881d-58b533ed24b1,published,false,true,1,Answerable (exactly one correct option),Paediatric Sub-specialties
questions/9fe516d8-a479-4cc4-a2f4-456ead8c3d43.json,9fe516d8-a479-4cc4-a2f4-456ead8c3d43,published,true,true,1,Answerable (exactly one correct option),Paediatric Surgery
questions/a0356184-81ad-4b5d-9680-e17637ed7f38.json,a0356184-81ad-4b5d-9680-e17637ed7f38,published,false,true,1,Answerable (exactly one correct option),Paediatric Sub-specialties
questions/a04a0878-d368-5aab-b2c9-93f4745976e4.json,a04a0878-d368-5aab-b2c9-93f4745976e4,published,false,true,1,Answerable (exactly one correct option),Community-based Paediatrics
questions/a06d6c8a-74aa-551e-9fb3-081a3140b74a.json,a06d6c8a-74aa-551e-9fb3-081a3140b74a,published,false,true,1,Answerable (exactly one correct option),Paediatric Sub-specialties
questions/a084971d-33fb-4c9d-a1c5-3710f65c9bfe.json,a084971d-33fb-4c9d-a1c5-3710f65c9bfe,published,true,true,1,Answerable (exactly one correct option),Paediatric Sub-specialties
questions/a0c78931-854d-4475-972e-a22694ae25e1.json,a0c78931-854d-4475-972e-a22694ae25e1,published,true,true,1,Answerable (exactly one correct option),General Paediatrics
questions/a0d505ff-117b-5303-8f0b-4068dcd8ecbc.json,a0d505ff-117b-5303-8f0b-4068dcd8ecbc,published,false,true,1,Answerable (exactly one correct option),Emergency Paediatrics
questions/a0d54905-e063-41c2-92bf-543266a9613f.json,a0d54905-e063-41c2-92bf-543266a9613f,published,false,true,1,Answerable (exactly one correct option),Paediatric Sub-specialties
questions/a0d86a86-4343-5d36-8399-0b4efcdaf745.json,a0d86a86-4343-5d36-8399-0b4efcdaf745,published,false,true,1,Answerable (exactly one correct option),General Paediatrics
questions/a129e03d-c8ed-5c43-b608-e6308e662293.json,a129e03d-c8ed-5c43-b608-e6308e662293,published,false,true,1,Answerable (exactly one correct option),Paediatric Sub-specialties
questions/a12d7304-f02a-4402-8b58-4df33f820295.json,a12d7304-f02a-4402-8b58-4df33f820295,published,true,true,1,Answerable (exactly one correct option),Paediatric Sub-specialties
questions/a1308da1-2602-52c5-b45e-a35323fb8197.json,a1308da1-2602-52c5-b45e-a35323fb8197,published,false,true,1,Answerable (exactly one correct option),Paediatric Surgery
questions/a1390272-bb5b-448d-94c9-32b08519bcff.json,a1390272-bb5b-448d-94c9-32b08519bcff,published,false,true,1,Answerable (exactly one correct option),Paediatric Sub-specialties
questions/a16c602e-25a7-41b1-81ec-dd0366da7213.json,a16c602e-25a7-41b1-81ec-dd0366da7213,published,true,true,1,Answerable (exactly one correct option),Community-based Paediatrics
questions/a1842eec-c315-423a-b172-19397f2fd882.json,a1842eec-c315-423a-b172-19397f2fd882,published,true,true,1,Answerable (exactly one correct option),Adolescent Medicine
questions/a1bfb1c6-5089-5837-bfa1-a9707836c7c1.json,a1bfb1c6-5089-5837-bfa1-a9707836c7c1,published,false,true,1,Answerable (exactly one correct option),General Paediatrics
questions/a1e3855d-8445-4f6c-851a-8d1c66da5ddc.json,a1e3855d-8445-4f6c-851a-8d1c66da5ddc,published,true,true,1,Answerable (exactly one correct option),Paediatric Sub-specialties
questions/a1e6e653-441a-4e1d-afed-8c0f9830a96a.json,a1e6e653-441a-4e1d-afed-8c0f9830a96a,published,false,true,1,Answerable (exactly one correct option),Paediatric Sub-specialties
questions/a1e9aa20-71ed-473f-88f1-28f9bfd9b106.json,a1e9aa20-71ed-473f-88f1-28f9bfd9b106,published,false,true,1,Answerable (exactly one correct option),Paediatric Sub-specialties
questions/a1f89ee1-9f68-4ef4-8c4d-8a2a66a0b0f3.json,a1f89ee1-9f68-4ef4-8c4d-8a2a66a0b0f3,published,false,true,1,Answerable (exactly one correct option),Paediatric Sub-specialties
questions/a20b8f77-af62-5be4-a32d-33fe0fd2f8b4.json,a20b8f77-af62-5be4-a32d-33fe0fd2f8b4,published,false,true,1,Answerable (exactly one correct option),Paediatric Sub-specialties
questions/a220cec4-2b61-4ded-b47f-e853df084027.json,a220cec4-2b61-4ded-b47f-e853df084027,published,true,true,1,Answerable (exactly one correct option),Paediatric Sub-specialties
questions/a2370321-1a2d-5016-aafd-9d65962bb06a.json,a2370321-1a2d-5016-aafd-9d65962bb06a,published,false,true,1,Answerable (exactly one correct option),Paediatric Surgery
questions/a24f9ccf-a26c-4544-8fb2-2401d5bc55c8.json,a24f9ccf-a26c-4544-8fb2-2401d5bc55c8,published,true,true,1,Answerable (exactly one correct option),Paediatric Sub-specialties
questions/a25c0932-17e3-58e4-aa89-6ffbdd3c39d4.json,a25c0932-17e3-58e4-aa89-6ffbdd3c39d4,published,false,true,1,Answerable (exactly one correct option),Paediatric Sub-specialties
questions/a25fbf23-8163-5805-86d4-f871dd7a043c.json,a25fbf23-8163-5805-86d4-f871dd7a043c,published,false,true,1,Answerable (exactly one correct option),Paediatric Surgery
questions/a264cdd4-d520-4980-b2ac-fbbeb7198542.json,a264cdd4-d520-4980-b2ac-fbbeb7198542,published,false,true,1,Answerable (exactly one correct option),Emergency Paediatrics
questions/a27b3a34-e6d8-5618-9d57-0b16054224c3.json,a27b3a34-e6d8-5618-9d57-0b16054224c3,published,false,true,1,Answerable (exactly one correct option),Paediatric Surgery
questions/a287ec3e-e14d-4c0a-b0e2-65514a8f07d0.json,a287ec3e-e14d-4c0a-b0e2-65514a8f07d0,published,false,true,1,Answerable (exactly one correct option),Emergency Paediatrics
questions/a2c04c00-679f-51a9-bd40-0d02b9c2a87a.json,a2c04c00-679f-51a9-bd40-0d02b9c2a87a,published,false,true,1,Answerable (exactly one correct option),Paediatric Sub-specialties
questions/a2c5d6e1-b4bc-411b-b6b9-6a6f04e376e3.json,a2c5d6e1-b4bc-411b-b6b9-6a6f04e376e3,published,false,true,1,Answerable (exactly one correct option),Community-based Paediatrics
questions/a2cd094d-4880-57c4-9062-d33dcb5f6eb4.json,a2cd094d-4880-57c4-9062-d33dcb5f6eb4,published,false,true,1,Answerable (exactly one correct option),Emergency Paediatrics
questions/a304fbde-6918-4c64-935f-76a0d4b5e804.json,a304fbde-6918-4c64-935f-76a0d4b5e804,published,true,true,1,Answerable (exactly one correct option),Paediatric Surgery
questions/a30c6b05-af1c-470a-a074-83a421a793da.json,a30c6b05-af1c-470a-a074-83a421a793da,published,false,true,1,Answerable (exactly one correct option),Unclassified
questions/a30f5d1d-9db5-5c0c-b101-fdba82dd25bf.json,a30f5d1d-9db5-5c0c-b101-fdba82dd25bf,published,false,true,1,Answerable (exactly one correct option),General Paediatrics
questions/a313cd7d-3f54-4368-aa2a-12db7cbbf504.json,a313cd7d-3f54-4368-aa2a-12db7cbbf504,published,false,true,1,Answerable (exactly one correct option),General Paediatrics
questions/a34bfe65-ef70-4e7c-9128-7d775a77910d.json,a34bfe65-ef70-4e7c-9128-7d775a77910d,published,true,true,1,Answerable (exactly one correct option),Paediatric Sub-specialties
questions/a354fd5a-6931-5d85-bbb4-b3120e1b1714.json,a354fd5a-6931-5d85-bbb4-b3120e1b1714,published,false,true,1,Answerable (exactly one correct option),Paediatric Sub-specialties
questions/a3655784-6aff-5e79-8c11-f691669173ae.json,a3655784-6aff-5e79-8c11-f691669173ae,published,false,true,1,Answerable (exactly one correct option),Paediatric Surgery
questions/a365c21c-3484-4fb9-b86c-0d1cb004d97b.json,a365c21c-3484-4fb9-b86c-0d1cb004d97b,published,true,true,1,Answerable (exactly one correct option),Paediatric Sub-specialties
questions/a3894f60-c37f-4458-8aa0-dd5e8c8d18e4.json,a3894f60-c37f-4458-8aa0-dd5e8c8d18e4,published,false,true,1,Answerable (exactly one correct option),Emergency Paediatrics
questions/a3932b7c-c6f9-4fc9-bff5-47f3e6b59b88.json,a3932b7c-c6f9-4fc9-bff5-47f3e6b59b88,published,false,true,1,Answerable (exactly one correct option),Emergency Paediatrics
questions/a39ebb38-9848-4d04-82d8-7e648ee23119.json,a39ebb38-9848-4d04-82d8-7e648ee23119,published,false,true,1,Answerable (exactly one correct option),General Paediatrics
questions/a3bf2521-aaaf-4841-8641-e149d5c755b2.json,a3bf2521-aaaf-4841-8641-e149d5c755b2,published,false,true,1,Answerable (exactly one correct option),Paediatric Sub-specialties
questions/a3ddcfd5-29b8-4e3d-a513-1ed2e3f94bc4.json,a3ddcfd5-29b8-4e3d-a513-1ed2e3f94bc4,published,false,true,1,Answerable (exactly one correct option),Paediatric Sub-specialties
questions/a425ca8b-7f50-44df-b7e2-7baf07cb5bae.json,a425ca8b-7f50-44df-b7e2-7baf07cb5bae,published,true,true,1,Answerable (exactly one correct option),Paediatric Sub-specialties
questions/a427d91f-92aa-54dd-bc9d-3d6fa100c552.json,a427d91f-92aa-54dd-bc9d-3d6fa100c552,published,false,true,1,Answerable (exactly one correct option),Paediatric Sub-specialties
questions/a4286265-6238-4110-b9d0-ee0c0e334379.json,a4286265-6238-4110-b9d0-ee0c0e334379,published,true,true,1,Answerable (exactly one correct option),Paediatric Sub-specialties
questions/a44cf4a5-5672-42e0-88cc-92a0970bd2e5.json,a44cf4a5-5672-42e0-88cc-92a0970bd2e5,published,true,true,1,Answerable (exactly one correct option),Emergency Paediatrics
questions/a44d7950-80fc-5dba-bbfd-76ba94912199.json,a44d7950-80fc-5dba-bbfd-76ba94912199,published,false,true,1,Answerable (exactly one correct option),Paediatric Surgery
questions/a456f460-e77c-59aa-b39c-0ed9a48e2301.json,a456f460-e77c-59aa-b39c-0ed9a48e2301,published,false,true,1,Answerable (exactly one correct option),Emergency Paediatrics
questions/a49a6bdd-6f5c-5ac0-a219-687f210e84f4.json,a49a6bdd-6f5c-5ac0-a219-687f210e84f4,published,false,true,1,Answerable (exactly one correct option),General Paediatrics
questions/a4cb6a35-e969-5255-abfc-b4997521e9fa.json,a4cb6a35-e969-5255-abfc-b4997521e9fa,published,false,true,1,Answerable (exactly one correct option),Paediatric Sub-specialties
questions/a4e85014-631e-4ec4-b789-2c7f9391e255.json,a4e85014-631e-4ec4-b789-2c7f9391e255,published,false,true,1,Answerable (exactly one correct option),Paediatric Surgery
questions/a4f1c416-a7e0-4c2a-b3b8-0df0104d6f12.json,a4f1c416-a7e0-4c2a-b3b8-0df0104d6f12,published,false,true,1,Answerable (exactly one correct option),Paediatric Surgery
questions/a4fe6eb1-b5ec-5fc6-9b34-9a7d3a8b4fc1.json,a4fe6eb1-b5ec-5fc6-9b34-9a7d3a8b4fc1,published,false,true,1,Answerable (exactly one correct option),Paediatric Sub-specialties
questions/a50e84e9-11ee-52a4-aec1-ed0021ec2fc7.json,a50e84e9-11ee-52a4-aec1-ed0021ec2fc7,published,false,true,1,Answerable (exactly one correct option),Adolescent Medicine
questions/a50ee4e6-19ee-5ba6-afb0-31d38855b73c.json,a50ee4e6-19ee-5ba6-afb0-31d38855b73c,published,false,true,1,Answerable (exactly one correct option),Paediatric Surgery
questions/a54a604f-0370-4324-b88e-c6629c07de35.json,a54a604f-0370-4324-b88e-c6629c07de35,published,true,true,1,Answerable (exactly one correct option),Paediatric Surgery
questions/a56a46ff-6c9b-412c-a3b2-202fd9244886.json,a56a46ff-6c9b-412c-a3b2-202fd9244886,published,true,true,1,Answerable (exactly one correct option),General Paediatrics
questions/a56c0cf7-9806-5416-ae16-6e84637a5898.json,a56c0cf7-9806-5416-ae16-6e84637a5898,published,false,true,1,Answerable (exactly one correct option),Paediatric Sub-specialties
questions/a57d7d58-02cb-49be-b8fc-6f6d74c57790.json,a57d7d58-02cb-49be-b8fc-6f6d74c57790,published,false,true,1,Answerable (exactly one correct option),Emergency Paediatrics
questions/a58e0a13-1f04-501b-8045-d80021ab4b8d.json,a58e0a13-1f04-501b-8045-d80021ab4b8d,published,false,true,1,Answerable (exactly one correct option),Emergency Paediatrics
questions/a592dbdf-5c5f-4b10-adfb-dc85d5d4195f.json,a592dbdf-5c5f-4b10-adfb-dc85d5d4195f,published,true,true,1,Answerable (exactly one correct option),Adolescent Medicine
questions/a5aac797-ae2b-4be4-806a-51002608805d.json,a5aac797-ae2b-4be4-806a-51002608805d,published,false,true,1,Answerable (exactly one correct option),Paediatric Sub-specialties
questions/a5c6d51e-b30e-5e42-a25c-33724696167d.json,a5c6d51e-b30e-5e42-a25c-33724696167d,published,false,true,1,Answerable (exactly one correct option),General Paediatrics
questions/a5e35579-e46c-4ef9-923d-4781f8c0cd04.json,a5e35579-e46c-4ef9-923d-4781f8c0cd04,published,true,true,1,Answerable (exactly one correct option),Paediatric Surgery
questions/a5ea0614-4ce5-4a01-b2e1-1b3e1be36262.json,a5ea0614-4ce5-4a01-b2e1-1b3e1be36262,published,true,true,1,Answerable (exactly one correct option),Paediatric Surgery
questions/a6054534-a689-4002-9a43-cd7029d21766.json,a6054534-a689-4002-9a43-cd7029d21766,published,true,true,1,Answerable (exactly one correct option),General Paediatrics
questions/a60e2876-ee5d-5a3f-bdc8-9640c82a9498.json,a60e2876-ee5d-5a3f-bdc8-9640c82a9498,published,false,true,1,Answerable (exactly one correct option),Emergency Paediatrics
questions/a615a0c3-565f-4c44-9599-d2ed4a385bd1.json,a615a0c3-565f-4c44-9599-d2ed4a385bd1,published,false,true,1,Answerable (exactly one correct option),Paediatric Sub-specialties
questions/a636a3fd-1172-4853-937f-068fee1bc465.json,a636a3fd-1172-4853-937f-068fee1bc465,published,false,true,1,Answerable (exactly one correct option),Paediatric Sub-specialties
questions/a63a286f-de6b-43ef-a21a-5db90a59ada8.json,a63a286f-de6b-43ef-a21a-5db90a59ada8,published,true,true,1,Answerable (exactly one correct option),Emergency Paediatrics
questions/a640738d-4092-5e13-b7a9-75338cda76fe.json,a640738d-4092-5e13-b7a9-75338cda76fe,published,false,true,1,Answerable (exactly one correct option),Paediatric Sub-specialties
questions/a649ec8d-8c93-5158-93c2-17bfa4680a23.json,a649ec8d-8c93-5158-93c2-17bfa4680a23,published,false,true,1,Answerable (exactly one correct option),General Paediatrics
questions/a658feaf-55cb-5275-b9d6-48b498ad2f05.json,a658feaf-55cb-5275-b9d6-48b498ad2f05,published,false,true,1,Answerable (exactly one correct option),Paediatric Surgery
questions/a6bf62e3-f2e6-4fef-8e1f-1854977dd8d4.json,a6bf62e3-f2e6-4fef-8e1f-1854977dd8d4,published,true,true,1,Answerable (exactly one correct option),Emergency Paediatrics
questions/a6cca7b4-6c80-4a85-8945-7e7575917146.json,a6cca7b4-6c80-4a85-8945-7e7575917146,published,true,true,1,Answerable (exactly one correct option),Paediatric Sub-specialties
questions/a704b998-3f8c-4eb6-9c71-fd674ad5960b.json,a704b998-3f8c-4eb6-9c71-fd674ad5960b,published,false,true,1,Answerable (exactly one correct option),Unclassified
questions/a71b3dd9-6e44-5c54-9dfa-54ca22b02e89.json,a71b3dd9-6e44-5c54-9dfa-54ca22b02e89,published,false,true,1,Answerable (exactly one correct option),Paediatric Sub-specialties
questions/a7205387-6b6d-451e-8412-fc3c452bd9e0.json,a7205387-6b6d-451e-8412-fc3c452bd9e0,published,false,true,1,Answerable (exactly one correct option),Emergency Paediatrics
questions/a7278a12-945b-5b4a-a189-3d94c6c2aa30.json,a7278a12-945b-5b4a-a189-3d94c6c2aa30,published,false,true,1,Answerable (exactly one correct option),General Paediatrics
questions/a7278e03-83ea-4c7f-bc15-7b1e6d1cd6e8.json,a7278e03-83ea-4c7f-bc15-7b1e6d1cd6e8,published,true,true,1,Answerable (exactly one correct option),Paediatric Sub-specialties
questions/a7483fbd-e855-5bf0-9807-22648a73510e.json,a7483fbd-e855-5bf0-9807-22648a73510e,published,false,true,1,Answerable (exactly one correct option),Paediatric Sub-specialties
questions/a750ea99-1241-5d15-a7ba-1f5c2c550e3c.json,a750ea99-1241-5d15-a7ba-1f5c2c550e3c,published,false,true,1,Answerable (exactly one correct option),Paediatric Sub-specialties
questions/a7544816-c5e7-422c-aa20-3f02126b4b21.json,a7544816-c5e7-422c-aa20-3f02126b4b21,published,true,true,1,Answerable (exactly one correct option),Paediatric Sub-specialties
questions/a7575761-a818-46cc-a16f-899bc777ccc8.json,a7575761-a818-46cc-a16f-899bc777ccc8,published,true,true,1,Answerable (exactly one correct option),Paediatric Surgery
questions/a75c3a33-e7d2-4bca-ad53-106939dcfa5d.json,a75c3a33-e7d2-4bca-ad53-106939dcfa5d,published,false,true,1,Answerable (exactly one correct option),Emergency Paediatrics
questions/a776c58a-189f-4042-8c20-155e6c3382be.json,a776c58a-189f-4042-8c20-155e6c3382be,published,true,true,1,Answerable (exactly one correct option),Emergency Paediatrics
questions/a7a897d2-b2ab-45aa-ae87-80aa498b22f9.json,a7a897d2-b2ab-45aa-ae87-80aa498b22f9,published,true,true,1,Answerable (exactly one correct option),Paediatric Surgery
questions/a7a94929-65e6-5e21-a226-b9bcaa21c3fe.json,a7a94929-65e6-5e21-a226-b9bcaa21c3fe,published,false,true,1,Answerable (exactly one correct option),Paediatric Surgery
questions/a7be40cf-2e33-4014-a596-dfdbdd72956f.json,a7be40cf-2e33-4014-a596-dfdbdd72956f,published,true,true,1,Answerable (exactly one correct option),Paediatric Surgery
questions/a7cb5d38-c901-5b13-b259-94e970b6fcf2.json,a7cb5d38-c901-5b13-b259-94e970b6fcf2,published,false,true,1,Answerable (exactly one correct option),Paediatric Sub-specialties
questions/a7ce2157-4669-4c35-b345-a2d5d8cc01be.json,a7ce2157-4669-4c35-b345-a2d5d8cc01be,published,true,true,1,Answerable (exactly one correct option),Paediatric Sub-specialties
questions/a7e38b85-2f98-4f37-8e84-52f6085892d5.json,a7e38b85-2f98-4f37-8e84-52f6085892d5,published,true,true,1,Answerable (exactly one correct option),Paediatric Surgery
questions/a7eb98f1-7604-4d96-8190-1ed054b64f5a.json,a7eb98f1-7604-4d96-8190-1ed054b64f5a,published,true,true,1,Answerable (exactly one correct option),Adolescent Medicine
questions/a800db67-2c76-414e-9015-630b9a2ff134.json,a800db67-2c76-414e-9015-630b9a2ff134,published,true,true,1,Answerable (exactly one correct option),Emergency Paediatrics
questions/a81065ef-1555-57ca-a3f1-712b71c45cdb.json,a81065ef-1555-57ca-a3f1-712b71c45cdb,published,false,true,1,Answerable (exactly one correct option),Paediatric Surgery
questions/a818bc10-af51-54ef-ba66-91f3c8f3feca.json,a818bc10-af51-54ef-ba66-91f3c8f3feca,published,false,true,1,Answerable (exactly one correct option),Emergency Paediatrics
questions/a819fb42-cb42-4032-be05-e2b2445cbe3f.json,a819fb42-cb42-4032-be05-e2b2445cbe3f,published,true,true,1,Answerable (exactly one correct option),Paediatric Surgery
questions/a81cb8c8-b04f-4c9a-bf0e-b450967280af.json,a81cb8c8-b04f-4c9a-bf0e-b450967280af,published,true,true,1,Answerable (exactly one correct option),Paediatric Sub-specialties
questions/a81f538d-d49e-4e1f-a2a2-8664adaeb23f.json,a81f538d-d49e-4e1f-a2a2-8664adaeb23f,published,true,true,1,Answerable (exactly one correct option),Paediatric Surgery
questions/a8537242-07c8-4131-86b8-4280d2f7d8fc.json,a8537242-07c8-4131-86b8-4280d2f7d8fc,published,false,true,1,Answerable (exactly one correct option),General Paediatrics
questions/a856d77b-0772-5526-999e-b7c6e2ae5252.json,a856d77b-0772-5526-999e-b7c6e2ae5252,published,false,true,1,Answerable (exactly one correct option),Paediatric Sub-specialties
questions/a85b74e7-7c78-51ca-bd58-a924f0d40cb9.json,a85b74e7-7c78-51ca-bd58-a924f0d40cb9,published,false,true,1,Answerable (exactly one correct option),Paediatric Sub-specialties
questions/a85c63b4-5840-5233-8219-829900d71293.json,a85c63b4-5840-5233-8219-829900d71293,published,false,true,1,Answerable (exactly one correct option),Paediatric Sub-specialties
questions/a85cec8c-0394-4e8d-86b6-65a42b4e8753.json,a85cec8c-0394-4e8d-86b6-65a42b4e8753,published,true,true,1,Answerable (exactly one correct option),Emergency Paediatrics
questions/a86f76ca-7ac5-593f-812a-e98049b32024.json,a86f76ca-7ac5-593f-812a-e98049b32024,published,false,true,1,Answerable (exactly one correct option),Paediatric Sub-specialties
questions/a87470af-4f50-5c2f-9b2c-6b3b2ed46076.json,a87470af-4f50-5c2f-9b2c-6b3b2ed46076,published,false,true,1,Answerable (exactly one correct option),Paediatric Sub-specialties
questions/a8c16318-61c0-5b6e-bcec-e45a84bef8a7.json,a8c16318-61c0-5b6e-bcec-e45a84bef8a7,published,false,true,1,Answerable (exactly one correct option),Adolescent Medicine
questions/a8d4be2d-f5c7-4af0-9408-c8d8ecc19f0f.json,a8d4be2d-f5c7-4af0-9408-c8d8ecc19f0f,published,true,true,1,Answerable (exactly one correct option),Adolescent Medicine
questions/a8ed16e4-8ace-42b2-9797-466dbb3282ae.json,a8ed16e4-8ace-42b2-9797-466dbb3282ae,published,true,true,1,Answerable (exactly one correct option),Paediatric Sub-specialties
questions/a90929b2-5af8-57df-b95c-8a02970cd5fa.json,a90929b2-5af8-57df-b95c-8a02970cd5fa,published,false,true,1,Answerable (exactly one correct option),Emergency Paediatrics
questions/a9161df1-7062-4752-abfd-5b9c8d9b918a.json,a9161df1-7062-4752-abfd-5b9c8d9b918a,published,false,true,1,Answerable (exactly one correct option),Paediatric Sub-specialties
questions/a9176bc2-9080-442d-bfa9-653382d1099d.json,a9176bc2-9080-442d-bfa9-653382d1099d,published,false,true,1,Answerable (exactly one correct option),Paediatric Sub-specialties
questions/a9419a8b-c879-43f0-8463-899828747f2c.json,a9419a8b-c879-43f0-8463-899828747f2c,published,true,true,1,Answerable (exactly one correct option),Emergency Paediatrics
questions/a947992f-59a0-476d-85fb-f6ce17cfdc43.json,a947992f-59a0-476d-85fb-f6ce17cfdc43,published,true,true,1,Answerable (exactly one correct option),Community-based Paediatrics
questions/a95a4740-5900-4d56-91c7-315782727243.json,a95a4740-5900-4d56-91c7-315782727243,published,false,true,1,Answerable (exactly one correct option),Paediatric Surgery
questions/a964ea23-50c2-4144-bae2-fee625ed3d89.json,a964ea23-50c2-4144-bae2-fee625ed3d89,published,true,true,1,Answerable (exactly one correct option),Emergency Paediatrics
questions/a980c2a3-3719-51d6-b530-441aeca02ee1.json,a980c2a3-3719-51d6-b530-441aeca02ee1,published,false,true,1,Answerable (exactly one correct option),Paediatric Surgery
questions/a9839be8-bd7e-4212-bfaa-6ab025996c63.json,a9839be8-bd7e-4212-bfaa-6ab025996c63,published,true,true,1,Answerable (exactly one correct option),Paediatric Sub-specialties
questions/a9a73d18-372c-4cbb-a742-2c347391ac8e.json,a9a73d18-372c-4cbb-a742-2c347391ac8e,published,false,true,1,Answerable (exactly one correct option),Unclassified
questions/a9b6e588-b081-487d-b178-5a74fc12c55b.json,a9b6e588-b081-487d-b178-5a74fc12c55b,published,false,true,1,Answerable (exactly one correct option),Paediatric Sub-specialties
questions/a9c0e3a2-c53e-474d-bc86-3c920a64c050.json,a9c0e3a2-c53e-474d-bc86-3c920a64c050,published,true,true,1,Answerable (exactly one correct option),Paediatric Surgery
questions/a9d51a71-8aa2-4ac5-a943-3d618af73b42.json,a9d51a71-8aa2-4ac5-a943-3d618af73b42,published,true,true,1,Answerable (exactly one correct option),General Paediatrics
questions/a9d59bcc-e1cd-4bba-b1ff-bafcfd9e2c06.json,a9d59bcc-e1cd-4bba-b1ff-bafcfd9e2c06,published,true,true,1,Answerable (exactly one correct option),Adolescent Medicine
questions/aa0ce04d-f3c6-5723-bc7e-3a706d86aa85.json,aa0ce04d-f3c6-5723-bc7e-3a706d86aa85,published,false,true,1,Answerable (exactly one correct option),General Paediatrics
questions/aa140a93-44ee-4cde-8627-b295793f183f.json,aa140a93-44ee-4cde-8627-b295793f183f,published,true,true,1,Answerable (exactly one correct option),Community-based Paediatrics
questions/aa2cf932-beec-5432-829b-9830c2b94402.json,aa2cf932-beec-5432-829b-9830c2b94402,published,false,true,1,Answerable (exactly one correct option),General Paediatrics
questions/aa3d997c-31ab-59b3-9cb7-58e8b4053458.json,aa3d997c-31ab-59b3-9cb7-58e8b4053458,published,false,true,1,Answerable (exactly one correct option),General Paediatrics
questions/aa97cb69-0906-4b51-abd2-5c296fe16d55.json,aa97cb69-0906-4b51-abd2-5c296fe16d55,published,true,true,1,Answerable (exactly one correct option),Community-based Paediatrics
questions/aa9e5a58-6dcd-568c-bcf3-6ad63ed4a8d6.json,aa9e5a58-6dcd-568c-bcf3-6ad63ed4a8d6,published,false,true,1,Answerable (exactly one correct option),Emergency Paediatrics
questions/aabb134b-9ef6-431f-acc1-fde142429520.json,aabb134b-9ef6-431f-acc1-fde142429520,published,false,true,1,Answerable (exactly one correct option),Emergency Paediatrics
questions/aabc6117-6185-46d6-a7c8-4f20a0170675.json,aabc6117-6185-46d6-a7c8-4f20a0170675,published,false,true,1,Answerable (exactly one correct option),Paediatric Surgery
questions/aabf39a8-08e5-4c87-9970-87eb2288c115.json,aabf39a8-08e5-4c87-9970-87eb2288c115,published,true,true,1,Answerable (exactly one correct option),Paediatric Sub-specialties
questions/aac8a537-16a2-5bd2-8719-a0829b18e75f.json,aac8a537-16a2-5bd2-8719-a0829b18e75f,published,false,true,1,Answerable (exactly one correct option),Paediatric Sub-specialties
questions/aad74bf7-d134-58e1-a548-64ee61ed5fa9.json,aad74bf7-d134-58e1-a548-64ee61ed5fa9,published,false,true,1,Answerable (exactly one correct option),Paediatric Sub-specialties
questions/aadd7e37-dab2-4493-9f80-03e62db26e98.json,aadd7e37-dab2-4493-9f80-03e62db26e98,published,false,true,1,Answerable (exactly one correct option),Paediatric Sub-specialties
questions/ab04200e-0029-57e7-91ae-0e84d808007b.json,ab04200e-0029-57e7-91ae-0e84d808007b,published,false,true,1,Answerable (exactly one correct option),Paediatric Sub-specialties
questions/ab12af91-f21d-4aff-9b5c-f94b525f036f.json,ab12af91-f21d-4aff-9b5c-f94b525f036f,published,true,true,1,Answerable (exactly one correct option),Paediatric Sub-specialties
questions/ab1dc9f3-aeeb-5520-b067-0aaadf04712f.json,ab1dc9f3-aeeb-5520-b067-0aaadf04712f,published,false,true,1,Answerable (exactly one correct option),Paediatric Sub-specialties
questions/ab64eb50-d87a-4a52-9296-a021c13bb471.json,ab64eb50-d87a-4a52-9296-a021c13bb471,published,true,true,1,Answerable (exactly one correct option),General Paediatrics
questions/ab95e470-35b1-5bdf-a5c2-3e157e42801e.json,ab95e470-35b1-5bdf-a5c2-3e157e42801e,published,false,true,1,Answerable (exactly one correct option),Paediatric Surgery
questions/ab96486d-e769-40b8-82d5-5a05970b2ca1.json,ab96486d-e769-40b8-82d5-5a05970b2ca1,published,false,true,1,Answerable (exactly one correct option),Emergency Paediatrics
questions/aba42bf0-3fff-4184-8d64-3c4b36f5bd0f.json,aba42bf0-3fff-4184-8d64-3c4b36f5bd0f,published,false,true,1,Answerable (exactly one correct option),Paediatric Sub-specialties
questions/abb1b0e8-02a7-4552-91a9-198053a352b3.json,abb1b0e8-02a7-4552-91a9-198053a352b3,published,false,true,1,Answerable (exactly one correct option),Emergency Paediatrics
questions/abddec6f-9447-4326-a15f-23d9d120e8ae.json,abddec6f-9447-4326-a15f-23d9d120e8ae,published,true,true,1,Answerable (exactly one correct option),Community-based Paediatrics
questions/abebf83d-f1d8-41bc-9b71-c3813754dcd5.json,abebf83d-f1d8-41bc-9b71-c3813754dcd5,published,false,true,1,Answerable (exactly one correct option),Unclassified
questions/abf1cf03-86db-5bb9-a83a-f903adf742d8.json,abf1cf03-86db-5bb9-a83a-f903adf742d8,published,false,true,1,Answerable (exactly one correct option),Paediatric Surgery
questions/abf8fa9a-8ac4-4df2-9cb0-024d9c637b02.json,abf8fa9a-8ac4-4df2-9cb0-024d9c637b02,published,false,true,1,Answerable (exactly one correct option),Adolescent Medicine
questions/ac17e4d5-4727-42fa-806d-ccbd7945cf44.json,ac17e4d5-4727-42fa-806d-ccbd7945cf44,published,false,true,1,Answerable (exactly one correct option),Community-based Paediatrics
questions/ac1fa417-e46d-59df-a4c3-33c4cffccaa1.json,ac1fa417-e46d-59df-a4c3-33c4cffccaa1,published,false,true,1,Answerable (exactly one correct option),Emergency Paediatrics
questions/ac7ebe15-6911-4531-9442-b110747704b1.json,ac7ebe15-6911-4531-9442-b110747704b1,published,true,true,1,Answerable (exactly one correct option),Paediatric Surgery
questions/ac99ef8c-b268-4b82-9b17-73feb021f418.json,ac99ef8c-b268-4b82-9b17-73feb021f418,published,true,true,1,Answerable (exactly one correct option),Paediatric Surgery
questions/aca5bc8a-0662-4251-9b65-a8a316895711.json,aca5bc8a-0662-4251-9b65-a8a316895711,published,false,true,1,Answerable (exactly one correct option),Unclassified
questions/aca7616d-b5c6-5534-b0f3-d24bb16b9906.json,aca7616d-b5c6-5534-b0f3-d24bb16b9906,published,false,true,1,Answerable (exactly one correct option),General Paediatrics
questions/aca9bd88-26b7-4573-b84d-f9232d3de9fa.json,aca9bd88-26b7-4573-b84d-f9232d3de9fa,published,true,true,1,Answerable (exactly one correct option),Adolescent Medicine
questions/acaa6169-c602-4d43-82de-8d569bbaf7b0.json,acaa6169-c602-4d43-82de-8d569bbaf7b0,published,true,true,1,Answerable (exactly one correct option),Paediatric Sub-specialties
questions/acace927-c13b-4faf-b0f5-e7371fc7659e.json,acace927-c13b-4faf-b0f5-e7371fc7659e,published,true,true,1,Answerable (exactly one correct option),General Paediatrics
questions/acaf2222-0763-4e67-995c-7cecc16c29ae.json,acaf2222-0763-4e67-995c-7cecc16c29ae,published,false,true,1,Answerable (exactly one correct option),General Paediatrics
questions/acb71a39-e644-5fbd-96f6-c001feacc6d7.json,acb71a39-e644-5fbd-96f6-c001feacc6d7,published,false,true,1,Answerable (exactly one correct option),Paediatric Surgery
questions/acd8ba8b-5b02-4d7f-886a-a9d781e1f0ea.json,acd8ba8b-5b02-4d7f-886a-a9d781e1f0ea,published,true,true,1,Answerable (exactly one correct option),General Paediatrics
questions/acf57bbf-e663-4ff9-b005-6ef68128c3c2.json,acf57bbf-e663-4ff9-b005-6ef68128c3c2,published,true,true,1,Answerable (exactly one correct option),Paediatric Surgery
questions/acfe5e54-1850-58da-8cc9-7aa633259c9a.json,acfe5e54-1850-58da-8cc9-7aa633259c9a,published,false,true,1,Answerable (exactly one correct option),Community-based Paediatrics
questions/ad22c313-1ab3-4dff-be18-7f9649ebdd06.json,ad22c313-1ab3-4dff-be18-7f9649ebdd06,published,true,true,1,Answerable (exactly one correct option),General Paediatrics
questions/ad4200b8-12c7-48ea-93bd-43fef8090753.json,ad4200b8-12c7-48ea-93bd-43fef8090753,published,true,true,1,Answerable (exactly one correct option),Paediatric Surgery
questions/ad5f90db-6a00-4049-bbcc-146f6a91b90d.json,ad5f90db-6a00-4049-bbcc-146f6a91b90d,published,true,true,1,Answerable (exactly one correct option),Emergency Paediatrics
questions/ad8915c8-ac3b-4674-84a8-b723c2c25ad1.json,ad8915c8-ac3b-4674-84a8-b723c2c25ad1,published,true,true,1,Answerable (exactly one correct option),Paediatric Surgery
questions/ad9fb4f1-6992-4e15-b842-3a52c1f25743.json,ad9fb4f1-6992-4e15-b842-3a52c1f25743,published,true,true,1,Answerable (exactly one correct option),Paediatric Sub-specialties
questions/ada1d250-fbe7-418d-9614-606620a4f323.json,ada1d250-fbe7-418d-9614-606620a4f323,published,true,true,1,Answerable (exactly one correct option),Adolescent Medicine
questions/adb072ab-3e23-44af-9600-cd5a0a99a140.json,adb072ab-3e23-44af-9600-cd5a0a99a140,published,true,true,1,Answerable (exactly one correct option),Paediatric Sub-specialties
questions/adcadefa-b161-5d14-a838-256cbe19e489.json,adcadefa-b161-5d14-a838-256cbe19e489,published,false,true,1,Answerable (exactly one correct option),Paediatric Sub-specialties
questions/add5e249-610b-4df2-ae94-3099e151f167.json,add5e249-610b-4df2-ae94-3099e151f167,published,true,true,1,Answerable (exactly one correct option),Paediatric Sub-specialties
questions/adff37a7-4540-4715-a532-45b4e59e65f6.json,adff37a7-4540-4715-a532-45b4e59e65f6,published,true,true,1,Answerable (exactly one correct option),Paediatric Sub-specialties
questions/ae08094f-3ba6-45e0-8266-afca898c4bc8.json,ae08094f-3ba6-45e0-8266-afca898c4bc8,published,true,true,1,Answerable (exactly one correct option),Paediatric Sub-specialties
questions/ae16cc4c-e66c-55ad-b681-d2b5a3ebb24d.json,ae16cc4c-e66c-55ad-b681-d2b5a3ebb24d,published,false,true,1,Answerable (exactly one correct option),Paediatric Surgery
questions/ae18b22c-38ac-402f-91b2-338f13540896.json,ae18b22c-38ac-402f-91b2-338f13540896,published,false,true,1,Answerable (exactly one correct option),General Paediatrics
questions/ae2f70ae-0e61-47f8-8827-50cf629c4584.json,ae2f70ae-0e61-47f8-8827-50cf629c4584,published,false,true,1,Answerable (exactly one correct option),Unclassified
questions/ae3dc667-6066-4e36-987b-6e6783e6f2ab.json,ae3dc667-6066-4e36-987b-6e6783e6f2ab,published,false,true,1,Answerable (exactly one correct option),Paediatric Sub-specialties
questions/ae3ea0fe-4393-57eb-aae2-ff948ce9033e.json,ae3ea0fe-4393-57eb-aae2-ff948ce9033e,published,false,true,1,Answerable (exactly one correct option),Paediatric Sub-specialties
questions/ae48eb32-0d15-5c07-9041-5b43133edcf6.json,ae48eb32-0d15-5c07-9041-5b43133edcf6,published,false,true,1,Answerable (exactly one correct option),Paediatric Sub-specialties
questions/ae56c6bf-3cbe-47d8-9931-edc143dd93d9.json,ae56c6bf-3cbe-47d8-9931-edc143dd93d9,published,true,true,1,Answerable (exactly one correct option),Paediatric Sub-specialties
questions/ae6256ba-ee02-45e3-9f99-c35ccb282670.json,ae6256ba-ee02-45e3-9f99-c35ccb282670,published,false,true,1,Answerable (exactly one correct option),Paediatric Sub-specialties
questions/ae71aa8d-3e09-4e60-94b1-eceec468e69d.json,ae71aa8d-3e09-4e60-94b1-eceec468e69d,published,true,true,1,Answerable (exactly one correct option),Paediatric Surgery
questions/ae7d30c2-9a9d-45b2-baf6-2eb7bf06fa27.json,ae7d30c2-9a9d-45b2-baf6-2eb7bf06fa27,published,false,true,1,Answerable (exactly one correct option),Community-based Paediatrics
questions/aed80510-6552-43b4-85cd-125c3b8baab1.json,aed80510-6552-43b4-85cd-125c3b8baab1,published,true,true,1,Answerable (exactly one correct option),General Paediatrics
questions/aeeca2ef-a5ab-4391-ac38-da4905a16673.json,aeeca2ef-a5ab-4391-ac38-da4905a16673,published,false,true,1,Answerable (exactly one correct option),General Paediatrics
questions/aef0d323-ee83-42db-85a5-7bb73ede1876.json,aef0d323-ee83-42db-85a5-7bb73ede1876,published,true,true,1,Answerable (exactly one correct option),General Paediatrics
questions/aefcdf60-904a-43a0-aaf5-2d908b264a19.json,aefcdf60-904a-43a0-aaf5-2d908b264a19,published,true,true,1,Answerable (exactly one correct option),Emergency Paediatrics
questions/aefe34b1-46af-44a5-94f6-31dcaf663659.json,aefe34b1-46af-44a5-94f6-31dcaf663659,published,false,true,1,Answerable (exactly one correct option),Community-based Paediatrics
questions/af08691c-1633-4c52-9f98-85612c48ed2d.json,af08691c-1633-4c52-9f98-85612c48ed2d,published,false,true,1,Answerable (exactly one correct option),Emergency Paediatrics
questions/af118b20-6aae-49f1-b91e-28d7572c5f18.json,af118b20-6aae-49f1-b91e-28d7572c5f18,published,true,true,1,Answerable (exactly one correct option),Paediatric Surgery
questions/af128e6f-8025-5f4d-b963-06cc5455c983.json,af128e6f-8025-5f4d-b963-06cc5455c983,published,false,true,1,Answerable (exactly one correct option),Emergency Paediatrics
questions/af18b73f-2b6a-4ef9-9b13-0083981bb306.json,af18b73f-2b6a-4ef9-9b13-0083981bb306,published,false,true,1,Answerable (exactly one correct option),General Paediatrics
questions/af1d2f9a-b7ef-57f7-9208-de53b283e49a.json,af1d2f9a-b7ef-57f7-9208-de53b283e49a,published,false,true,1,Answerable (exactly one correct option),Emergency Paediatrics
questions/af892b6f-868d-4594-8a9b-d0e0851a699d.json,af892b6f-868d-4594-8a9b-d0e0851a699d,published,true,true,1,Answerable (exactly one correct option),Paediatric Sub-specialties
questions/af8fa9d0-6cb4-4e7a-9c2e-e2d17e7ec962.json,af8fa9d0-6cb4-4e7a-9c2e-e2d17e7ec962,published,true,true,1,Answerable (exactly one correct option),Paediatric Sub-specialties
questions/af9de150-44c2-4795-ac67-522acf4d2301.json,af9de150-44c2-4795-ac67-522acf4d2301,published,true,true,1,Answerable (exactly one correct option),Community-based Paediatrics
questions/afa2aefd-5428-5f35-bec9-5bba886ab11b.json,afa2aefd-5428-5f35-bec9-5bba886ab11b,published,false,true,1,Answerable (exactly one correct option),Paediatric Sub-specialties
questions/afdbd0c1-e0f8-4a4e-884a-cabbb4a2ed44.json,afdbd0c1-e0f8-4a4e-884a-cabbb4a2ed44,published,true,true,1,Answerable (exactly one correct option),General Paediatrics
questions/afe5db9e-002c-4c07-97c0-5d189a6b530a.json,afe5db9e-002c-4c07-97c0-5d189a6b530a,published,true,true,1,Answerable (exactly one correct option),Paediatric Surgery
questions/b0191867-94a8-4a0f-8cef-b31c26b16be4.json,b0191867-94a8-4a0f-8cef-b31c26b16be4,published,false,true,1,Answerable (exactly one correct option),Paediatric Surgery
questions/b03c2534-c754-4623-99ab-a77ed41621c1.json,b03c2534-c754-4623-99ab-a77ed41621c1,published,false,true,1,Answerable (exactly one correct option),Emergency Paediatrics
questions/b048bfc7-0bb3-419f-b9e7-6beda8b199b1.json,b048bfc7-0bb3-419f-b9e7-6beda8b199b1,published,true,true,1,Answerable (exactly one correct option),Paediatric Sub-specialties
questions/b050240d-cf6c-5893-9ebf-f427c22a8305.json,b050240d-cf6c-5893-9ebf-f427c22a8305,published,false,true,1,Answerable (exactly one correct option),Paediatric Surgery
questions/b052fa94-03c8-5534-a3f3-7a54c3a087e8.json,b052fa94-03c8-5534-a3f3-7a54c3a087e8,published,false,true,1,Answerable (exactly one correct option),Paediatric Sub-specialties
questions/b062d587-b7d5-45cc-9392-7275a8e550fa.json,b062d587-b7d5-45cc-9392-7275a8e550fa,published,true,true,1,Answerable (exactly one correct option),Paediatric Sub-specialties
questions/b064fb90-6a86-41f0-98f9-ac29a6161b7c.json,b064fb90-6a86-41f0-98f9-ac29a6161b7c,published,false,true,1,Answerable (exactly one correct option),Adolescent Medicine
questions/b09ea749-e2fa-4a40-85a1-1ae87d023e47.json,b09ea749-e2fa-4a40-85a1-1ae87d023e47,published,false,true,1,Answerable (exactly one correct option),Emergency Paediatrics
questions/b0aea154-ec3d-42ec-ba4e-2de33c25063c.json,b0aea154-ec3d-42ec-ba4e-2de33c25063c,published,true,true,1,Answerable (exactly one correct option),Paediatric Sub-specialties
questions/b0b9a79e-793d-4032-9201-262e9cfe0906.json,b0b9a79e-793d-4032-9201-262e9cfe0906,published,false,true,1,Answerable (exactly one correct option),Paediatric Sub-specialties
questions/b0bc36c3-ebfc-488e-901d-1639928a376c.json,b0bc36c3-ebfc-488e-901d-1639928a376c,published,false,true,1,Answerable (exactly one correct option),Paediatric Sub-specialties
questions/b0d9ab4a-b9a3-513a-b02f-fc61a3efaedc.json,b0d9ab4a-b9a3-513a-b02f-fc61a3efaedc,published,false,true,1,Answerable (exactly one correct option),Community-based Paediatrics
questions/b0e66ef4-e6db-52a7-ab51-6a53a28fd106.json,b0e66ef4-e6db-52a7-ab51-6a53a28fd106,published,false,true,1,Answerable (exactly one correct option),General Paediatrics
questions/b0f59147-3904-50bc-81e4-da61cb97ac13.json,b0f59147-3904-50bc-81e4-da61cb97ac13,published,false,true,1,Answerable (exactly one correct option),General Paediatrics
questions/b11d1581-d494-4bbf-8072-7a7eff49d0bc.json,b11d1581-d494-4bbf-8072-7a7eff49d0bc,published,true,true,1,Answerable (exactly one correct option),Paediatric Sub-specialties
questions/b125b5f0-81ca-57a5-837c-280b87f66f58.json,b125b5f0-81ca-57a5-837c-280b87f66f58,published,false,true,1,Answerable (exactly one correct option),Paediatric Surgery
questions/b13d79f3-0385-4382-be25-fb1a2e1ab3ee.json,b13d79f3-0385-4382-be25-fb1a2e1ab3ee,published,true,true,1,Answerable (exactly one correct option),Adolescent Medicine
questions/b1443b6e-8f14-4a9d-8262-6fc1113b896f.json,b1443b6e-8f14-4a9d-8262-6fc1113b896f,published,false,true,1,Answerable (exactly one correct option),Paediatric Sub-specialties
questions/b1493548-1bc2-595d-a2e1-a8daa495409b.json,b1493548-1bc2-595d-a2e1-a8daa495409b,published,false,true,1,Answerable (exactly one correct option),Paediatric Sub-specialties
questions/b16c75af-bc21-577f-a949-be5f748bfcee.json,b16c75af-bc21-577f-a949-be5f748bfcee,published,false,true,1,Answerable (exactly one correct option),Paediatric Surgery
questions/b17b91d6-78af-42e1-9799-8e10337c4b1f.json,b17b91d6-78af-42e1-9799-8e10337c4b1f,published,true,true,1,Answerable (exactly one correct option),Paediatric Sub-specialties
questions/b1845b0c-8273-4e98-99d2-9d624c83a032.json,b1845b0c-8273-4e98-99d2-9d624c83a032,published,true,true,1,Answerable (exactly one correct option),Paediatric Sub-specialties
questions/b18bef28-5e71-5221-9e47-ad8cf3d93e34.json,b18bef28-5e71-5221-9e47-ad8cf3d93e34,published,false,true,1,Answerable (exactly one correct option),Paediatric Sub-specialties
questions/b1a09399-f30b-57d5-bd46-a7588beca14f.json,b1a09399-f30b-57d5-bd46-a7588beca14f,published,false,true,1,Answerable (exactly one correct option),Paediatric Sub-specialties
questions/b1ccd830-9f93-4203-9f09-f9b09e3f64ef.json,b1ccd830-9f93-4203-9f09-f9b09e3f64ef,published,true,true,1,Answerable (exactly one correct option),Paediatric Sub-specialties
questions/b1cda04f-7913-45e9-af1a-6cfbcd8498c3.json,b1cda04f-7913-45e9-af1a-6cfbcd8498c3,published,false,true,1,Answerable (exactly one correct option),Unclassified
questions/b1e372f0-97bd-431c-a1c7-c4f2b4132a0f.json,b1e372f0-97bd-431c-a1c7-c4f2b4132a0f,published,true,true,1,Answerable (exactly one correct option),General Paediatrics
questions/b1f35217-d9f8-4099-ae06-5db7bfe54ef1.json,b1f35217-d9f8-4099-ae06-5db7bfe54ef1,published,true,true,1,Answerable (exactly one correct option),Paediatric Surgery
questions/b1f7ef10-bd71-4f86-9693-b1970c612210.json,b1f7ef10-bd71-4f86-9693-b1970c612210,published,true,true,1,Answerable (exactly one correct option),Paediatric Sub-specialties
questions/b2095083-6959-4b06-8197-3dfcc29331dc.json,b2095083-6959-4b06-8197-3dfcc29331dc,published,true,true,1,Answerable (exactly one correct option),Paediatric Surgery
questions/b20ebd91-339c-4da8-a753-fb8b3afe814f.json,b20ebd91-339c-4da8-a753-fb8b3afe814f,published,true,true,1,Answerable (exactly one correct option),Paediatric Surgery
questions/b22ac6f0-0c7d-53e7-aa88-30221f18407b.json,b22ac6f0-0c7d-53e7-aa88-30221f18407b,published,false,true,1,Answerable (exactly one correct option),Emergency Paediatrics
questions/b22f0ff4-d338-56a8-aff6-d5153b10d002.json,b22f0ff4-d338-56a8-aff6-d5153b10d002,published,false,true,1,Answerable (exactly one correct option),General Paediatrics
questions/b2555f7a-fd04-420a-a1d5-30b237525ad5.json,b2555f7a-fd04-420a-a1d5-30b237525ad5,published,true,true,1,Answerable (exactly one correct option),Paediatric Sub-specialties
questions/b26c278f-8f0b-4304-8ba2-387d9e1d9527.json,b26c278f-8f0b-4304-8ba2-387d9e1d9527,published,false,true,1,Answerable (exactly one correct option),Paediatric Sub-specialties
questions/b283119a-f71e-4fbf-aedc-ecf5f8fc5875.json,b283119a-f71e-4fbf-aedc-ecf5f8fc5875,published,false,true,1,Answerable (exactly one correct option),Adolescent Medicine
questions/b29bb8db-678d-4811-823b-2ba486d94334.json,b29bb8db-678d-4811-823b-2ba486d94334,published,false,true,1,Answerable (exactly one correct option),Emergency Paediatrics
questions/b2c092b1-7a68-4fb6-a9af-5e0e5e15087f.json,b2c092b1-7a68-4fb6-a9af-5e0e5e15087f,published,false,true,1,Answerable (exactly one correct option),Adolescent Medicine
questions/b2d17eb8-3a44-5a23-b8e5-9cfac741f81d.json,b2d17eb8-3a44-5a23-b8e5-9cfac741f81d,published,false,true,1,Answerable (exactly one correct option),Paediatric Sub-specialties
questions/b2d86e04-a2ca-54e4-8e9e-b2454253f121.json,b2d86e04-a2ca-54e4-8e9e-b2454253f121,published,false,true,1,Answerable (exactly one correct option),Paediatric Sub-specialties
questions/b2d87736-69b9-5b3b-bc1b-b9dc91461124.json,b2d87736-69b9-5b3b-bc1b-b9dc91461124,published,false,true,1,Answerable (exactly one correct option),General Paediatrics
questions/b2dbce1d-ae71-4810-8d61-33cf1e448cda.json,b2dbce1d-ae71-4810-8d61-33cf1e448cda,published,false,true,1,Answerable (exactly one correct option),Unclassified
questions/b31f2529-9a85-5fc6-981c-f370f82f9706.json,b31f2529-9a85-5fc6-981c-f370f82f9706,published,false,true,1,Answerable (exactly one correct option),Emergency Paediatrics
questions/b356146b-b1ba-4a55-b9e9-e66a4be51391.json,b356146b-b1ba-4a55-b9e9-e66a4be51391,published,false,true,1,Answerable (exactly one correct option),General Paediatrics
questions/b3605b87-7e44-4a4d-ba5a-a607dbdc78db.json,b3605b87-7e44-4a4d-ba5a-a607dbdc78db,published,true,true,1,Answerable (exactly one correct option),Paediatric Surgery
questions/b37eb932-a135-4a26-b5d7-d0a7c2c3a936.json,b37eb932-a135-4a26-b5d7-d0a7c2c3a936,published,true,true,1,Answerable (exactly one correct option),General Paediatrics
questions/b38ce571-e68c-502f-8428-09c973df0608.json,b38ce571-e68c-502f-8428-09c973df0608,published,false,true,1,Answerable (exactly one correct option),Paediatric Surgery
questions/b3a97ed0-499b-5c55-9943-68eaf224a39d.json,b3a97ed0-499b-5c55-9943-68eaf224a39d,published,false,true,1,Answerable (exactly one correct option),Paediatric Surgery
questions/b3ee8630-f168-4f65-a667-9f4cf9a41fdc.json,b3ee8630-f168-4f65-a667-9f4cf9a41fdc,published,true,true,1,Answerable (exactly one correct option),Paediatric Surgery
questions/b3f0296f-5423-4a63-9f34-534e42695bc8.json,b3f0296f-5423-4a63-9f34-534e42695bc8,published,true,true,1,Answerable (exactly one correct option),Paediatric Sub-specialties
questions/b3f3335c-2960-5e5f-b671-af6aab8b21af.json,b3f3335c-2960-5e5f-b671-af6aab8b21af,published,false,true,1,Answerable (exactly one correct option),Paediatric Surgery
questions/b4013f27-c297-5f0e-9755-aafb45e7783c.json,b4013f27-c297-5f0e-9755-aafb45e7783c,published,false,true,1,Answerable (exactly one correct option),General Paediatrics
questions/b43b0e12-c563-447d-ae59-12f08acfa8bb.json,b43b0e12-c563-447d-ae59-12f08acfa8bb,published,true,true,1,Answerable (exactly one correct option),Paediatric Surgery
questions/b456464c-88d3-4d8f-8e40-97c8329cbac5.json,b456464c-88d3-4d8f-8e40-97c8329cbac5,published,true,true,1,Answerable (exactly one correct option),Paediatric Sub-specialties
questions/b463044f-2664-41e1-a3a5-cf75e331087e.json,b463044f-2664-41e1-a3a5-cf75e331087e,published,true,true,1,Answerable (exactly one correct option),Paediatric Sub-specialties
questions/b4690c42-8087-4449-b82b-7f412b6f95fb.json,b4690c42-8087-4449-b82b-7f412b6f95fb,published,true,true,1,Answerable (exactly one correct option),Paediatric Sub-specialties
questions/b4704cf4-eec0-4578-bc79-2beabd29fcf8.json,b4704cf4-eec0-4578-bc79-2beabd29fcf8,published,false,true,1,Answerable (exactly one correct option),Emergency Paediatrics
questions/b48c3a36-f683-4876-b193-ba424101516b.json,b48c3a36-f683-4876-b193-ba424101516b,published,false,true,1,Answerable (exactly one correct option),General Paediatrics
questions/b4a06e56-ccbf-4d98-a76b-d2ee91ced502.json,b4a06e56-ccbf-4d98-a76b-d2ee91ced502,published,false,true,1,Answerable (exactly one correct option),Paediatric Sub-specialties
questions/b4a48073-8bac-41ef-95cf-b4dbf3bde349.json,b4a48073-8bac-41ef-95cf-b4dbf3bde349,published,true,true,1,Answerable (exactly one correct option),General Paediatrics
questions/b4b4f889-3d0a-5c2c-b262-e3f4ed03b192.json,b4b4f889-3d0a-5c2c-b262-e3f4ed03b192,published,false,true,1,Answerable (exactly one correct option),Adolescent Medicine
questions/b4cc106a-16ee-4ab0-8bbd-c7fff35898ca.json,b4cc106a-16ee-4ab0-8bbd-c7fff35898ca,published,true,true,1,Answerable (exactly one correct option),Community-based Paediatrics
questions/b4e24833-7b38-48ac-9f42-c9f4e272e7bf.json,b4e24833-7b38-48ac-9f42-c9f4e272e7bf,published,true,true,1,Answerable (exactly one correct option),Paediatric Surgery
questions/b4fa1d09-abb1-4389-b6fd-19919c208024.json,b4fa1d09-abb1-4389-b6fd-19919c208024,published,true,true,1,Answerable (exactly one correct option),Emergency Paediatrics
questions/b4fc7c5c-641b-45b0-a411-131753bcef22.json,b4fc7c5c-641b-45b0-a411-131753bcef22,published,true,true,1,Answerable (exactly one correct option),Community-based Paediatrics
questions/b51533bd-e68c-4bab-a8d7-cba4549b7ee2.json,b51533bd-e68c-4bab-a8d7-cba4549b7ee2,published,true,true,1,Answerable (exactly one correct option),Emergency Paediatrics
questions/b53232c0-bda1-4626-a65e-165fa7e76fd3.json,b53232c0-bda1-4626-a65e-165fa7e76fd3,published,true,true,1,Answerable (exactly one correct option),Adolescent Medicine
questions/b55a48f7-bb94-5f91-8b0f-a32219de1dec.json,b55a48f7-bb94-5f91-8b0f-a32219de1dec,published,false,true,1,Answerable (exactly one correct option),Paediatric Surgery
questions/b56299eb-4ac4-4163-8625-f134ee276f14.json,b56299eb-4ac4-4163-8625-f134ee276f14,published,true,true,1,Answerable (exactly one correct option),Community-based Paediatrics
questions/b57eb8cf-664a-55c9-8d90-db92d1f749e8.json,b57eb8cf-664a-55c9-8d90-db92d1f749e8,published,false,true,1,Answerable (exactly one correct option),Emergency Paediatrics
questions/b58f9dd1-99af-43de-97ce-203d91b43930.json,b58f9dd1-99af-43de-97ce-203d91b43930,published,true,true,1,Answerable (exactly one correct option),Paediatric Surgery
questions/b59473f1-d588-5e6e-856f-eb9b11e92e72.json,b59473f1-d588-5e6e-856f-eb9b11e92e72,published,false,true,1,Answerable (exactly one correct option),Community-based Paediatrics
questions/b5adf4b9-40cc-456d-941b-7d3a45452858.json,b5adf4b9-40cc-456d-941b-7d3a45452858,published,false,true,1,Answerable (exactly one correct option),Community-based Paediatrics
questions/b5e2eaf5-6fb7-4034-b8fb-08e23ae4330c.json,b5e2eaf5-6fb7-4034-b8fb-08e23ae4330c,published,true,true,1,Answerable (exactly one correct option),Paediatric Sub-specialties
questions/b5e34f60-0d51-4a97-b310-3a99a43c3d36.json,b5e34f60-0d51-4a97-b310-3a99a43c3d36,published,true,true,1,Answerable (exactly one correct option),Paediatric Surgery
questions/b5ed3d80-793b-5b57-a01a-e74dddd29501.json,b5ed3d80-793b-5b57-a01a-e74dddd29501,published,false,true,1,Answerable (exactly one correct option),Paediatric Surgery
questions/b6438621-bc08-4612-ba33-dfbe887244a8.json,b6438621-bc08-4612-ba33-dfbe887244a8,published,true,true,1,Answerable (exactly one correct option),Community-based Paediatrics
questions/b64d01e7-bdd2-49d0-8c92-a1c0d4571481.json,b64d01e7-bdd2-49d0-8c92-a1c0d4571481,published,false,true,1,Answerable (exactly one correct option),Unclassified
questions/b65fdf6c-6086-4517-b5b6-d58750bc3e96.json,b65fdf6c-6086-4517-b5b6-d58750bc3e96,published,true,true,1,Answerable (exactly one correct option),Paediatric Surgery
questions/b66689a5-a417-43be-ad7e-9a9a38e47bea.json,b66689a5-a417-43be-ad7e-9a9a38e47bea,published,false,true,1,Answerable (exactly one correct option),Paediatric Sub-specialties
questions/b6698b95-40f3-4036-9554-7ab64a455812.json,b6698b95-40f3-4036-9554-7ab64a455812,published,true,true,1,Answerable (exactly one correct option),Paediatric Sub-specialties
questions/b68ffbbf-afea-5f2c-93f6-8da97d794d1f.json,b68ffbbf-afea-5f2c-93f6-8da97d794d1f,published,false,true,1,Answerable (exactly one correct option),General Paediatrics
questions/b6b02ec5-f551-554f-9039-5c8fae136cd6.json,b6b02ec5-f551-554f-9039-5c8fae136cd6,published,false,true,1,Answerable (exactly one correct option),General Paediatrics
questions/b6b033c3-08dd-413d-b9af-d6670c7caadf.json,b6b033c3-08dd-413d-b9af-d6670c7caadf,published,true,true,1,Answerable (exactly one correct option),Community-based Paediatrics
questions/b6b7e3eb-3f5d-4e67-af23-06dfdf47f838.json,b6b7e3eb-3f5d-4e67-af23-06dfdf47f838,published,true,true,1,Answerable (exactly one correct option),Paediatric Sub-specialties
questions/b6cc0e46-3c88-41c3-8e63-9bff3db0645d.json,b6cc0e46-3c88-41c3-8e63-9bff3db0645d,published,true,true,1,Answerable (exactly one correct option),Paediatric Surgery
questions/b6db069d-c397-4ecb-916c-3e96c9adabbd.json,b6db069d-c397-4ecb-916c-3e96c9adabbd,published,true,true,1,Answerable (exactly one correct option),Paediatric Sub-specialties
questions/b6e39a89-e8a2-428b-a7aa-3b5f8940b06a.json,b6e39a89-e8a2-428b-a7aa-3b5f8940b06a,published,false,true,1,Answerable (exactly one correct option),Paediatric Surgery
questions/b70dbc4f-6af7-5272-832e-6fd71df0f568.json,b70dbc4f-6af7-5272-832e-6fd71df0f568,published,false,true,1,Answerable (exactly one correct option),Paediatric Surgery
questions/b724f8ae-c9e7-472f-b374-fa894b55a7ec.json,b724f8ae-c9e7-472f-b374-fa894b55a7ec,published,true,true,1,Answerable (exactly one correct option),Emergency Paediatrics
questions/b748ce10-e32e-4632-a562-7c0536f79961.json,b748ce10-e32e-4632-a562-7c0536f79961,published,true,true,1,Answerable (exactly one correct option),Paediatric Surgery
questions/b7598a74-319d-4d5f-aaba-63853439e70d.json,b7598a74-319d-4d5f-aaba-63853439e70d,published,false,true,1,Answerable (exactly one correct option),Paediatric Sub-specialties
questions/b75a30c9-dbd1-4473-a6b4-df186c6b5cd6.json,b75a30c9-dbd1-4473-a6b4-df186c6b5cd6,published,false,true,1,Answerable (exactly one correct option),Paediatric Surgery
questions/b814bbab-0e55-4cae-b392-7a7fcb140601.json,b814bbab-0e55-4cae-b392-7a7fcb140601,published,true,true,1,Answerable (exactly one correct option),General Paediatrics
questions/b822ad53-fe23-4b41-aaf9-51ec6b4c1398.json,b822ad53-fe23-4b41-aaf9-51ec6b4c1398,published,true,true,1,Answerable (exactly one correct option),Paediatric Sub-specialties
questions/b83cf146-5fff-45a3-82a7-4868b19f2c93.json,b83cf146-5fff-45a3-82a7-4868b19f2c93,published,false,true,1,Answerable (exactly one correct option),Unclassified
questions/b84d78e4-f79f-50f1-9882-a8060ddf59ea.json,b84d78e4-f79f-50f1-9882-a8060ddf59ea,published,false,true,1,Answerable (exactly one correct option),General Paediatrics
questions/b85faa52-dd68-4a57-aaad-e8a49589f3ac.json,b85faa52-dd68-4a57-aaad-e8a49589f3ac,published,false,true,1,Answerable (exactly one correct option),Adolescent Medicine
questions/b8648ed2-7b47-591b-96c9-da090847ad57.json,b8648ed2-7b47-591b-96c9-da090847ad57,published,false,true,1,Answerable (exactly one correct option),Paediatric Sub-specialties
questions/b8702738-0716-55ee-8951-15af78c1cce2.json,b8702738-0716-55ee-8951-15af78c1cce2,published,false,true,1,Answerable (exactly one correct option),Community-based Paediatrics
questions/b8936e5b-fb55-514c-b273-8348ab7acea4.json,b8936e5b-fb55-514c-b273-8348ab7acea4,published,false,true,1,Answerable (exactly one correct option),General Paediatrics
questions/b899d140-c2ca-46d4-aca3-8c539a0a6085.json,b899d140-c2ca-46d4-aca3-8c539a0a6085,published,false,true,1,Answerable (exactly one correct option),Paediatric Sub-specialties
questions/b8ec27ca-5a79-4b44-b19a-2af05bf77a5e.json,b8ec27ca-5a79-4b44-b19a-2af05bf77a5e,published,true,true,1,Answerable (exactly one correct option),Adolescent Medicine
questions/b8ecffc7-16b6-481d-9005-ddf82c513b19.json,b8ecffc7-16b6-481d-9005-ddf82c513b19,published,false,true,1,Answerable (exactly one correct option),Paediatric Surgery
questions/b8f48f1f-ec06-4ee9-8236-2cfc98a8852b.json,b8f48f1f-ec06-4ee9-8236-2cfc98a8852b,published,false,true,1,Answerable (exactly one correct option),Emergency Paediatrics
questions/b9045cd8-f6e7-57ff-b517-3943ccc9ab27.json,b9045cd8-f6e7-57ff-b517-3943ccc9ab27,published,false,true,1,Answerable (exactly one correct option),Emergency Paediatrics
questions/b925b3d3-6628-56aa-9a29-462abf3d4163.json,b925b3d3-6628-56aa-9a29-462abf3d4163,published,false,true,1,Answerable (exactly one correct option),Paediatric Sub-specialties
questions/b94622d4-7710-46fc-8de9-9f04f546b8f1.json,b94622d4-7710-46fc-8de9-9f04f546b8f1,published,true,true,1,Answerable (exactly one correct option),Paediatric Sub-specialties
questions/b948814b-f1c4-475f-8ba3-aa6ac4a350a0.json,b948814b-f1c4-475f-8ba3-aa6ac4a350a0,published,false,true,1,Answerable (exactly one correct option),Paediatric Sub-specialties
questions/b98697e0-f174-499a-b646-e5f193b6e8ce.json,b98697e0-f174-499a-b646-e5f193b6e8ce,published,true,true,1,Answerable (exactly one correct option),Paediatric Sub-specialties
questions/b98719ea-a0ac-58e5-a3ab-03f0319f64ba.json,b98719ea-a0ac-58e5-a3ab-03f0319f64ba,published,false,true,1,Answerable (exactly one correct option),Paediatric Sub-specialties
questions/b9884387-9d57-5bea-adb5-ceb3b7e88713.json,b9884387-9d57-5bea-adb5-ceb3b7e88713,published,false,true,1,Answerable (exactly one correct option),Paediatric Sub-specialties
questions/b9ae4b35-8a3e-423e-ae0f-20b0c8b1aaae.json,b9ae4b35-8a3e-423e-ae0f-20b0c8b1aaae,published,true,true,1,Answerable (exactly one correct option),Paediatric Sub-specialties
questions/b9f25446-ebaa-5558-ab7e-7a225e3a0da7.json,b9f25446-ebaa-5558-ab7e-7a225e3a0da7,published,false,true,1,Answerable (exactly one correct option),Paediatric Sub-specialties
questions/b9faf609-d3f3-4542-91c4-29d54068badb.json,b9faf609-d3f3-4542-91c4-29d54068badb,published,false,true,1,Answerable (exactly one correct option),Paediatric Sub-specialties
questions/ba13f40d-b437-47ac-a652-50fa588eff79.json,ba13f40d-b437-47ac-a652-50fa588eff79,published,true,true,1,Answerable (exactly one correct option),Paediatric Sub-specialties
questions/ba1fd0dd-4cfa-4586-be9e-b309e3610d36.json,ba1fd0dd-4cfa-4586-be9e-b309e3610d36,published,true,true,1,Answerable (exactly one correct option),Paediatric Sub-specialties
questions/ba313638-83e8-4eb2-8d6a-34b8876840d1.json,ba313638-83e8-4eb2-8d6a-34b8876840d1,published,false,true,1,Answerable (exactly one correct option),Paediatric Sub-specialties
questions/ba4c1aaf-dc2b-4db7-b451-5e8ebaa4b68e.json,ba4c1aaf-dc2b-4db7-b451-5e8ebaa4b68e,published,true,true,1,Answerable (exactly one correct option),General Paediatrics
questions/ba5657cd-ffe6-54e7-aab8-d68b50bd105f.json,ba5657cd-ffe6-54e7-aab8-d68b50bd105f,published,false,true,1,Answerable (exactly one correct option),Adolescent Medicine
questions/ba61437e-0a53-4126-be17-c275fd2ef371.json,ba61437e-0a53-4126-be17-c275fd2ef371,published,true,true,1,Answerable (exactly one correct option),Emergency Paediatrics
questions/ba6c9392-7966-49a8-925b-79c50f0fcebd.json,ba6c9392-7966-49a8-925b-79c50f0fcebd,published,false,true,1,Answerable (exactly one correct option),Paediatric Sub-specialties
questions/ba839103-2050-5c2a-b289-1a289c439e70.json,ba839103-2050-5c2a-b289-1a289c439e70,published,false,true,1,Answerable (exactly one correct option),Paediatric Surgery
questions/ba8e77cf-c540-48af-89c2-4b7eac281b4c.json,ba8e77cf-c540-48af-89c2-4b7eac281b4c,published,true,true,1,Answerable (exactly one correct option),General Paediatrics
questions/ba914e59-a3a1-4d26-b997-3f2dc1484760.json,ba914e59-a3a1-4d26-b997-3f2dc1484760,published,false,true,1,Answerable (exactly one correct option),General Paediatrics
questions/ba97cdb2-984e-4a60-be3d-7f4e47a721c1.json,ba97cdb2-984e-4a60-be3d-7f4e47a721c1,published,false,true,1,Answerable (exactly one correct option),Paediatric Sub-specialties
questions/baa0922f-b861-4b4d-8479-7c1217f32822.json,baa0922f-b861-4b4d-8479-7c1217f32822,published,true,true,1,Answerable (exactly one correct option),Paediatric Sub-specialties
questions/baab27e9-e08e-4e8e-922c-5547eb78128b.json,baab27e9-e08e-4e8e-922c-5547eb78128b,published,false,true,1,Answerable (exactly one correct option),Paediatric Sub-specialties
questions/bab13b43-7a70-4aab-848d-92d1219b11e9.json,bab13b43-7a70-4aab-848d-92d1219b11e9,published,false,true,1,Answerable (exactly one correct option),Paediatric Sub-specialties
questions/bacf0fe6-8acc-456a-9c8d-53638ea4566b.json,bacf0fe6-8acc-456a-9c8d-53638ea4566b,published,true,true,1,Answerable (exactly one correct option),Paediatric Sub-specialties
questions/bad1168c-a6da-4414-938e-f969bf777265.json,bad1168c-a6da-4414-938e-f969bf777265,published,true,true,1,Answerable (exactly one correct option),Emergency Paediatrics
questions/bae9c505-5b6d-48aa-9f34-fcf19d49bf14.json,bae9c505-5b6d-48aa-9f34-fcf19d49bf14,published,true,true,1,Answerable (exactly one correct option),Emergency Paediatrics
questions/bb1072ba-c9f1-43e5-b11c-7e09928c4c5c.json,bb1072ba-c9f1-43e5-b11c-7e09928c4c5c,published,true,true,1,Answerable (exactly one correct option),Paediatric Sub-specialties
questions/bb35e73e-0a1a-5abc-aa95-1648e3020b5a.json,bb35e73e-0a1a-5abc-aa95-1648e3020b5a,published,false,true,1,Answerable (exactly one correct option),General Paediatrics
questions/bb444733-6860-5262-8596-6c999b9c3e88.json,bb444733-6860-5262-8596-6c999b9c3e88,published,false,true,1,Answerable (exactly one correct option),Paediatric Surgery
questions/bb5276a3-d9d4-5f33-82d7-008de15bb6de.json,bb5276a3-d9d4-5f33-82d7-008de15bb6de,published,false,true,1,Answerable (exactly one correct option),Emergency Paediatrics
questions/bb6775e5-ecd3-46d0-beeb-84ff2ea3e7e6.json,bb6775e5-ecd3-46d0-beeb-84ff2ea3e7e6,published,true,true,1,Answerable (exactly one correct option),Paediatric Sub-specialties
questions/bb76a282-09a6-5b72-9f6a-0fe0c2ab42d9.json,bb76a282-09a6-5b72-9f6a-0fe0c2ab42d9,published,false,true,1,Answerable (exactly one correct option),Paediatric Surgery
questions/bb95fc28-2e4d-4712-8e62-1d6b93c3dc53.json,bb95fc28-2e4d-4712-8e62-1d6b93c3dc53,published,false,true,1,Answerable (exactly one correct option),Adolescent Medicine
questions/bb9685bc-b762-4567-b484-e711ca686abe.json,bb9685bc-b762-4567-b484-e711ca686abe,published,true,true,1,Answerable (exactly one correct option),Community-based Paediatrics
questions/bb96b280-3a6e-4cf4-b137-7599f51fa54c.json,bb96b280-3a6e-4cf4-b137-7599f51fa54c,published,true,true,1,Answerable (exactly one correct option),Paediatric Sub-specialties
questions/bba9002d-e674-5734-bcd1-41957d109537.json,bba9002d-e674-5734-bcd1-41957d109537,published,false,true,1,Answerable (exactly one correct option),Paediatric Surgery
questions/bbb743ac-96f1-49c3-8628-201351e1168d.json,bbb743ac-96f1-49c3-8628-201351e1168d,published,true,true,1,Answerable (exactly one correct option),Adolescent Medicine
questions/bbb873d9-00ed-46ae-b2f6-0310dcd21937.json,bbb873d9-00ed-46ae-b2f6-0310dcd21937,published,false,true,1,Answerable (exactly one correct option),Adolescent Medicine
questions/bbbd8bb0-56bc-404e-9e4c-8278dfa965fa.json,bbbd8bb0-56bc-404e-9e4c-8278dfa965fa,published,true,true,1,Answerable (exactly one correct option),Emergency Paediatrics
questions/bbe03e4a-513b-4f6d-9543-c3ac40324a4d.json,bbe03e4a-513b-4f6d-9543-c3ac40324a4d,published,false,true,1,Answerable (exactly one correct option),Emergency Paediatrics
questions/bbfd4770-9261-466a-91a8-c0664c13aa0c.json,bbfd4770-9261-466a-91a8-c0664c13aa0c,published,true,true,1,Answerable (exactly one correct option),General Paediatrics
questions/bc05294b-d9c7-4f4a-b071-743dd174ab92.json,bc05294b-d9c7-4f4a-b071-743dd174ab92,published,true,true,1,Answerable (exactly one correct option),Paediatric Sub-specialties
questions/bc3b8726-ee8c-5481-9ea1-5cd6a3f730e7.json,bc3b8726-ee8c-5481-9ea1-5cd6a3f730e7,published,false,true,1,Answerable (exactly one correct option),Adolescent Medicine
questions/bc5fcec6-cbbb-4bbf-a4d8-f94746659025.json,bc5fcec6-cbbb-4bbf-a4d8-f94746659025,published,true,true,1,Answerable (exactly one correct option),Community-based Paediatrics
questions/bc7157a8-5254-4688-8c12-35e6f395adb8.json,bc7157a8-5254-4688-8c12-35e6f395adb8,published,true,true,1,Answerable (exactly one correct option),Paediatric Sub-specialties
questions/bc74da53-84da-5d58-8140-3a92089a598a.json,bc74da53-84da-5d58-8140-3a92089a598a,published,false,true,1,Answerable (exactly one correct option),Paediatric Sub-specialties
questions/bc9bf98e-0357-474e-a344-d13396f63d4f.json,bc9bf98e-0357-474e-a344-d13396f63d4f,published,true,true,1,Answerable (exactly one correct option),General Paediatrics
questions/bcb7ebbf-69f1-48ca-97f6-80ca91a09bd0.json,bcb7ebbf-69f1-48ca-97f6-80ca91a09bd0,published,false,true,1,Answerable (exactly one correct option),Paediatric Sub-specialties
questions/bcb9591e-101d-5760-ab18-93b60139c9b6.json,bcb9591e-101d-5760-ab18-93b60139c9b6,published,false,true,1,Answerable (exactly one correct option),Paediatric Surgery
questions/bcd330e6-541c-470a-b690-2a63687fd149.json,bcd330e6-541c-470a-b690-2a63687fd149,published,true,true,1,Answerable (exactly one correct option),Emergency Paediatrics
questions/bcd39dc2-000a-5134-b936-9938f4d188df.json,bcd39dc2-000a-5134-b936-9938f4d188df,published,false,true,1,Answerable (exactly one correct option),Paediatric Surgery
questions/bcf034b9-18f1-4625-bec9-5fe13c07853e.json,bcf034b9-18f1-4625-bec9-5fe13c07853e,published,true,true,1,Answerable (exactly one correct option),Paediatric Surgery
questions/bd2d632a-8441-4ae4-b673-807e8676655b.json,bd2d632a-8441-4ae4-b673-807e8676655b,published,true,true,1,Answerable (exactly one correct option),Paediatric Sub-specialties
questions/bd3698cb-32cc-4450-a08b-87e131382c93.json,bd3698cb-32cc-4450-a08b-87e131382c93,published,false,true,1,Answerable (exactly one correct option),Paediatric Surgery
questions/bd40bd94-8c91-463e-8bc5-17f714bac1e5.json,bd40bd94-8c91-463e-8bc5-17f714bac1e5,published,false,true,1,Answerable (exactly one correct option),Adolescent Medicine
questions/bd48aac2-bbf4-40d7-9054-8983977fd0fd.json,bd48aac2-bbf4-40d7-9054-8983977fd0fd,published,false,true,1,Answerable (exactly one correct option),Paediatric Sub-specialties
questions/bdd28bd4-907d-4df6-b011-c1198eb069f3.json,bdd28bd4-907d-4df6-b011-c1198eb069f3,published,true,true,1,Answerable (exactly one correct option),General Paediatrics
questions/bdd426b5-230e-4b2a-b2fe-c069315895c5.json,bdd426b5-230e-4b2a-b2fe-c069315895c5,published,true,true,1,Answerable (exactly one correct option),Paediatric Surgery
questions/bddb5678-047c-4e49-8040-e543017190a1.json,bddb5678-047c-4e49-8040-e543017190a1,published,false,true,1,Answerable (exactly one correct option),Community-based Paediatrics
questions/be28f8ec-8be7-55da-8067-8024d5489578.json,be28f8ec-8be7-55da-8067-8024d5489578,published,false,true,1,Answerable (exactly one correct option),Community-based Paediatrics
questions/be31ad8f-72f6-444b-ba15-55d701a04d06.json,be31ad8f-72f6-444b-ba15-55d701a04d06,published,false,true,1,Answerable (exactly one correct option),Emergency Paediatrics
questions/be3b134f-e0c9-43d2-9564-4fc04f568311.json,be3b134f-e0c9-43d2-9564-4fc04f568311,published,false,true,1,Answerable (exactly one correct option),Paediatric Sub-specialties
questions/be41890c-1d43-45c9-936b-d53c6200510e.json,be41890c-1d43-45c9-936b-d53c6200510e,published,true,true,1,Answerable (exactly one correct option),Paediatric Sub-specialties
questions/be843cc5-8673-43a4-b126-56179eece8bd.json,be843cc5-8673-43a4-b126-56179eece8bd,published,true,true,1,Answerable (exactly one correct option),Paediatric Sub-specialties
questions/be879133-8e61-502a-8f79-70de93b05432.json,be879133-8e61-502a-8f79-70de93b05432,published,false,true,1,Answerable (exactly one correct option),General Paediatrics
questions/beb90173-37fe-4cc1-b9d5-64ff1e6300e4.json,beb90173-37fe-4cc1-b9d5-64ff1e6300e4,published,true,true,1,Answerable (exactly one correct option),General Paediatrics
questions/bec2204d-ef51-46f4-80f7-c2467fa7a7f5.json,bec2204d-ef51-46f4-80f7-c2467fa7a7f5,published,false,true,1,Answerable (exactly one correct option),Adolescent Medicine
questions/bee6c6e3-04d4-472a-9ffc-be21d7ff4701.json,bee6c6e3-04d4-472a-9ffc-be21d7ff4701,published,true,true,1,Answerable (exactly one correct option),General Paediatrics
questions/bef04ad8-fa81-4c1c-acf8-964a447d2e3e.json,bef04ad8-fa81-4c1c-acf8-964a447d2e3e,published,false,true,1,Answerable (exactly one correct option),Unclassified
questions/bf1fc310-d446-5151-a14b-66df5084acd6.json,bf1fc310-d446-5151-a14b-66df5084acd6,published,false,true,1,Answerable (exactly one correct option),Paediatric Sub-specialties
questions/bf2d64ea-70cf-5bb6-9667-f3432654eea3.json,bf2d64ea-70cf-5bb6-9667-f3432654eea3,published,false,true,1,Answerable (exactly one correct option),Paediatric Sub-specialties
questions/bf341250-b6d2-4adc-a0e5-b84f469a4297.json,bf341250-b6d2-4adc-a0e5-b84f469a4297,published,true,true,1,Answerable (exactly one correct option),Paediatric Sub-specialties
questions/bf4703d3-cc5d-5d04-9581-121026df8b40.json,bf4703d3-cc5d-5d04-9581-121026df8b40,published,false,true,1,Answerable (exactly one correct option),General Paediatrics
questions/bf4edb92-ad11-4492-9c1b-8246db8a4735.json,bf4edb92-ad11-4492-9c1b-8246db8a4735,published,true,true,1,Answerable (exactly one correct option),Paediatric Sub-specialties
questions/bf58a55b-95f8-458f-97c3-342058b5606c.json,bf58a55b-95f8-458f-97c3-342058b5606c,published,true,true,1,Answerable (exactly one correct option),Paediatric Sub-specialties
questions/bf63c696-66cb-4971-9fbe-b65b6667c8e9.json,bf63c696-66cb-4971-9fbe-b65b6667c8e9,published,true,true,1,Answerable (exactly one correct option),Paediatric Sub-specialties
questions/bf9a2635-b6bd-47fa-8cc4-5458caaa0923.json,bf9a2635-b6bd-47fa-8cc4-5458caaa0923,published,true,true,1,Answerable (exactly one correct option),Paediatric Sub-specialties
questions/bfa0651b-cdbd-4777-9ef3-7d76daa7152a.json,bfa0651b-cdbd-4777-9ef3-7d76daa7152a,published,true,true,1,Answerable (exactly one correct option),Paediatric Sub-specialties
questions/bfa24c90-99cf-5b67-83b3-b7612bd0e4cc.json,bfa24c90-99cf-5b67-83b3-b7612bd0e4cc,published,false,true,1,Answerable (exactly one correct option),Emergency Paediatrics
questions/bfa7d1c5-ba92-4e69-8d45-85eebd3b58a8.json,bfa7d1c5-ba92-4e69-8d45-85eebd3b58a8,published,true,true,1,Answerable (exactly one correct option),Community-based Paediatrics
questions/bfb4879e-41b6-55a0-bdd6-fd74a5f241bf.json,bfb4879e-41b6-55a0-bdd6-fd74a5f241bf,published,false,true,1,Answerable (exactly one correct option),Paediatric Surgery
questions/bfda3960-b598-418b-8898-fc5bbe78ff27.json,bfda3960-b598-418b-8898-fc5bbe78ff27,published,true,true,1,Answerable (exactly one correct option),Paediatric Sub-specialties
questions/bfec42ac-76a3-5a10-8819-ae622b6eef1c.json,bfec42ac-76a3-5a10-8819-ae622b6eef1c,published,false,true,1,Answerable (exactly one correct option),Paediatric Sub-specialties
questions/c00d8f24-5005-43c2-988a-11b4c6b7a69d.json,c00d8f24-5005-43c2-988a-11b4c6b7a69d,published,false,true,1,Answerable (exactly one correct option),Community-based Paediatrics
questions/c03637be-8bc1-522f-b514-a268985b99e2.json,c03637be-8bc1-522f-b514-a268985b99e2,published,false,true,1,Answerable (exactly one correct option),Paediatric Sub-specialties
questions/c0393273-a060-4e6e-8d2e-65206209153f.json,c0393273-a060-4e6e-8d2e-65206209153f,published,false,true,1,Answerable (exactly one correct option),Paediatric Sub-specialties
questions/c04cce60-b0de-51f6-a641-7ff7ee488480.json,c04cce60-b0de-51f6-a641-7ff7ee488480,published,false,true,1,Answerable (exactly one correct option),Paediatric Surgery
questions/c058cd33-1733-4d2b-8526-94dfdb3c3f4a.json,c058cd33-1733-4d2b-8526-94dfdb3c3f4a,published,true,true,1,Answerable (exactly one correct option),Paediatric Sub-specialties
questions/c05dee08-a5d0-4c35-8bce-f0354d62985e.json,c05dee08-a5d0-4c35-8bce-f0354d62985e,published,true,true,1,Answerable (exactly one correct option),Paediatric Sub-specialties
questions/c06896e9-06b8-46e8-a5bf-b4ca7cb8f716.json,c06896e9-06b8-46e8-a5bf-b4ca7cb8f716,published,false,true,1,Answerable (exactly one correct option),Paediatric Sub-specialties
questions/c078f2c9-8336-4719-91a2-ddd1a7908aab.json,c078f2c9-8336-4719-91a2-ddd1a7908aab,published,true,true,1,Answerable (exactly one correct option),Community-based Paediatrics
questions/c07f33ad-74e4-42b3-93f7-afcd550b8d83.json,c07f33ad-74e4-42b3-93f7-afcd550b8d83,published,false,true,1,Answerable (exactly one correct option),Paediatric Sub-specialties
questions/c085af50-479d-4e97-a0ad-42434dd5cd10.json,c085af50-479d-4e97-a0ad-42434dd5cd10,published,true,true,1,Answerable (exactly one correct option),General Paediatrics
questions/c0973a58-f120-4c0a-966b-fbd3695610ea.json,c0973a58-f120-4c0a-966b-fbd3695610ea,published,false,true,1,Answerable (exactly one correct option),Unclassified
questions/c09d61e1-622a-4f73-bceb-5e525b3fe442.json,c09d61e1-622a-4f73-bceb-5e525b3fe442,published,true,true,1,Answerable (exactly one correct option),General Paediatrics
questions/c0a1ae56-05d5-540d-96e1-d0352c2614be.json,c0a1ae56-05d5-540d-96e1-d0352c2614be,published,false,true,1,Answerable (exactly one correct option),Paediatric Surgery
questions/c0c3a785-2310-5120-aacc-efb91b631a30.json,c0c3a785-2310-5120-aacc-efb91b631a30,published,false,true,1,Answerable (exactly one correct option),Paediatric Surgery
questions/c0f654aa-1f3c-561b-87c1-8289b4d97acb.json,c0f654aa-1f3c-561b-87c1-8289b4d97acb,published,false,true,1,Answerable (exactly one correct option),General Paediatrics
questions/c0fcfe97-db15-4e47-9e9f-2a1fba2e78e4.json,c0fcfe97-db15-4e47-9e9f-2a1fba2e78e4,published,true,true,1,Answerable (exactly one correct option),Adolescent Medicine
questions/c114c98e-8f26-4a55-832e-a6c2dd069d94.json,c114c98e-8f26-4a55-832e-a6c2dd069d94,published,false,true,1,Answerable (exactly one correct option),Adolescent Medicine
questions/c117ef4a-3edd-4498-b00a-5935813e2343.json,c117ef4a-3edd-4498-b00a-5935813e2343,published,false,true,1,Answerable (exactly one correct option),General Paediatrics
questions/c11e8398-49b8-5236-89e8-aaf2a1981571.json,c11e8398-49b8-5236-89e8-aaf2a1981571,published,false,true,1,Answerable (exactly one correct option),Paediatric Surgery
questions/c1238c59-db7f-5c1a-a556-dee1a9457912.json,c1238c59-db7f-5c1a-a556-dee1a9457912,published,false,true,1,Answerable (exactly one correct option),General Paediatrics
questions/c14f69e4-69fd-4f66-9afc-5ac6a809bd66.json,c14f69e4-69fd-4f66-9afc-5ac6a809bd66,published,true,true,1,Answerable (exactly one correct option),Paediatric Sub-specialties
questions/c15f2aa7-ca38-4dc8-bb54-425ce8083acd.json,c15f2aa7-ca38-4dc8-bb54-425ce8083acd,published,true,true,1,Answerable (exactly one correct option),Paediatric Surgery
questions/c15f85a4-7d93-5ecd-8d03-9e902b0d578a.json,c15f85a4-7d93-5ecd-8d03-9e902b0d578a,published,false,true,1,Answerable (exactly one correct option),Paediatric Surgery
questions/c16aacbf-a6f9-5cef-a3ea-c9a374b16aa1.json,c16aacbf-a6f9-5cef-a3ea-c9a374b16aa1,published,false,true,1,Answerable (exactly one correct option),Paediatric Sub-specialties
questions/c184a64e-b465-46a8-ae79-51f0c8bf34dc.json,c184a64e-b465-46a8-ae79-51f0c8bf34dc,published,false,true,1,Answerable (exactly one correct option),Unclassified
questions/c1a86a75-2301-42cf-99c2-ae16844842fc.json,c1a86a75-2301-42cf-99c2-ae16844842fc,published,true,true,1,Answerable (exactly one correct option),Paediatric Surgery
questions/c1b194ba-e6cd-510e-ac5d-832f1f5156bc.json,c1b194ba-e6cd-510e-ac5d-832f1f5156bc,published,false,true,1,Answerable (exactly one correct option),General Paediatrics
questions/c1b24cac-eaff-432b-9faf-a28c8897c2a5.json,c1b24cac-eaff-432b-9faf-a28c8897c2a5,published,false,true,1,Answerable (exactly one correct option),Community-based Paediatrics
questions/c1b3cee0-5f27-40e1-8cc0-442115ae216c.json,c1b3cee0-5f27-40e1-8cc0-442115ae216c,published,true,true,1,Answerable (exactly one correct option),Paediatric Sub-specialties
questions/c1ddd177-3937-4a95-801a-baf7f17abf5f.json,c1ddd177-3937-4a95-801a-baf7f17abf5f,published,true,true,1,Answerable (exactly one correct option),Adolescent Medicine
questions/c1e6a845-83a1-5adf-9568-f4b8eed3dbb2.json,c1e6a845-83a1-5adf-9568-f4b8eed3dbb2,published,false,true,1,Answerable (exactly one correct option),Paediatric Sub-specialties
questions/c1f4bfe7-25e0-53ec-9c7a-69c27b77f729.json,c1f4bfe7-25e0-53ec-9c7a-69c27b77f729,published,false,true,1,Answerable (exactly one correct option),Paediatric Sub-specialties
questions/c1fa16af-9dce-5fb6-a59e-bac3b9887e8f.json,c1fa16af-9dce-5fb6-a59e-bac3b9887e8f,published,false,true,1,Answerable (exactly one correct option),Paediatric Surgery
questions/c2124339-7ede-537b-9cf4-dd6e3ab67f7b.json,c2124339-7ede-537b-9cf4-dd6e3ab67f7b,published,false,true,1,Answerable (exactly one correct option),Adolescent Medicine
questions/c214cc51-0343-4296-8010-eeb4da5a4a2e.json,c214cc51-0343-4296-8010-eeb4da5a4a2e,published,false,true,1,Answerable (exactly one correct option),Paediatric Surgery
questions/c21fa5ac-f537-49c1-973e-39654ba8b57a.json,c21fa5ac-f537-49c1-973e-39654ba8b57a,published,true,true,1,Answerable (exactly one correct option),Paediatric Sub-specialties
questions/c22b22c8-ced0-4106-8cf6-93d7dc6172b4.json,c22b22c8-ced0-4106-8cf6-93d7dc6172b4,published,true,true,1,Answerable (exactly one correct option),Paediatric Sub-specialties
questions/c23f1019-5a40-592e-9e7e-f7881258a2f1.json,c23f1019-5a40-592e-9e7e-f7881258a2f1,published,false,true,1,Answerable (exactly one correct option),Paediatric Surgery
questions/c26a3ad2-c3e6-415a-a329-bf4439caa458.json,c26a3ad2-c3e6-415a-a329-bf4439caa458,published,true,true,1,Answerable (exactly one correct option),Paediatric Sub-specialties
questions/c28c6cfc-55d1-422a-902e-6fd01b9cc099.json,c28c6cfc-55d1-422a-902e-6fd01b9cc099,published,false,true,1,Answerable (exactly one correct option),Paediatric Surgery
questions/c2a37261-78fb-4dc8-a770-7f103a6078bf.json,c2a37261-78fb-4dc8-a770-7f103a6078bf,published,true,true,1,Answerable (exactly one correct option),Paediatric Sub-specialties
questions/c2a658fb-aa51-4ce3-827c-eb20cabc9390.json,c2a658fb-aa51-4ce3-827c-eb20cabc9390,published,true,true,1,Answerable (exactly one correct option),Adolescent Medicine
questions/c2b14e88-065a-431e-913d-2b0f3bbbd31b.json,c2b14e88-065a-431e-913d-2b0f3bbbd31b,published,false,true,1,Answerable (exactly one correct option),Paediatric Sub-specialties
questions/c2bc5a7e-42db-4700-ac9c-16687521c77b.json,c2bc5a7e-42db-4700-ac9c-16687521c77b,published,false,true,1,Answerable (exactly one correct option),General Paediatrics
questions/c2c9db2a-3b17-4342-a219-a060ec521111.json,c2c9db2a-3b17-4342-a219-a060ec521111,published,true,true,1,Answerable (exactly one correct option),Adolescent Medicine
questions/c2e72526-3a9e-42c3-b02c-c2ebfcf37798.json,c2e72526-3a9e-42c3-b02c-c2ebfcf37798,published,true,true,1,Answerable (exactly one correct option),Paediatric Surgery
questions/c2f6d203-d4d8-512c-9ac4-bca183cc8ec3.json,c2f6d203-d4d8-512c-9ac4-bca183cc8ec3,published,false,true,1,Answerable (exactly one correct option),Emergency Paediatrics
questions/c3020ab0-d84f-4b5c-9aa4-b43e4c57dd3d.json,c3020ab0-d84f-4b5c-9aa4-b43e4c57dd3d,published,false,true,1,Answerable (exactly one correct option),Community-based Paediatrics
questions/c34402a5-c75c-42ee-833c-ddca9b95f2a1.json,c34402a5-c75c-42ee-833c-ddca9b95f2a1,published,false,true,1,Answerable (exactly one correct option),General Paediatrics
questions/c3630b73-aca3-48cc-9dda-302792b81142.json,c3630b73-aca3-48cc-9dda-302792b81142,published,false,true,1,Answerable (exactly one correct option),Paediatric Sub-specialties
questions/c36c0c0a-1b4c-5c91-bba4-87cc8ef372e2.json,c36c0c0a-1b4c-5c91-bba4-87cc8ef372e2,published,false,true,1,Answerable (exactly one correct option),Paediatric Sub-specialties
questions/c374aa6e-4d5c-43c7-abf5-7b3b03091f5b.json,c374aa6e-4d5c-43c7-abf5-7b3b03091f5b,published,true,true,1,Answerable (exactly one correct option),Community-based Paediatrics
questions/c37e7b40-6f71-5168-bb49-e15157a088aa.json,c37e7b40-6f71-5168-bb49-e15157a088aa,published,false,true,1,Answerable (exactly one correct option),Paediatric Sub-specialties
questions/c3965fdb-a8e0-53a4-8865-41f8aaaf7774.json,c3965fdb-a8e0-53a4-8865-41f8aaaf7774,published,false,true,1,Answerable (exactly one correct option),Paediatric Sub-specialties
questions/c398adf5-f7e4-47ca-9904-1875c705d9c8.json,c398adf5-f7e4-47ca-9904-1875c705d9c8,published,true,true,1,Answerable (exactly one correct option),Paediatric Sub-specialties
questions/c3b78ef0-eeff-4594-b5f7-894c1c086049.json,c3b78ef0-eeff-4594-b5f7-894c1c086049,published,false,true,1,Answerable (exactly one correct option),Emergency Paediatrics
questions/c3baf784-6719-528a-a007-b850fd26561b.json,c3baf784-6719-528a-a007-b850fd26561b,published,false,true,1,Answerable (exactly one correct option),Paediatric Sub-specialties
questions/c3bcc40f-ee8d-429d-bcf1-e50833e825fb.json,c3bcc40f-ee8d-429d-bcf1-e50833e825fb,published,false,true,1,Answerable (exactly one correct option),Paediatric Sub-specialties
questions/c3bcdb12-ec54-4d93-87b8-78f27f945bcf.json,c3bcdb12-ec54-4d93-87b8-78f27f945bcf,published,true,true,1,Answerable (exactly one correct option),Emergency Paediatrics
questions/c3c25aa5-58ef-4864-9031-824ff80b8b63.json,c3c25aa5-58ef-4864-9031-824ff80b8b63,published,true,true,1,Answerable (exactly one correct option),Paediatric Sub-specialties
questions/c3d882ab-d8be-41e9-9d00-b39e3279adb4.json,c3d882ab-d8be-41e9-9d00-b39e3279adb4,published,true,true,1,Answerable (exactly one correct option),Adolescent Medicine
questions/c3d8a9ba-d3ae-581c-939d-bf8f73c53eed.json,c3d8a9ba-d3ae-581c-939d-bf8f73c53eed,published,false,true,1,Answerable (exactly one correct option),Emergency Paediatrics
questions/c3e27ab4-ad60-52e8-90da-4f79432216f4.json,c3e27ab4-ad60-52e8-90da-4f79432216f4,published,false,true,1,Answerable (exactly one correct option),Paediatric Sub-specialties
questions/c3e36607-08e3-485c-94e0-776a41fb6666.json,c3e36607-08e3-485c-94e0-776a41fb6666,published,true,true,1,Answerable (exactly one correct option),Emergency Paediatrics
questions/c3f54af1-26c1-4d8b-a147-6054700e3731.json,c3f54af1-26c1-4d8b-a147-6054700e3731,published,false,true,1,Answerable (exactly one correct option),Paediatric Sub-specialties
questions/c40a716f-c2ea-5654-be68-9ba2ec37d222.json,c40a716f-c2ea-5654-be68-9ba2ec37d222,published,false,true,1,Answerable (exactly one correct option),Emergency Paediatrics
questions/c41018d9-079d-50c8-9d28-e033c7066a3b.json,c41018d9-079d-50c8-9d28-e033c7066a3b,published,false,true,1,Answerable (exactly one correct option),Community-based Paediatrics
questions/c41997db-8df9-527a-ae6b-186d349bd1ad.json,c41997db-8df9-527a-ae6b-186d349bd1ad,published,false,true,1,Answerable (exactly one correct option),General Paediatrics
questions/c42dc440-7f2e-4572-ac89-e78dc70a94b7.json,c42dc440-7f2e-4572-ac89-e78dc70a94b7,published,true,true,1,Answerable (exactly one correct option),Paediatric Sub-specialties
questions/c4354093-51df-4910-8d05-24b8249bfe34.json,c4354093-51df-4910-8d05-24b8249bfe34,published,true,true,1,Answerable (exactly one correct option),Paediatric Sub-specialties
questions/c437b492-3977-49da-986d-8f43cb164f2b.json,c437b492-3977-49da-986d-8f43cb164f2b,published,true,true,1,Answerable (exactly one correct option),Paediatric Sub-specialties
questions/c4382355-da03-478e-94bd-110567e15795.json,c4382355-da03-478e-94bd-110567e15795,published,true,true,1,Answerable (exactly one correct option),Paediatric Sub-specialties
questions/c43b9191-a891-5fd0-8313-d4ae9993a9cd.json,c43b9191-a891-5fd0-8313-d4ae9993a9cd,published,false,true,1,Answerable (exactly one correct option),Paediatric Surgery
questions/c44c1f4f-e7d6-59ff-b29c-22b1f8b4f4f1.json,c44c1f4f-e7d6-59ff-b29c-22b1f8b4f4f1,published,false,true,1,Answerable (exactly one correct option),Paediatric Sub-specialties
questions/c45845bd-9923-52bc-8cbc-5db602cee7eb.json,c45845bd-9923-52bc-8cbc-5db602cee7eb,published,false,true,1,Answerable (exactly one correct option),Emergency Paediatrics
questions/c4766111-521b-4ef0-8c0f-0a48cae8b8a4.json,c4766111-521b-4ef0-8c0f-0a48cae8b8a4,published,false,true,1,Answerable (exactly one correct option),Paediatric Surgery
questions/c49d831d-b884-400d-a54c-be8e93e6c0dc.json,c49d831d-b884-400d-a54c-be8e93e6c0dc,published,true,true,1,Answerable (exactly one correct option),Emergency Paediatrics
questions/c4b09bd9-8b75-4e1a-b4c7-c6f41346dd31.json,c4b09bd9-8b75-4e1a-b4c7-c6f41346dd31,published,true,true,1,Answerable (exactly one correct option),Paediatric Surgery
questions/c4b4523b-4592-4a23-a5e6-4cf9c99c4a3c.json,c4b4523b-4592-4a23-a5e6-4cf9c99c4a3c,published,false,true,1,Answerable (exactly one correct option),Adolescent Medicine
questions/c4b8a2e7-8839-4b3b-b1e6-84aa40429360.json,c4b8a2e7-8839-4b3b-b1e6-84aa40429360,published,true,true,1,Answerable (exactly one correct option),Paediatric Surgery
questions/c4bed1cc-4812-4988-adf5-5b18b4b9e18d.json,c4bed1cc-4812-4988-adf5-5b18b4b9e18d,published,true,true,1,Answerable (exactly one correct option),General Paediatrics
questions/c4e802af-f8d8-420a-8581-158b9db485ad.json,c4e802af-f8d8-420a-8581-158b9db485ad,published,true,true,1,Answerable (exactly one correct option),Paediatric Surgery
questions/c5047ca7-ec5d-456f-b938-f0f9097e27c7.json,c5047ca7-ec5d-456f-b938-f0f9097e27c7,published,true,true,1,Answerable (exactly one correct option),Emergency Paediatrics
questions/c505d90e-9ebc-4bf9-b3f2-a7146052c765.json,c505d90e-9ebc-4bf9-b3f2-a7146052c765,published,true,true,1,Answerable (exactly one correct option),Paediatric Surgery
questions/c51aa882-eea3-4fb9-a0cb-70fea5ac00cd.json,c51aa882-eea3-4fb9-a0cb-70fea5ac00cd,published,true,true,1,Answerable (exactly one correct option),Paediatric Sub-specialties
questions/c563cf4d-74da-4e30-b2af-35831d07cf79.json,c563cf4d-74da-4e30-b2af-35831d07cf79,published,false,true,1,Answerable (exactly one correct option),Paediatric Sub-specialties
questions/c56b42ec-1597-43ff-99be-b5fef4c4d4b1.json,c56b42ec-1597-43ff-99be-b5fef4c4d4b1,published,true,true,1,Answerable (exactly one correct option),Paediatric Sub-specialties
questions/c57d220e-2af2-48d8-b2d7-f5ccd4c08d73.json,c57d220e-2af2-48d8-b2d7-f5ccd4c08d73,published,true,true,1,Answerable (exactly one correct option),Paediatric Sub-specialties
questions/c58d7e7a-d9e3-5d82-88c8-17a332675365.json,c58d7e7a-d9e3-5d82-88c8-17a332675365,published,false,true,1,Answerable (exactly one correct option),Paediatric Surgery
questions/c5ca8373-44e5-5c6b-b0c8-d9c848d321a7.json,c5ca8373-44e5-5c6b-b0c8-d9c848d321a7,published,false,true,1,Answerable (exactly one correct option),Paediatric Sub-specialties
questions/c5ceddb7-479d-49d9-85e8-7abc2056d17f.json,c5ceddb7-479d-49d9-85e8-7abc2056d17f,published,false,true,1,Answerable (exactly one correct option),Emergency Paediatrics
questions/c5d972ea-1b82-5048-8aee-e889e07f4a8c.json,c5d972ea-1b82-5048-8aee-e889e07f4a8c,published,false,true,1,Answerable (exactly one correct option),General Paediatrics
questions/c5dc24d3-b17e-43b0-b7ba-b4222b1621e9.json,c5dc24d3-b17e-43b0-b7ba-b4222b1621e9,published,false,true,1,Answerable (exactly one correct option),Community-based Paediatrics
questions/c61728b9-921c-4962-8ead-a60607cab9a4.json,c61728b9-921c-4962-8ead-a60607cab9a4,published,false,true,1,Answerable (exactly one correct option),Unclassified
questions/c621f2f6-ae1c-4d2d-9d6f-1a2d6c29b5ed.json,c621f2f6-ae1c-4d2d-9d6f-1a2d6c29b5ed,published,true,true,1,Answerable (exactly one correct option),Paediatric Sub-specialties
questions/c649b655-f85b-578d-8432-2ba301049819.json,c649b655-f85b-578d-8432-2ba301049819,published,false,true,1,Answerable (exactly one correct option),Emergency Paediatrics
questions/c66dddcf-af5b-4b11-8c69-297bdb704850.json,c66dddcf-af5b-4b11-8c69-297bdb704850,published,false,true,1,Answerable (exactly one correct option),Paediatric Sub-specialties
questions/c6c1b8ff-fee6-470a-9779-5f1a3b7c97b3.json,c6c1b8ff-fee6-470a-9779-5f1a3b7c97b3,published,false,true,1,Answerable (exactly one correct option),Paediatric Sub-specialties
questions/c6dd9f1e-523e-538b-8e9a-b64cc98d9c25.json,c6dd9f1e-523e-538b-8e9a-b64cc98d9c25,published,false,true,1,Answerable (exactly one correct option),Emergency Paediatrics
questions/c6f5a435-32fe-431a-b90c-e6acea355369.json,c6f5a435-32fe-431a-b90c-e6acea355369,published,true,true,1,Answerable (exactly one correct option),General Paediatrics
questions/c703ec5c-c669-4be2-bcbb-eed84043d882.json,c703ec5c-c669-4be2-bcbb-eed84043d882,published,true,true,1,Answerable (exactly one correct option),Paediatric Surgery
questions/c713f627-7459-489d-8a8f-811bfc291ccb.json,c713f627-7459-489d-8a8f-811bfc291ccb,published,true,true,1,Answerable (exactly one correct option),General Paediatrics
questions/c729ce16-2985-4fa1-ba4b-997297fcdef2.json,c729ce16-2985-4fa1-ba4b-997297fcdef2,published,true,true,1,Answerable (exactly one correct option),General Paediatrics
questions/c72e7e96-0f68-540b-a5d3-756fcba95b5b.json,c72e7e96-0f68-540b-a5d3-756fcba95b5b,published,false,true,1,Answerable (exactly one correct option),Paediatric Surgery
questions/c73c86cf-f3ac-4322-a180-69f9d4907217.json,c73c86cf-f3ac-4322-a180-69f9d4907217,published,true,true,1,Answerable (exactly one correct option),Paediatric Sub-specialties
questions/c75a298d-304c-4e7c-a5ce-d4d2e0a372ce.json,c75a298d-304c-4e7c-a5ce-d4d2e0a372ce,published,true,true,1,Answerable (exactly one correct option),Paediatric Sub-specialties
questions/c76a6af5-d795-46ba-88f3-3e704a938d24.json,c76a6af5-d795-46ba-88f3-3e704a938d24,published,true,true,1,Answerable (exactly one correct option),General Paediatrics
questions/c77b0186-1e98-4efb-a747-435b4c5ddea6.json,c77b0186-1e98-4efb-a747-435b4c5ddea6,published,true,true,1,Answerable (exactly one correct option),Paediatric Surgery
questions/c785fd8a-d797-43c1-9490-eec3a39edc74.json,c785fd8a-d797-43c1-9490-eec3a39edc74,published,true,true,1,Answerable (exactly one correct option),General Paediatrics
questions/c7aa1df9-dff8-4cfe-a359-22abbc9a6af5.json,c7aa1df9-dff8-4cfe-a359-22abbc9a6af5,published,true,true,1,Answerable (exactly one correct option),Adolescent Medicine
questions/c7b3ded6-6a6c-52a3-85d7-0844abf98a8f.json,c7b3ded6-6a6c-52a3-85d7-0844abf98a8f,published,false,true,1,Answerable (exactly one correct option),General Paediatrics
questions/c7c16cf9-7306-43d7-8d9d-3c9f527737e9.json,c7c16cf9-7306-43d7-8d9d-3c9f527737e9,published,false,true,1,Answerable (exactly one correct option),Paediatric Sub-specialties
questions/c7fa817a-757b-5e9b-9a07-d3bd4347e680.json,c7fa817a-757b-5e9b-9a07-d3bd4347e680,published,false,true,1,Answerable (exactly one correct option),Emergency Paediatrics
questions/c80896a4-9bc7-43a2-bd2a-b56e790e26c2.json,c80896a4-9bc7-43a2-bd2a-b56e790e26c2,published,false,true,1,Answerable (exactly one correct option),Adolescent Medicine
questions/c835fbbb-745d-4b57-af38-790432cf4009.json,c835fbbb-745d-4b57-af38-790432cf4009,published,false,true,1,Answerable (exactly one correct option),Paediatric Sub-specialties
questions/c84d1380-2d4a-45c7-85f4-cb64e11529e7.json,c84d1380-2d4a-45c7-85f4-cb64e11529e7,published,true,true,1,Answerable (exactly one correct option),Emergency Paediatrics
questions/c879b84e-1183-416b-890e-db483355d40b.json,c879b84e-1183-416b-890e-db483355d40b,published,false,true,1,Answerable (exactly one correct option),Community-based Paediatrics
questions/c87d69cf-5ce0-4ed2-87a7-c7095a5b8ba8.json,c87d69cf-5ce0-4ed2-87a7-c7095a5b8ba8,published,false,true,1,Answerable (exactly one correct option),Paediatric Sub-specialties
questions/c898421c-2e28-4d88-a4e5-0be246ac920a.json,c898421c-2e28-4d88-a4e5-0be246ac920a,published,true,true,1,Answerable (exactly one correct option),Paediatric Sub-specialties
questions/c8bf1f5c-856d-5dc4-982e-c64d8f5965ef.json,c8bf1f5c-856d-5dc4-982e-c64d8f5965ef,published,false,true,1,Answerable (exactly one correct option),Paediatric Sub-specialties
questions/c8c5fd16-8a2b-4c9b-923e-def11f153ab3.json,c8c5fd16-8a2b-4c9b-923e-def11f153ab3,published,false,true,1,Answerable (exactly one correct option),Emergency Paediatrics
questions/c8ca6248-b2c4-485b-ab9a-d1d91f77966f.json,c8ca6248-b2c4-485b-ab9a-d1d91f77966f,published,false,true,1,Answerable (exactly one correct option),Community-based Paediatrics
questions/c8e08b6d-8d6f-44b0-97b3-21b215a1e9dd.json,c8e08b6d-8d6f-44b0-97b3-21b215a1e9dd,published,false,true,1,Answerable (exactly one correct option),Community-based Paediatrics
questions/c8f758c3-e745-4815-b856-ca37865807f8.json,c8f758c3-e745-4815-b856-ca37865807f8,published,false,true,1,Answerable (exactly one correct option),Paediatric Surgery
questions/c910b541-4f5e-5751-bab3-49fd2b63b21f.json,c910b541-4f5e-5751-bab3-49fd2b63b21f,published,false,true,1,Answerable (exactly one correct option),General Paediatrics
questions/c91225f6-17e0-4e57-9ff0-c50f09feaf92.json,c91225f6-17e0-4e57-9ff0-c50f09feaf92,published,false,true,1,Answerable (exactly one correct option),General Paediatrics
questions/c9136b3d-474d-4f72-bb81-e19bbb7148e6.json,c9136b3d-474d-4f72-bb81-e19bbb7148e6,published,false,true,1,Answerable (exactly one correct option),Emergency Paediatrics
questions/c93c0800-8f68-4606-b4ad-ed6f76f3bb71.json,c93c0800-8f68-4606-b4ad-ed6f76f3bb71,published,true,true,1,Answerable (exactly one correct option),Community-based Paediatrics
questions/c93e2bdd-f273-44e2-a8ad-0a0dd5ecee4b.json,c93e2bdd-f273-44e2-a8ad-0a0dd5ecee4b,published,true,true,1,Answerable (exactly one correct option),Adolescent Medicine
questions/c95c0ae9-84b3-46cc-ab2f-cfd6da3c8e9b.json,c95c0ae9-84b3-46cc-ab2f-cfd6da3c8e9b,published,true,true,1,Answerable (exactly one correct option),Paediatric Sub-specialties
questions/c975b1c5-5f2f-58ad-9478-acf2c79f3135.json,c975b1c5-5f2f-58ad-9478-acf2c79f3135,published,false,true,1,Answerable (exactly one correct option),Emergency Paediatrics
questions/c99a43e5-5b76-47cc-93b5-5da851bebc66.json,c99a43e5-5b76-47cc-93b5-5da851bebc66,published,true,true,1,Answerable (exactly one correct option),Paediatric Sub-specialties
questions/c9a16ca1-7351-4ead-97e0-452549f4c4d7.json,c9a16ca1-7351-4ead-97e0-452549f4c4d7,published,true,true,1,Answerable (exactly one correct option),General Paediatrics
questions/c9b6278e-f5a0-445d-97eb-e2c945eb6fae.json,c9b6278e-f5a0-445d-97eb-e2c945eb6fae,published,true,true,1,Answerable (exactly one correct option),Paediatric Sub-specialties
questions/c9cda91a-b307-420a-bc21-b2a46c66c463.json,c9cda91a-b307-420a-bc21-b2a46c66c463,published,true,true,1,Answerable (exactly one correct option),Adolescent Medicine
questions/c9ddbac8-eca6-5b49-bec0-d8b8ef561b49.json,c9ddbac8-eca6-5b49-bec0-d8b8ef561b49,published,false,true,1,Answerable (exactly one correct option),Emergency Paediatrics
questions/c9edbdff-1f46-5224-90fc-afd4c9a01606.json,c9edbdff-1f46-5224-90fc-afd4c9a01606,published,false,true,1,Answerable (exactly one correct option),General Paediatrics
questions/ca00db81-2f55-4c84-8a4d-301541ce0a89.json,ca00db81-2f55-4c84-8a4d-301541ce0a89,published,true,true,1,Answerable (exactly one correct option),Paediatric Sub-specialties
questions/ca02ba40-4026-5e83-9ff9-67d95b6e3942.json,ca02ba40-4026-5e83-9ff9-67d95b6e3942,published,false,true,1,Answerable (exactly one correct option),Paediatric Sub-specialties
questions/ca19df59-2ad1-593f-9a88-419ff7e64746.json,ca19df59-2ad1-593f-9a88-419ff7e64746,published,false,true,1,Answerable (exactly one correct option),Paediatric Sub-specialties
questions/ca3505ee-9d96-58ac-8adb-996c0e3dc7d1.json,ca3505ee-9d96-58ac-8adb-996c0e3dc7d1,published,false,true,1,Answerable (exactly one correct option),Paediatric Sub-specialties
questions/ca35e8c0-6379-446a-b52c-1c5bf799c6bb.json,ca35e8c0-6379-446a-b52c-1c5bf799c6bb,published,false,true,1,Answerable (exactly one correct option),General Paediatrics
questions/ca4b28c6-2226-40a4-b86d-2a69d814a0f3.json,ca4b28c6-2226-40a4-b86d-2a69d814a0f3,published,false,true,1,Answerable (exactly one correct option),Paediatric Sub-specialties
questions/ca78a516-0abd-4e50-8d53-bf201e6c1f0d.json,ca78a516-0abd-4e50-8d53-bf201e6c1f0d,published,true,true,1,Answerable (exactly one correct option),Community-based Paediatrics
questions/caa13bd5-e445-4f66-a74f-c445fa32533e.json,caa13bd5-e445-4f66-a74f-c445fa32533e,published,false,true,1,Answerable (exactly one correct option),Community-based Paediatrics
questions/caad6941-9b4f-58b8-be1c-a1c5e14c2c5d.json,caad6941-9b4f-58b8-be1c-a1c5e14c2c5d,published,false,true,1,Answerable (exactly one correct option),Emergency Paediatrics
questions/cac251ae-ccbc-4593-842a-d4d9e07855aa.json,cac251ae-ccbc-4593-842a-d4d9e07855aa,published,true,true,1,Answerable (exactly one correct option),Paediatric Surgery
questions/cadd226e-57cd-562f-b0e9-87c2929f2151.json,cadd226e-57cd-562f-b0e9-87c2929f2151,published,false,true,1,Answerable (exactly one correct option),Paediatric Surgery
questions/cb03385e-bf79-50ca-a86b-62fa47b2e510.json,cb03385e-bf79-50ca-a86b-62fa47b2e510,published,false,true,1,Answerable (exactly one correct option),Emergency Paediatrics
questions/cb17ba5e-2dfb-4b2d-a419-5b87ab827990.json,cb17ba5e-2dfb-4b2d-a419-5b87ab827990,published,true,true,1,Answerable (exactly one correct option),Paediatric Sub-specialties
questions/cb28f1a8-4fe6-5b82-8fd2-194d090759f3.json,cb28f1a8-4fe6-5b82-8fd2-194d090759f3,published,false,true,1,Answerable (exactly one correct option),Paediatric Sub-specialties
questions/cb2bfa89-b85a-49f9-bbd3-9d4a2f2a5a43.json,cb2bfa89-b85a-49f9-bbd3-9d4a2f2a5a43,published,true,true,1,Answerable (exactly one correct option),Paediatric Surgery
questions/cb32710c-276a-56c6-8477-d0b4b0755b16.json,cb32710c-276a-56c6-8477-d0b4b0755b16,published,false,true,1,Answerable (exactly one correct option),Paediatric Sub-specialties
questions/cb394d5b-f7e8-4022-a5a7-e4617d3ae8a1.json,cb394d5b-f7e8-4022-a5a7-e4617d3ae8a1,published,false,true,1,Answerable (exactly one correct option),Paediatric Sub-specialties
questions/cb565ab3-b4d1-511a-ab9d-9ab5437c6df5.json,cb565ab3-b4d1-511a-ab9d-9ab5437c6df5,published,false,true,1,Answerable (exactly one correct option),Paediatric Surgery
questions/cb5d107e-3b94-594f-960c-7039e70f6cc0.json,cb5d107e-3b94-594f-960c-7039e70f6cc0,published,false,true,1,Answerable (exactly one correct option),Paediatric Sub-specialties
questions/cb76e4b0-cffa-5ae5-9271-4d921612a43a.json,cb76e4b0-cffa-5ae5-9271-4d921612a43a,published,false,true,1,Answerable (exactly one correct option),Paediatric Surgery
questions/cbe7f4c7-3856-4dc2-8870-01fb54dcd763.json,cbe7f4c7-3856-4dc2-8870-01fb54dcd763,published,true,true,1,Answerable (exactly one correct option),Paediatric Sub-specialties
questions/cbef2a3f-22af-4a20-bbee-a2765e56db50.json,cbef2a3f-22af-4a20-bbee-a2765e56db50,published,true,true,1,Answerable (exactly one correct option),Adolescent Medicine
questions/cc19d96d-0714-4acf-87ef-d438951ab188.json,cc19d96d-0714-4acf-87ef-d438951ab188,published,true,true,1,Answerable (exactly one correct option),General Paediatrics
questions/cc24269d-77e6-4eb2-82ec-4d3473f9c21b.json,cc24269d-77e6-4eb2-82ec-4d3473f9c21b,published,true,true,1,Answerable (exactly one correct option),Paediatric Sub-specialties
questions/cc28a0d1-f692-4bf4-b7e9-904356802836.json,cc28a0d1-f692-4bf4-b7e9-904356802836,published,false,true,1,Answerable (exactly one correct option),Paediatric Sub-specialties
questions/cc591147-67b7-475e-b4ca-933816c7cb5c.json,cc591147-67b7-475e-b4ca-933816c7cb5c,published,false,true,1,Answerable (exactly one correct option),Paediatric Surgery
questions/cc6e9365-c678-4c42-ad67-f9681cc5b148.json,cc6e9365-c678-4c42-ad67-f9681cc5b148,published,true,true,1,Answerable (exactly one correct option),Paediatric Sub-specialties
questions/cc7a9df9-bb0a-4572-a84c-ad477a22376a.json,cc7a9df9-bb0a-4572-a84c-ad477a22376a,published,true,true,1,Answerable (exactly one correct option),General Paediatrics
questions/cc869ed7-2ab4-4811-90c4-ce1694e4896c.json,cc869ed7-2ab4-4811-90c4-ce1694e4896c,published,true,true,1,Answerable (exactly one correct option),Paediatric Sub-specialties
questions/cc95767d-f9bc-5ef3-a260-02dddc8b16ae.json,cc95767d-f9bc-5ef3-a260-02dddc8b16ae,published,false,true,1,Answerable (exactly one correct option),General Paediatrics
questions/cc9599e4-4f8e-5452-90c1-a02505cc09b8.json,cc9599e4-4f8e-5452-90c1-a02505cc09b8,published,false,true,1,Answerable (exactly one correct option),Paediatric Sub-specialties
questions/cca264db-18ac-4c80-8c0f-fdb9191c6a28.json,cca264db-18ac-4c80-8c0f-fdb9191c6a28,published,true,true,1,Answerable (exactly one correct option),General Paediatrics
questions/ccaa0edd-6f77-4aad-869d-1f5ac942ff89.json,ccaa0edd-6f77-4aad-869d-1f5ac942ff89,published,true,true,1,Answerable (exactly one correct option),Community-based Paediatrics
questions/ccc3d722-88cd-5e1f-809c-db7701a829fa.json,ccc3d722-88cd-5e1f-809c-db7701a829fa,published,false,true,1,Answerable (exactly one correct option),Paediatric Sub-specialties
questions/ccc6b057-cad6-568b-9913-e65c04b2cb6e.json,ccc6b057-cad6-568b-9913-e65c04b2cb6e,published,false,true,1,Answerable (exactly one correct option),Community-based Paediatrics
questions/cccacb2c-38b8-5a65-8b7f-c5638f8866e4.json,cccacb2c-38b8-5a65-8b7f-c5638f8866e4,published,false,true,1,Answerable (exactly one correct option),Paediatric Surgery
questions/cd5291d6-7284-4c0a-8c63-a2e46d4208c5.json,cd5291d6-7284-4c0a-8c63-a2e46d4208c5,published,true,true,1,Answerable (exactly one correct option),Paediatric Surgery
questions/cd638d09-04b8-5645-9984-37e21182d1af.json,cd638d09-04b8-5645-9984-37e21182d1af,published,false,true,1,Answerable (exactly one correct option),Paediatric Surgery
questions/cd6b8d64-dac4-4726-9fe3-c6437a566c67.json,cd6b8d64-dac4-4726-9fe3-c6437a566c67,published,true,true,1,Answerable (exactly one correct option),Adolescent Medicine
questions/cd7af519-1ff7-5acf-be75-eb9a132b4c22.json,cd7af519-1ff7-5acf-be75-eb9a132b4c22,published,false,true,1,Answerable (exactly one correct option),Paediatric Sub-specialties
questions/cd853e6f-34a2-5081-ad5e-291207fcd94f.json,cd853e6f-34a2-5081-ad5e-291207fcd94f,published,false,true,1,Answerable (exactly one correct option),Community-based Paediatrics
questions/cd965e39-f900-4735-9d49-b0b4cf289381.json,cd965e39-f900-4735-9d49-b0b4cf289381,published,false,true,1,Answerable (exactly one correct option),Unclassified
questions/cda136b1-ccca-43b7-b32c-cd5028d14736.json,cda136b1-ccca-43b7-b32c-cd5028d14736,published,false,true,1,Answerable (exactly one correct option),Paediatric Surgery
questions/cdef8b4b-e36a-4cf6-9add-a62d3dfb2920.json,cdef8b4b-e36a-4cf6-9add-a62d3dfb2920,published,false,true,1,Answerable (exactly one correct option),Emergency Paediatrics
questions/cdfeaab0-b9ff-4afc-af58-c35c3cd6e00b.json,cdfeaab0-b9ff-4afc-af58-c35c3cd6e00b,published,true,true,1,Answerable (exactly one correct option),Community-based Paediatrics
questions/ce0519f4-ad36-46dc-992e-5d11c9f4c17b.json,ce0519f4-ad36-46dc-992e-5d11c9f4c17b,published,true,true,1,Answerable (exactly one correct option),Emergency Paediatrics
questions/ce398736-2251-4fba-8d63-78209786a034.json,ce398736-2251-4fba-8d63-78209786a034,published,true,true,1,Answerable (exactly one correct option),Paediatric Sub-specialties
questions/ce4348d4-3df6-5b29-8a3f-9ecfd11f2d4e.json,ce4348d4-3df6-5b29-8a3f-9ecfd11f2d4e,published,false,true,1,Answerable (exactly one correct option),Emergency Paediatrics
questions/ce4cc5c7-371b-5831-bb2a-8a01224e117a.json,ce4cc5c7-371b-5831-bb2a-8a01224e117a,published,false,true,1,Answerable (exactly one correct option),General Paediatrics
questions/ce4d7ef7-f360-57b9-b289-0eb3d15ed7cb.json,ce4d7ef7-f360-57b9-b289-0eb3d15ed7cb,published,false,true,1,Answerable (exactly one correct option),Paediatric Sub-specialties
questions/ce688459-36db-5e17-910b-e97c25eae494.json,ce688459-36db-5e17-910b-e97c25eae494,published,false,true,1,Answerable (exactly one correct option),Paediatric Surgery
questions/ce8ae024-9a44-5514-bee6-7e47c2b384a3.json,ce8ae024-9a44-5514-bee6-7e47c2b384a3,published,false,true,1,Answerable (exactly one correct option),Paediatric Surgery
questions/ce972ad2-c610-4a2b-be4b-56458da55ac2.json,ce972ad2-c610-4a2b-be4b-56458da55ac2,published,true,true,1,Answerable (exactly one correct option),Community-based Paediatrics
questions/ce9b9821-7b94-5166-a7ff-cf7b04641e89.json,ce9b9821-7b94-5166-a7ff-cf7b04641e89,published,false,true,1,Answerable (exactly one correct option),General Paediatrics
questions/ceaa83b4-1fa3-5bba-b71c-b9df7e29fb4e.json,ceaa83b4-1fa3-5bba-b71c-b9df7e29fb4e,published,false,true,1,Answerable (exactly one correct option),General Paediatrics
questions/ceb348dc-207f-4938-af49-ea9fe439dd99.json,ceb348dc-207f-4938-af49-ea9fe439dd99,published,true,true,1,Answerable (exactly one correct option),Emergency Paediatrics
questions/ceb5c47f-1427-431e-9417-5da468ff4930.json,ceb5c47f-1427-431e-9417-5da468ff4930,published,true,true,1,Answerable (exactly one correct option),Paediatric Surgery
questions/ced2d1cf-807a-4729-ad1c-85fb1ee86582.json,ced2d1cf-807a-4729-ad1c-85fb1ee86582,published,true,true,1,Answerable (exactly one correct option),Paediatric Surgery
questions/cef8c9ef-6ec5-46f9-a807-6f59b49e5675.json,cef8c9ef-6ec5-46f9-a807-6f59b49e5675,published,false,true,1,Answerable (exactly one correct option),Emergency Paediatrics
questions/cf1ddaf3-4701-492c-8160-875b03f5f38c.json,cf1ddaf3-4701-492c-8160-875b03f5f38c,published,true,true,1,Answerable (exactly one correct option),Paediatric Sub-specialties
questions/cf4df763-cd4e-497f-9711-18a79e5caf1a.json,cf4df763-cd4e-497f-9711-18a79e5caf1a,published,false,true,1,Answerable (exactly one correct option),Paediatric Sub-specialties
questions/cf4e1a1c-3fb6-5a9d-a566-83f886113dcc.json,cf4e1a1c-3fb6-5a9d-a566-83f886113dcc,published,false,true,1,Answerable (exactly one correct option),Paediatric Surgery
questions/cf59f587-7e56-40f4-9596-820c780aadce.json,cf59f587-7e56-40f4-9596-820c780aadce,published,true,true,1,Answerable (exactly one correct option),General Paediatrics
questions/cf5bc6d7-7307-5c67-8ce4-2e3aad1fe54f.json,cf5bc6d7-7307-5c67-8ce4-2e3aad1fe54f,published,false,true,1,Answerable (exactly one correct option),Paediatric Sub-specialties
questions/cf6f75e1-44e2-4afe-b3f5-46a17f941227.json,cf6f75e1-44e2-4afe-b3f5-46a17f941227,published,true,true,1,Answerable (exactly one correct option),Emergency Paediatrics
questions/cf9c97a8-2bf3-4950-8610-4d13aed9f43f.json,cf9c97a8-2bf3-4950-8610-4d13aed9f43f,published,false,true,1,Answerable (exactly one correct option),General Paediatrics
questions/cfac9e99-28e3-5d90-81e6-dd6af1175114.json,cfac9e99-28e3-5d90-81e6-dd6af1175114,published,false,true,1,Answerable (exactly one correct option),General Paediatrics
questions/cfb5ba8f-b8b7-4dbb-afd3-1d8d9eeed421.json,cfb5ba8f-b8b7-4dbb-afd3-1d8d9eeed421,published,false,true,1,Answerable (exactly one correct option),General Paediatrics
questions/cfc27399-49ab-4588-8b55-c0e8d55cd7fd.json,cfc27399-49ab-4588-8b55-c0e8d55cd7fd,published,false,true,1,Answerable (exactly one correct option),Unclassified
questions/cfc51543-9ccc-5201-8112-677a292b84d5.json,cfc51543-9ccc-5201-8112-677a292b84d5,published,false,true,1,Answerable (exactly one correct option),Paediatric Sub-specialties
questions/cfd0f4ae-57db-4d0b-bb82-c0e77ced6b18.json,cfd0f4ae-57db-4d0b-bb82-c0e77ced6b18,published,false,true,1,Answerable (exactly one correct option),Paediatric Sub-specialties
questions/cfd965e7-44a1-47db-bb73-4e32c98a7fe9.json,cfd965e7-44a1-47db-bb73-4e32c98a7fe9,published,true,true,1,Answerable (exactly one correct option),Paediatric Sub-specialties
questions/cfef41a9-fd86-511b-a4cb-c8299141004e.json,cfef41a9-fd86-511b-a4cb-c8299141004e,published,false,true,1,Answerable (exactly one correct option),Paediatric Surgery
questions/cff3de43-e816-4dbb-b35a-a3eb3c8b75d8.json,cff3de43-e816-4dbb-b35a-a3eb3c8b75d8,published,true,true,1,Answerable (exactly one correct option),General Paediatrics
questions/d00e8257-638d-4e94-88b7-a2818cfdb1f5.json,d00e8257-638d-4e94-88b7-a2818cfdb1f5,published,false,true,1,Answerable (exactly one correct option),Paediatric Sub-specialties
questions/d0269592-caf6-59ac-9422-395d4e0449ab.json,d0269592-caf6-59ac-9422-395d4e0449ab,published,false,true,1,Answerable (exactly one correct option),Paediatric Sub-specialties
questions/d03e63aa-adf0-5cc8-bbdb-9a96183db1eb.json,d03e63aa-adf0-5cc8-bbdb-9a96183db1eb,published,false,true,1,Answerable (exactly one correct option),General Paediatrics
questions/d0746f9a-fc72-5e35-885f-1211e6f00763.json,d0746f9a-fc72-5e35-885f-1211e6f00763,published,false,true,1,Answerable (exactly one correct option),General Paediatrics
questions/d0800a51-4c8c-45ee-8a69-2e999b6fcafd.json,d0800a51-4c8c-45ee-8a69-2e999b6fcafd,published,false,true,1,Answerable (exactly one correct option),General Paediatrics
questions/d08b70ae-e633-4e35-b13f-6dec3ae2bd8c.json,d08b70ae-e633-4e35-b13f-6dec3ae2bd8c,published,true,true,1,Answerable (exactly one correct option),Adolescent Medicine
questions/d08c1c26-0562-4e94-a430-67c99e90e4d1.json,d08c1c26-0562-4e94-a430-67c99e90e4d1,published,false,true,1,Answerable (exactly one correct option),Paediatric Sub-specialties
questions/d0a21059-e8f5-4710-9224-4280128744f8.json,d0a21059-e8f5-4710-9224-4280128744f8,published,false,true,1,Answerable (exactly one correct option),Paediatric Surgery
questions/d0c513e1-31fa-5187-bda2-53585ffa8522.json,d0c513e1-31fa-5187-bda2-53585ffa8522,published,false,true,1,Answerable (exactly one correct option),Paediatric Surgery
questions/d0c518f3-b50b-52d3-be29-86034f8b0682.json,d0c518f3-b50b-52d3-be29-86034f8b0682,published,false,true,1,Answerable (exactly one correct option),Paediatric Sub-specialties
questions/d0d94619-3bef-498a-8c2b-94635d158800.json,d0d94619-3bef-498a-8c2b-94635d158800,published,true,true,1,Answerable (exactly one correct option),Paediatric Sub-specialties
questions/d0eff024-79e7-46ad-8725-f03bac3b9cb2.json,d0eff024-79e7-46ad-8725-f03bac3b9cb2,published,false,true,1,Answerable (exactly one correct option),Paediatric Sub-specialties
questions/d10085eb-90d7-4eff-86d2-5bf1b2c196c5.json,d10085eb-90d7-4eff-86d2-5bf1b2c196c5,published,false,true,1,Answerable (exactly one correct option),Paediatric Sub-specialties
questions/d131c44c-74bb-53f9-a1a1-a951f0556afd.json,d131c44c-74bb-53f9-a1a1-a951f0556afd,published,false,true,1,Answerable (exactly one correct option),General Paediatrics
questions/d14d2e15-77bd-5e32-a6e2-4cc291ba39c5.json,d14d2e15-77bd-5e32-a6e2-4cc291ba39c5,published,false,true,1,Answerable (exactly one correct option),Paediatric Sub-specialties
questions/d170ebe4-bdc9-5654-95c4-e2a33a0c7389.json,d170ebe4-bdc9-5654-95c4-e2a33a0c7389,published,false,true,1,Answerable (exactly one correct option),General Paediatrics
questions/d18d3704-b7c0-4a65-bc72-87283dcb35a7.json,d18d3704-b7c0-4a65-bc72-87283dcb35a7,published,true,true,1,Answerable (exactly one correct option),Emergency Paediatrics
questions/d1a7e0d3-a7e4-49fc-ba21-d43b34b44641.json,d1a7e0d3-a7e4-49fc-ba21-d43b34b44641,published,false,true,1,Answerable (exactly one correct option),Paediatric Surgery
questions/d1b2d3fe-affa-5c36-9a7b-494477522e43.json,d1b2d3fe-affa-5c36-9a7b-494477522e43,published,false,true,1,Answerable (exactly one correct option),General Paediatrics
questions/d1b4861f-2133-4df4-af9a-3f8ff1e8b235.json,d1b4861f-2133-4df4-af9a-3f8ff1e8b235,published,false,true,1,Answerable (exactly one correct option),Paediatric Sub-specialties
questions/d1bf22c7-83a2-5207-bf23-8448aa2251c0.json,d1bf22c7-83a2-5207-bf23-8448aa2251c0,published,false,true,1,Answerable (exactly one correct option),Paediatric Sub-specialties
questions/d1c5bef4-126c-4abf-8d64-a4cf6846ca5b.json,d1c5bef4-126c-4abf-8d64-a4cf6846ca5b,published,false,true,1,Answerable (exactly one correct option),Paediatric Sub-specialties
questions/d1d0b9f1-a532-4cea-b4b8-8fb423499716.json,d1d0b9f1-a532-4cea-b4b8-8fb423499716,published,true,true,1,Answerable (exactly one correct option),Community-based Paediatrics
questions/d233fe27-20f7-5ffb-a507-8fe66071486b.json,d233fe27-20f7-5ffb-a507-8fe66071486b,published,false,true,1,Answerable (exactly one correct option),General Paediatrics
questions/d24eea40-5b28-48a1-b940-bddddb0058ca.json,d24eea40-5b28-48a1-b940-bddddb0058ca,published,true,true,1,Answerable (exactly one correct option),Community-based Paediatrics
questions/d27baa5f-5308-4689-99f5-40eea6580c88.json,d27baa5f-5308-4689-99f5-40eea6580c88,published,true,true,1,Answerable (exactly one correct option),Emergency Paediatrics
questions/d293181e-7076-4e38-9402-72239a603dc4.json,d293181e-7076-4e38-9402-72239a603dc4,published,true,true,1,Answerable (exactly one correct option),Paediatric Surgery
questions/d29c3498-84fb-4169-8478-5dcdf41d0a3c.json,d29c3498-84fb-4169-8478-5dcdf41d0a3c,published,true,true,1,Answerable (exactly one correct option),General Paediatrics
questions/d2a00473-30ed-4fd9-a298-a42e17d3a252.json,d2a00473-30ed-4fd9-a298-a42e17d3a252,published,true,true,1,Answerable (exactly one correct option),Community-based Paediatrics
questions/d2a97784-c746-4f56-be37-56f95b4ae46f.json,d2a97784-c746-4f56-be37-56f95b4ae46f,published,false,true,1,Answerable (exactly one correct option),Paediatric Sub-specialties
questions/d2c48a3c-2138-41c5-bcfb-7421ea873dd1.json,d2c48a3c-2138-41c5-bcfb-7421ea873dd1,published,false,true,1,Answerable (exactly one correct option),Unclassified
questions/d2e5d4d1-f35f-407e-b572-84e94cfb3fc7.json,d2e5d4d1-f35f-407e-b572-84e94cfb3fc7,published,true,true,1,Answerable (exactly one correct option),Paediatric Surgery
questions/d2fb7929-849f-474a-8933-f191df3525fb.json,d2fb7929-849f-474a-8933-f191df3525fb,published,false,true,1,Answerable (exactly one correct option),Paediatric Sub-specialties
questions/d30354ae-0e2e-4012-9573-154ca4a14f09.json,d30354ae-0e2e-4012-9573-154ca4a14f09,published,true,true,1,Answerable (exactly one correct option),Paediatric Sub-specialties
questions/d31832f5-871a-5e4b-bd0e-2ec17ef39dc0.json,d31832f5-871a-5e4b-bd0e-2ec17ef39dc0,published,false,true,1,Answerable (exactly one correct option),Community-based Paediatrics
questions/d3378f42-7d93-57b6-b80c-c1bbd7686411.json,d3378f42-7d93-57b6-b80c-c1bbd7686411,published,false,true,1,Answerable (exactly one correct option),Paediatric Sub-specialties
questions/d33cef43-07a1-466c-a4b0-f0ed74c670ac.json,d33cef43-07a1-466c-a4b0-f0ed74c670ac,published,true,true,1,Answerable (exactly one correct option),Emergency Paediatrics
questions/d3443db8-89c2-4499-96bc-b81bb6a0846f.json,d3443db8-89c2-4499-96bc-b81bb6a0846f,published,false,true,1,Answerable (exactly one correct option),Paediatric Sub-specialties
questions/d359c4ca-524e-4415-b9aa-6d8de6494615.json,d359c4ca-524e-4415-b9aa-6d8de6494615,published,false,true,1,Answerable (exactly one correct option),Unclassified
questions/d363b402-9790-4cbd-9deb-f346be65d35a.json,d363b402-9790-4cbd-9deb-f346be65d35a,published,true,true,1,Answerable (exactly one correct option),Paediatric Sub-specialties
questions/d3800bce-bfa6-4fea-9522-884c04740e3d.json,d3800bce-bfa6-4fea-9522-884c04740e3d,published,false,true,1,Answerable (exactly one correct option),Community-based Paediatrics
questions/d3811d83-e859-4102-899b-a0f6606ac112.json,d3811d83-e859-4102-899b-a0f6606ac112,published,false,true,1,Answerable (exactly one correct option),Paediatric Sub-specialties
questions/d384fe59-dff6-4b88-abe7-62284bc2f99e.json,d384fe59-dff6-4b88-abe7-62284bc2f99e,published,true,true,1,Answerable (exactly one correct option),Emergency Paediatrics
questions/d385fb54-a1ff-5f00-9bb1-e2d1600c0e69.json,d385fb54-a1ff-5f00-9bb1-e2d1600c0e69,published,false,true,1,Answerable (exactly one correct option),Adolescent Medicine
questions/d38e73f4-6cc5-40fe-8ac7-d8d0a1019b79.json,d38e73f4-6cc5-40fe-8ac7-d8d0a1019b79,published,true,true,1,Answerable (exactly one correct option),Paediatric Sub-specialties
questions/d398cd5f-6935-482a-abd4-11c44609fccc.json,d398cd5f-6935-482a-abd4-11c44609fccc,published,true,true,1,Answerable (exactly one correct option),Adolescent Medicine
questions/d3b23f5c-774d-5c54-8ed3-55fa92d8b493.json,d3b23f5c-774d-5c54-8ed3-55fa92d8b493,published,false,true,1,Answerable (exactly one correct option),Paediatric Sub-specialties
questions/d3c927af-e105-44ef-8d1a-ee06fcb1e75a.json,d3c927af-e105-44ef-8d1a-ee06fcb1e75a,published,true,true,1,Answerable (exactly one correct option),Paediatric Sub-specialties
questions/d3e89f1c-0f7f-42dc-b276-c69e014ddf7e.json,d3e89f1c-0f7f-42dc-b276-c69e014ddf7e,published,true,true,1,Answerable (exactly one correct option),Paediatric Sub-specialties
questions/d3f93425-25de-4e35-8172-e2234dbc9e55.json,d3f93425-25de-4e35-8172-e2234dbc9e55,published,true,true,1,Answerable (exactly one correct option),Paediatric Sub-specialties
questions/d4188aa6-3bc2-5c16-9e3f-b190ebed1782.json,d4188aa6-3bc2-5c16-9e3f-b190ebed1782,published,false,true,1,Answerable (exactly one correct option),General Paediatrics
questions/d42f3548-cf07-4fef-9aee-ba116586b715.json,d42f3548-cf07-4fef-9aee-ba116586b715,published,false,true,1,Answerable (exactly one correct option),Community-based Paediatrics
questions/d435ad95-0a49-419d-b3ed-d713759eb4c7.json,d435ad95-0a49-419d-b3ed-d713759eb4c7,published,false,true,1,Answerable (exactly one correct option),Paediatric Sub-specialties
questions/d44b7f14-026e-4cf0-ad70-4d4400813071.json,d44b7f14-026e-4cf0-ad70-4d4400813071,published,true,true,1,Answerable (exactly one correct option),Paediatric Surgery
questions/d44bbde9-77f8-4b29-8042-9dc1cc33811d.json,d44bbde9-77f8-4b29-8042-9dc1cc33811d,published,true,true,1,Answerable (exactly one correct option),Paediatric Sub-specialties
questions/d45225a1-df7a-53e4-aa63-5c9f07a22f88.json,d45225a1-df7a-53e4-aa63-5c9f07a22f88,published,false,true,1,Answerable (exactly one correct option),Paediatric Surgery
questions/d45b15ed-8674-4e2d-b8cd-96175606db9b.json,d45b15ed-8674-4e2d-b8cd-96175606db9b,published,true,true,1,Answerable (exactly one correct option),Adolescent Medicine
questions/d46aaf88-dbaa-4648-b767-01b5ccceea7b.json,d46aaf88-dbaa-4648-b767-01b5ccceea7b,published,true,true,1,Answerable (exactly one correct option),Paediatric Sub-specialties
questions/d48348a0-24f5-535b-8819-18a7ec67eec4.json,d48348a0-24f5-535b-8819-18a7ec67eec4,published,false,true,1,Answerable (exactly one correct option),Paediatric Sub-specialties
questions/d483bd9a-5305-4f51-a7d1-dad91cfb6ca4.json,d483bd9a-5305-4f51-a7d1-dad91cfb6ca4,published,true,true,1,Answerable (exactly one correct option),Paediatric Sub-specialties
questions/d49a2aa3-1b93-49e5-bd01-1e08e8ed2b1b.json,d49a2aa3-1b93-49e5-bd01-1e08e8ed2b1b,published,true,true,1,Answerable (exactly one correct option),Paediatric Sub-specialties
questions/d4bbd5b6-2e6f-49c0-bc12-ec29fff9bff2.json,d4bbd5b6-2e6f-49c0-bc12-ec29fff9bff2,published,false,true,1,Answerable (exactly one correct option),Paediatric Sub-specialties
questions/d4df7bfe-f98a-4d2a-b04e-0177312f5551.json,d4df7bfe-f98a-4d2a-b04e-0177312f5551,published,false,true,1,Answerable (exactly one correct option),Emergency Paediatrics
questions/d512d895-3513-4cd2-a80b-39ed2980aa4f.json,d512d895-3513-4cd2-a80b-39ed2980aa4f,published,true,true,1,Answerable (exactly one correct option),Paediatric Surgery
questions/d51a4747-adcb-473f-8b89-e55261faee51.json,d51a4747-adcb-473f-8b89-e55261faee51,published,false,true,1,Answerable (exactly one correct option),Paediatric Sub-specialties
questions/d531ee7c-b558-49d1-88e8-389db6d0593c.json,d531ee7c-b558-49d1-88e8-389db6d0593c,published,false,true,1,Answerable (exactly one correct option),Unclassified
questions/d5402aee-a42b-50fe-84c5-442a838de542.json,d5402aee-a42b-50fe-84c5-442a838de542,published,false,true,1,Answerable (exactly one correct option),Paediatric Surgery
questions/d5510c5f-16dc-5a5d-a054-2727b91e65d7.json,d5510c5f-16dc-5a5d-a054-2727b91e65d7,published,false,true,1,Answerable (exactly one correct option),Paediatric Sub-specialties
questions/d559b65d-4388-5aaf-bcb2-4541ce1345c0.json,d559b65d-4388-5aaf-bcb2-4541ce1345c0,published,false,true,1,Answerable (exactly one correct option),General Paediatrics
questions/d55b45c7-ac87-42b7-8a70-c4bdad1dada3.json,d55b45c7-ac87-42b7-8a70-c4bdad1dada3,published,false,true,1,Answerable (exactly one correct option),Unclassified
questions/d5693700-9cea-5e1f-95ea-d7a825381cfc.json,d5693700-9cea-5e1f-95ea-d7a825381cfc,published,false,true,1,Answerable (exactly one correct option),Paediatric Surgery
questions/d57dcf10-28eb-5287-883c-1e6a0ddecea9.json,d57dcf10-28eb-5287-883c-1e6a0ddecea9,published,false,true,1,Answerable (exactly one correct option),Community-based Paediatrics
questions/d5c7f123-784c-5a03-b793-e20e81e4841b.json,d5c7f123-784c-5a03-b793-e20e81e4841b,published,false,true,1,Answerable (exactly one correct option),Paediatric Surgery
questions/d5de612a-b6ab-47b6-96e5-36041d494ec4.json,d5de612a-b6ab-47b6-96e5-36041d494ec4,published,true,true,1,Answerable (exactly one correct option),Paediatric Surgery
questions/d605bcfb-55c1-4935-a691-4aa43c8e980b.json,d605bcfb-55c1-4935-a691-4aa43c8e980b,published,true,true,1,Answerable (exactly one correct option),Community-based Paediatrics
questions/d60e8a60-1b1f-495b-92ca-4797830178cc.json,d60e8a60-1b1f-495b-92ca-4797830178cc,published,true,true,1,Answerable (exactly one correct option),Paediatric Surgery
questions/d6134c1f-95bb-42a4-bdfc-9974bc9c8fe5.json,d6134c1f-95bb-42a4-bdfc-9974bc9c8fe5,published,false,true,1,Answerable (exactly one correct option),Paediatric Surgery
questions/d6235cc1-2294-45a2-80e8-0bebcaf3a68d.json,d6235cc1-2294-45a2-80e8-0bebcaf3a68d,published,true,true,1,Answerable (exactly one correct option),Paediatric Sub-specialties
questions/d62bfb80-1efc-5847-a087-801c24e5aa68.json,d62bfb80-1efc-5847-a087-801c24e5aa68,published,false,true,1,Answerable (exactly one correct option),General Paediatrics
questions/d64548eb-64ef-5f22-a051-c11f03df6819.json,d64548eb-64ef-5f22-a051-c11f03df6819,published,false,true,1,Answerable (exactly one correct option),Community-based Paediatrics
questions/d6475639-aa6b-4d93-bf8a-26d2d09d1c55.json,d6475639-aa6b-4d93-bf8a-26d2d09d1c55,published,false,true,1,Answerable (exactly one correct option),Emergency Paediatrics
questions/d648fe23-d9d8-4a50-92b5-b52ece986e15.json,d648fe23-d9d8-4a50-92b5-b52ece986e15,published,true,true,1,Answerable (exactly one correct option),Adolescent Medicine
questions/d6506796-cb9c-4e12-a305-cd9a87248d8b.json,d6506796-cb9c-4e12-a305-cd9a87248d8b,published,true,true,1,Answerable (exactly one correct option),Paediatric Sub-specialties
questions/d656ae8d-057b-5aac-8a1e-6d21c0489305.json,d656ae8d-057b-5aac-8a1e-6d21c0489305,published,false,true,1,Answerable (exactly one correct option),General Paediatrics
questions/d6572c84-31dd-4905-8555-2087fce02cbf.json,d6572c84-31dd-4905-8555-2087fce02cbf,published,true,true,1,Answerable (exactly one correct option),Paediatric Sub-specialties
questions/d6573da2-e533-40d6-9c9a-fc20cc0b9431.json,d6573da2-e533-40d6-9c9a-fc20cc0b9431,published,true,true,1,Answerable (exactly one correct option),Paediatric Sub-specialties
questions/d65a3481-98bd-43ed-a656-5bc5441d7ef5.json,d65a3481-98bd-43ed-a656-5bc5441d7ef5,published,true,true,1,Answerable (exactly one correct option),Paediatric Sub-specialties
questions/d670cc95-f05b-518a-a736-b9e5ed996ae0.json,d670cc95-f05b-518a-a736-b9e5ed996ae0,published,false,true,1,Answerable (exactly one correct option),Paediatric Sub-specialties
questions/d69c84b4-fe2a-4c7f-a3b2-8bbf819f2440.json,d69c84b4-fe2a-4c7f-a3b2-8bbf819f2440,published,false,true,1,Answerable (exactly one correct option),Paediatric Surgery
questions/d6cb78ca-6494-5e40-8ea1-9311d0d7eab0.json,d6cb78ca-6494-5e40-8ea1-9311d0d7eab0,published,false,true,1,Answerable (exactly one correct option),General Paediatrics
questions/d6e140eb-d49a-4174-a614-b8590a816054.json,d6e140eb-d49a-4174-a614-b8590a816054,published,false,true,1,Answerable (exactly one correct option),Adolescent Medicine
questions/d6ede111-6ac7-4097-9f99-61be9ded4c11.json,d6ede111-6ac7-4097-9f99-61be9ded4c11,published,true,true,1,Answerable (exactly one correct option),General Paediatrics
questions/d70cfc35-13b9-5125-84e7-50bb2eb6553a.json,d70cfc35-13b9-5125-84e7-50bb2eb6553a,published,false,true,1,Answerable (exactly one correct option),Paediatric Surgery
questions/d718a353-c498-4d45-9b1f-700b8a50cea1.json,d718a353-c498-4d45-9b1f-700b8a50cea1,published,true,true,1,Answerable (exactly one correct option),Community-based Paediatrics
questions/d720f6ae-d17b-4348-9c09-22cde94acb3c.json,d720f6ae-d17b-4348-9c09-22cde94acb3c,published,false,true,1,Answerable (exactly one correct option),Paediatric Sub-specialties
questions/d732bc5c-0130-5ba0-a108-458f419a4eea.json,d732bc5c-0130-5ba0-a108-458f419a4eea,published,false,true,1,Answerable (exactly one correct option),Emergency Paediatrics
questions/d733d977-bad3-4b51-a1e9-29ec8b8e7c6a.json,d733d977-bad3-4b51-a1e9-29ec8b8e7c6a,published,false,true,1,Answerable (exactly one correct option),Paediatric Sub-specialties
questions/d73fe3ba-e574-54b3-a474-12d1a2d158e8.json,d73fe3ba-e574-54b3-a474-12d1a2d158e8,published,false,true,1,Answerable (exactly one correct option),Emergency Paediatrics
questions/d775e185-4b83-5c79-8082-f761367b83bf.json,d775e185-4b83-5c79-8082-f761367b83bf,published,false,true,1,Answerable (exactly one correct option),General Paediatrics
questions/d7799497-51b6-5cd7-9f08-5b3521ae5ef3.json,d7799497-51b6-5cd7-9f08-5b3521ae5ef3,published,false,true,1,Answerable (exactly one correct option),Paediatric Sub-specialties
questions/d786bbee-85c9-4ebe-b690-e78a0d41f0b4.json,d786bbee-85c9-4ebe-b690-e78a0d41f0b4,published,true,true,1,Answerable (exactly one correct option),Emergency Paediatrics
questions/d7934324-86fe-4fe2-a13d-eb5a1e5c1d76.json,d7934324-86fe-4fe2-a13d-eb5a1e5c1d76,published,false,true,1,Answerable (exactly one correct option),Unclassified
questions/d79c7617-b412-45d9-a54d-27ef3d83b663.json,d79c7617-b412-45d9-a54d-27ef3d83b663,published,false,true,1,Answerable (exactly one correct option),Unclassified
questions/d7a48153-7e5a-451c-8341-6da48dc7b7f5.json,d7a48153-7e5a-451c-8341-6da48dc7b7f5,published,true,true,1,Answerable (exactly one correct option),Paediatric Sub-specialties
questions/d7ab0757-e11b-43b9-8afb-8bace587c985.json,d7ab0757-e11b-43b9-8afb-8bace587c985,published,false,true,1,Answerable (exactly one correct option),Community-based Paediatrics
questions/d7bc0ea4-4d57-546d-b13d-a41e3804c1b0.json,d7bc0ea4-4d57-546d-b13d-a41e3804c1b0,published,false,true,1,Answerable (exactly one correct option),Adolescent Medicine
questions/d7bfc752-3663-41e4-8555-21d582088c13.json,d7bfc752-3663-41e4-8555-21d582088c13,published,true,true,1,Answerable (exactly one correct option),Emergency Paediatrics
questions/d7bfe909-7e72-579e-8fa9-0b12dac842b0.json,d7bfe909-7e72-579e-8fa9-0b12dac842b0,published,false,true,1,Answerable (exactly one correct option),Paediatric Surgery
questions/d7c7155a-965a-4349-872a-539617a82ccb.json,d7c7155a-965a-4349-872a-539617a82ccb,published,true,true,1,Answerable (exactly one correct option),Paediatric Sub-specialties
questions/d7f505df-2088-5617-b12c-29e04d2be7de.json,d7f505df-2088-5617-b12c-29e04d2be7de,published,false,true,1,Answerable (exactly one correct option),Paediatric Surgery
questions/d80a22bd-f6e6-4534-8447-11bd4e3a3473.json,d80a22bd-f6e6-4534-8447-11bd4e3a3473,published,true,true,1,Answerable (exactly one correct option),Paediatric Sub-specialties
questions/d8209779-b6a5-4208-8712-6b51ac4e0341.json,d8209779-b6a5-4208-8712-6b51ac4e0341,published,false,true,1,Answerable (exactly one correct option),Paediatric Sub-specialties
questions/d837e9d8-f6a8-5123-9ea3-7efe8e6d6d40.json,d837e9d8-f6a8-5123-9ea3-7efe8e6d6d40,published,false,true,1,Answerable (exactly one correct option),General Paediatrics
questions/d83b65e9-c4d1-5e21-a3eb-aad78736d09b.json,d83b65e9-c4d1-5e21-a3eb-aad78736d09b,published,false,true,1,Answerable (exactly one correct option),Paediatric Sub-specialties
questions/d862fc54-03df-5936-a6c1-c28423903ea1.json,d862fc54-03df-5936-a6c1-c28423903ea1,published,false,true,1,Answerable (exactly one correct option),General Paediatrics
questions/d86935d7-f3e2-4ca8-a9d7-452e5e5f2ef3.json,d86935d7-f3e2-4ca8-a9d7-452e5e5f2ef3,published,false,true,1,Answerable (exactly one correct option),Paediatric Sub-specialties
questions/d8927e2e-0934-5df3-87d4-8de887bff7ff.json,d8927e2e-0934-5df3-87d4-8de887bff7ff,published,false,true,1,Answerable (exactly one correct option),General Paediatrics
questions/d89d7f33-32da-4822-971f-a3fcda2be4d4.json,d89d7f33-32da-4822-971f-a3fcda2be4d4,published,true,true,1,Answerable (exactly one correct option),Paediatric Surgery
questions/d8aba773-2948-4652-b848-b932988331b1.json,d8aba773-2948-4652-b848-b932988331b1,published,false,true,1,Answerable (exactly one correct option),Paediatric Sub-specialties
questions/d8d9c3c9-6c29-51d2-8590-6b8022298f58.json,d8d9c3c9-6c29-51d2-8590-6b8022298f58,published,false,true,1,Answerable (exactly one correct option),General Paediatrics
questions/d8d9d89c-3657-5a33-97ac-6ef10505ab06.json,d8d9d89c-3657-5a33-97ac-6ef10505ab06,published,false,true,1,Answerable (exactly one correct option),General Paediatrics
questions/d8e18a40-b49d-5456-8fb0-149bd2b10611.json,d8e18a40-b49d-5456-8fb0-149bd2b10611,published,false,true,1,Answerable (exactly one correct option),Paediatric Sub-specialties
questions/d8e88818-c8be-4791-b13d-41b80e26f4c8.json,d8e88818-c8be-4791-b13d-41b80e26f4c8,published,true,true,1,Answerable (exactly one correct option),Paediatric Sub-specialties
questions/d92bb4ec-72be-4b98-b1b8-6c6cbfcc37c9.json,d92bb4ec-72be-4b98-b1b8-6c6cbfcc37c9,published,false,true,1,Answerable (exactly one correct option),Unclassified
questions/d9301ad6-168a-53b5-a6c7-a48eb47a9b7f.json,d9301ad6-168a-53b5-a6c7-a48eb47a9b7f,published,false,true,1,Answerable (exactly one correct option),General Paediatrics
questions/d9632af9-aa83-48a2-ac29-3ca30297def7.json,d9632af9-aa83-48a2-ac29-3ca30297def7,published,true,true,1,Answerable (exactly one correct option),Paediatric Surgery
questions/d9717d5b-332b-5cd6-8658-b39261035152.json,d9717d5b-332b-5cd6-8658-b39261035152,published,false,true,1,Answerable (exactly one correct option),Paediatric Surgery
questions/d978c622-0092-5216-8061-166ca5d9bffc.json,d978c622-0092-5216-8061-166ca5d9bffc,published,false,true,1,Answerable (exactly one correct option),Paediatric Surgery
questions/d9b50e9d-c50d-4fe3-99cb-2cee7b2ff26e.json,d9b50e9d-c50d-4fe3-99cb-2cee7b2ff26e,published,true,true,1,Answerable (exactly one correct option),Paediatric Sub-specialties
questions/d9cc5a6c-1aeb-4d6e-aa46-238a4735fc8f.json,d9cc5a6c-1aeb-4d6e-aa46-238a4735fc8f,published,false,true,1,Answerable (exactly one correct option),Emergency Paediatrics
questions/d9ea6c55-4a18-5183-a43e-616bc83c238e.json,d9ea6c55-4a18-5183-a43e-616bc83c238e,published,false,true,1,Answerable (exactly one correct option),Paediatric Sub-specialties
questions/d9ebf266-e128-49d9-ae80-b526a9a01ecd.json,d9ebf266-e128-49d9-ae80-b526a9a01ecd,published,true,true,1,Answerable (exactly one correct option),Emergency Paediatrics
questions/d9f25205-61d4-42cb-b406-67613023cca2.json,d9f25205-61d4-42cb-b406-67613023cca2,published,true,true,1,Answerable (exactly one correct option),Paediatric Surgery
questions/da0d5682-3318-5571-b74e-8c813b72c6b4.json,da0d5682-3318-5571-b74e-8c813b72c6b4,published,false,true,1,Answerable (exactly one correct option),Paediatric Sub-specialties
questions/da18338d-8319-4837-bc09-76839994cce1.json,da18338d-8319-4837-bc09-76839994cce1,published,true,true,1,Answerable (exactly one correct option),Adolescent Medicine
questions/da27a8d3-d2a1-50d7-bd1c-52949d1cf377.json,da27a8d3-d2a1-50d7-bd1c-52949d1cf377,published,false,true,1,Answerable (exactly one correct option),Community-based Paediatrics
questions/da3b24ca-0ef6-47d0-87be-439aabbfc4dc.json,da3b24ca-0ef6-47d0-87be-439aabbfc4dc,published,true,true,1,Answerable (exactly one correct option),General Paediatrics
questions/da497f02-3362-4dd8-a6aa-d28d6bf444cd.json,da497f02-3362-4dd8-a6aa-d28d6bf444cd,published,false,true,1,Answerable (exactly one correct option),Emergency Paediatrics
questions/da4e6a68-583e-4ce1-b097-6784bf7b5c58.json,da4e6a68-583e-4ce1-b097-6784bf7b5c58,published,false,true,1,Answerable (exactly one correct option),Paediatric Sub-specialties
questions/da6db225-a50f-5bdb-823e-b201063c0453.json,da6db225-a50f-5bdb-823e-b201063c0453,published,false,true,1,Answerable (exactly one correct option),Paediatric Surgery
questions/daf82ff8-62a6-46f6-85f4-e1d0d40c668f.json,daf82ff8-62a6-46f6-85f4-e1d0d40c668f,published,false,true,1,Answerable (exactly one correct option),Paediatric Sub-specialties
questions/db077613-0011-49b2-8667-a1088fd420e4.json,db077613-0011-49b2-8667-a1088fd420e4,published,false,true,1,Answerable (exactly one correct option),Community-based Paediatrics
questions/db084857-0e21-4be9-b7c5-b6555c10a7d6.json,db084857-0e21-4be9-b7c5-b6555c10a7d6,published,true,true,1,Answerable (exactly one correct option),Emergency Paediatrics
questions/db096c0c-169b-43f7-a26d-0441e77b6b48.json,db096c0c-169b-43f7-a26d-0441e77b6b48,published,false,true,1,Answerable (exactly one correct option),Unclassified
questions/db145960-f273-4f59-af4e-d853ecc52640.json,db145960-f273-4f59-af4e-d853ecc52640,published,true,true,1,Answerable (exactly one correct option),Paediatric Sub-specialties
questions/db150b49-ee82-5d21-8e54-aeb891d8d445.json,db150b49-ee82-5d21-8e54-aeb891d8d445,published,false,true,1,Answerable (exactly one correct option),Paediatric Surgery
questions/db1e5106-e965-51b1-99f5-1f85c5e627f4.json,db1e5106-e965-51b1-99f5-1f85c5e627f4,published,false,true,1,Answerable (exactly one correct option),Paediatric Surgery
questions/db239ab2-298b-47c8-9987-264c18d3a139.json,db239ab2-298b-47c8-9987-264c18d3a139,published,true,true,1,Answerable (exactly one correct option),Adolescent Medicine
questions/db57049f-8644-4992-8451-2757b93eedf9.json,db57049f-8644-4992-8451-2757b93eedf9,published,true,true,1,Answerable (exactly one correct option),Paediatric Sub-specialties
questions/db61ffdd-70ad-5b89-b9f3-975badf1f6d6.json,db61ffdd-70ad-5b89-b9f3-975badf1f6d6,published,false,true,1,Answerable (exactly one correct option),Paediatric Sub-specialties
questions/db718da0-4897-4228-93f8-49a2938a51bd.json,db718da0-4897-4228-93f8-49a2938a51bd,published,true,true,1,Answerable (exactly one correct option),Paediatric Sub-specialties
questions/db74a0fa-db38-55e0-99d1-7e4a40aaa9f6.json,db74a0fa-db38-55e0-99d1-7e4a40aaa9f6,published,false,true,1,Answerable (exactly one correct option),Paediatric Surgery
questions/dbb185aa-e8ba-4290-974a-8c422c9091fc.json,dbb185aa-e8ba-4290-974a-8c422c9091fc,published,false,true,1,Answerable (exactly one correct option),Paediatric Sub-specialties
questions/dbb6908d-e757-531d-a23e-7ee690615e96.json,dbb6908d-e757-531d-a23e-7ee690615e96,published,false,true,1,Answerable (exactly one correct option),Paediatric Sub-specialties
questions/dc12d5a9-9be8-48df-b4d2-0d2eed65f771.json,dc12d5a9-9be8-48df-b4d2-0d2eed65f771,published,false,true,1,Answerable (exactly one correct option),Paediatric Sub-specialties
questions/dc1b4a9d-2aef-4f59-8f8c-0f408ed7c492.json,dc1b4a9d-2aef-4f59-8f8c-0f408ed7c492,published,true,true,1,Answerable (exactly one correct option),Adolescent Medicine
questions/dc3fa306-5fb3-46f1-8b52-4ece68d22894.json,dc3fa306-5fb3-46f1-8b52-4ece68d22894,published,false,true,1,Answerable (exactly one correct option),Community-based Paediatrics
questions/dc401b1b-8c63-5070-a972-b21ac5183b99.json,dc401b1b-8c63-5070-a972-b21ac5183b99,published,false,true,1,Answerable (exactly one correct option),Paediatric Sub-specialties
questions/dc48d1ec-d569-5624-84de-008d31dc8504.json,dc48d1ec-d569-5624-84de-008d31dc8504,published,false,true,1,Answerable (exactly one correct option),General Paediatrics
questions/dca7a288-9c54-55d2-8890-8f1372bd9083.json,dca7a288-9c54-55d2-8890-8f1372bd9083,published,false,true,1,Answerable (exactly one correct option),Paediatric Sub-specialties
questions/dca883d5-0d40-5363-ba6a-2bfac327eebc.json,dca883d5-0d40-5363-ba6a-2bfac327eebc,published,false,true,1,Answerable (exactly one correct option),Paediatric Surgery
questions/dcab56c7-6250-4385-baa8-7f7f4b345240.json,dcab56c7-6250-4385-baa8-7f7f4b345240,published,false,true,1,Answerable (exactly one correct option),Paediatric Sub-specialties
questions/dcafc3a1-0129-4938-8090-b35a77f4778c.json,dcafc3a1-0129-4938-8090-b35a77f4778c,published,true,true,1,Answerable (exactly one correct option),Paediatric Surgery
questions/dcb3f7f6-debd-539e-b941-18ed68053249.json,dcb3f7f6-debd-539e-b941-18ed68053249,published,false,true,1,Answerable (exactly one correct option),Paediatric Surgery
questions/dcd3a700-67a5-4255-b8f7-1577fd641613.json,dcd3a700-67a5-4255-b8f7-1577fd641613,published,true,true,1,Answerable (exactly one correct option),Community-based Paediatrics
questions/dcfa71da-9da6-5c62-ad2f-fcb80cfe4908.json,dcfa71da-9da6-5c62-ad2f-fcb80cfe4908,published,false,true,1,Answerable (exactly one correct option),Paediatric Sub-specialties
questions/dd385943-65b3-4e43-b2ab-dbfd85e77b22.json,dd385943-65b3-4e43-b2ab-dbfd85e77b22,published,false,true,1,Answerable (exactly one correct option),Adolescent Medicine
questions/dd3aedc6-d1f7-559e-90a7-74967b83faf2.json,dd3aedc6-d1f7-559e-90a7-74967b83faf2,published,false,true,1,Answerable (exactly one correct option),Paediatric Sub-specialties
questions/dd3bdb01-e2b1-4613-92ca-8523c04cecbd.json,dd3bdb01-e2b1-4613-92ca-8523c04cecbd,published,true,true,1,Answerable (exactly one correct option),Paediatric Surgery
questions/dd6a7370-5378-4c92-8cee-045e9377675d.json,dd6a7370-5378-4c92-8cee-045e9377675d,published,true,true,1,Answerable (exactly one correct option),Paediatric Sub-specialties
questions/dd7a46e2-af83-4bd9-b041-cff15ddf7a0a.json,dd7a46e2-af83-4bd9-b041-cff15ddf7a0a,published,false,true,1,Answerable (exactly one correct option),Paediatric Sub-specialties
questions/dd7d5d95-2b93-572e-ac06-43c4ffd63c61.json,dd7d5d95-2b93-572e-ac06-43c4ffd63c61,published,false,true,1,Answerable (exactly one correct option),Paediatric Sub-specialties
questions/dd9d92a3-5938-4107-ac17-5857fb2a8f52.json,dd9d92a3-5938-4107-ac17-5857fb2a8f52,published,true,true,1,Answerable (exactly one correct option),Paediatric Sub-specialties
questions/dd9e0745-089d-41fa-a135-d1fe5189d848.json,dd9e0745-089d-41fa-a135-d1fe5189d848,published,true,true,1,Answerable (exactly one correct option),Adolescent Medicine
questions/dda620ee-0775-55db-9522-c57024916825.json,dda620ee-0775-55db-9522-c57024916825,published,false,true,1,Answerable (exactly one correct option),Paediatric Surgery
questions/ddc89b14-631b-413b-8c5a-cc4411d9a90f.json,ddc89b14-631b-413b-8c5a-cc4411d9a90f,published,true,true,1,Answerable (exactly one correct option),Paediatric Sub-specialties
questions/ddf06148-0bca-4853-b281-0234f7ad8c15.json,ddf06148-0bca-4853-b281-0234f7ad8c15,published,true,true,1,Answerable (exactly one correct option),Paediatric Sub-specialties
questions/ddf3735f-6c4a-43bb-9828-62c8f2b42465.json,ddf3735f-6c4a-43bb-9828-62c8f2b42465,published,true,true,1,Answerable (exactly one correct option),General Paediatrics
questions/de28687e-9261-5368-8e0c-0080d11fa615.json,de28687e-9261-5368-8e0c-0080d11fa615,published,false,true,1,Answerable (exactly one correct option),Community-based Paediatrics
questions/de357c76-02d1-4465-8d9a-8d3f4f68a61c.json,de357c76-02d1-4465-8d9a-8d3f4f68a61c,published,false,true,1,Answerable (exactly one correct option),Unclassified
questions/de6515a5-20c6-4008-bb71-a0e1a4811b0c.json,de6515a5-20c6-4008-bb71-a0e1a4811b0c,published,false,true,1,Answerable (exactly one correct option),Paediatric Sub-specialties
questions/de70533e-d474-4a54-9478-b0e4a3946148.json,de70533e-d474-4a54-9478-b0e4a3946148,published,true,true,1,Answerable (exactly one correct option),Paediatric Sub-specialties
questions/de8b0a79-43d7-4e3e-acc3-7952cc222192.json,de8b0a79-43d7-4e3e-acc3-7952cc222192,published,true,true,1,Answerable (exactly one correct option),Paediatric Sub-specialties
questions/de90f7d1-d333-45a4-ac0b-02dc1ad2dd4e.json,de90f7d1-d333-45a4-ac0b-02dc1ad2dd4e,published,true,true,1,Answerable (exactly one correct option),Paediatric Sub-specialties
questions/de96ac4c-2d9a-59ac-b8d2-e44255c94bc2.json,de96ac4c-2d9a-59ac-b8d2-e44255c94bc2,published,false,true,1,Answerable (exactly one correct option),Emergency Paediatrics
questions/deaf3971-7549-49ec-82c4-745d240fdaca.json,deaf3971-7549-49ec-82c4-745d240fdaca,published,true,true,1,Answerable (exactly one correct option),General Paediatrics
questions/dec29311-b19f-56da-a581-62847e207a4a.json,dec29311-b19f-56da-a581-62847e207a4a,published,false,true,1,Answerable (exactly one correct option),General Paediatrics
questions/def195bd-f181-53b8-9e21-3e7ee8b7414a.json,def195bd-f181-53b8-9e21-3e7ee8b7414a,published,false,true,1,Answerable (exactly one correct option),Paediatric Sub-specialties
questions/df152df1-5c6f-5c6e-a08a-671db8aa3b22.json,df152df1-5c6f-5c6e-a08a-671db8aa3b22,published,false,true,1,Answerable (exactly one correct option),Paediatric Sub-specialties
questions/df18a3dc-a463-4dd4-be26-ce7857ec3626.json,df18a3dc-a463-4dd4-be26-ce7857ec3626,published,true,true,1,Answerable (exactly one correct option),Paediatric Sub-specialties
questions/df2dea72-d4a0-49bd-a66d-76f99ed19273.json,df2dea72-d4a0-49bd-a66d-76f99ed19273,published,true,true,1,Answerable (exactly one correct option),General Paediatrics
questions/df36257b-1f44-407d-ae65-c9e304abbae4.json,df36257b-1f44-407d-ae65-c9e304abbae4,published,true,true,1,Answerable (exactly one correct option),Paediatric Sub-specialties
questions/df544b9b-4c35-437a-833c-281706e1a8a8.json,df544b9b-4c35-437a-833c-281706e1a8a8,published,false,true,1,Answerable (exactly one correct option),Adolescent Medicine
questions/df7b8ca6-02d7-472c-95bb-23162444d6bf.json,df7b8ca6-02d7-472c-95bb-23162444d6bf,published,true,true,1,Answerable (exactly one correct option),Paediatric Sub-specialties
questions/df858f77-bf45-4f2c-9e89-459a72fd5c8c.json,df858f77-bf45-4f2c-9e89-459a72fd5c8c,published,true,true,1,Answerable (exactly one correct option),Emergency Paediatrics
questions/df8c75a4-19c1-5d12-8f8d-df9b1a722bc4.json,df8c75a4-19c1-5d12-8f8d-df9b1a722bc4,published,false,true,1,Answerable (exactly one correct option),Emergency Paediatrics
questions/df957774-4c85-4a8b-b138-d0ec014d5428.json,df957774-4c85-4a8b-b138-d0ec014d5428,published,true,true,1,Answerable (exactly one correct option),Emergency Paediatrics
questions/dfdc9c78-18db-4c5f-a357-57be5e3eb8fc.json,dfdc9c78-18db-4c5f-a357-57be5e3eb8fc,published,false,true,1,Answerable (exactly one correct option),Paediatric Sub-specialties
questions/dfe9dac4-b0b8-4c1e-ad5f-2a15bd9b180c.json,dfe9dac4-b0b8-4c1e-ad5f-2a15bd9b180c,published,true,true,1,Answerable (exactly one correct option),Paediatric Sub-specialties
questions/dffdcf8a-4668-4eaf-b7aa-dfc2a9bc0bbc.json,dffdcf8a-4668-4eaf-b7aa-dfc2a9bc0bbc,published,true,true,1,Answerable (exactly one correct option),Paediatric Surgery
questions/e009c1c0-8fd2-4300-92ad-6af5b62f19d5.json,e009c1c0-8fd2-4300-92ad-6af5b62f19d5,published,true,true,1,Answerable (exactly one correct option),Paediatric Surgery
questions/e01e1bea-8a83-5c9d-b023-2d59668ddd3f.json,e01e1bea-8a83-5c9d-b023-2d59668ddd3f,published,false,true,1,Answerable (exactly one correct option),Paediatric Surgery
questions/e02355f9-f07d-4cbc-a666-f171c1c8fe50.json,e02355f9-f07d-4cbc-a666-f171c1c8fe50,published,true,true,1,Answerable (exactly one correct option),Adolescent Medicine
questions/e03256c0-7771-5edd-84fa-631e47806f6e.json,e03256c0-7771-5edd-84fa-631e47806f6e,published,false,true,1,Answerable (exactly one correct option),Paediatric Sub-specialties
questions/e036de1b-8058-421f-b4af-d459a8dfb2e1.json,e036de1b-8058-421f-b4af-d459a8dfb2e1,published,false,true,1,Answerable (exactly one correct option),Paediatric Sub-specialties
questions/e040307e-82a8-4d2e-be69-935a1c4510b3.json,e040307e-82a8-4d2e-be69-935a1c4510b3,published,false,true,1,Answerable (exactly one correct option),Paediatric Sub-specialties
questions/e0521bc5-3030-5057-a4cb-3fc0534f6951.json,e0521bc5-3030-5057-a4cb-3fc0534f6951,published,false,true,1,Answerable (exactly one correct option),Paediatric Surgery
questions/e0811d57-00a4-4092-8153-cc9136f8913e.json,e0811d57-00a4-4092-8153-cc9136f8913e,published,false,true,1,Answerable (exactly one correct option),Adolescent Medicine
questions/e0a105b7-49c1-4593-9abe-b51f73faa3d4.json,e0a105b7-49c1-4593-9abe-b51f73faa3d4,published,true,true,1,Answerable (exactly one correct option),Paediatric Sub-specialties
questions/e0a1623a-9229-5797-971f-c34a76c2ace9.json,e0a1623a-9229-5797-971f-c34a76c2ace9,published,false,true,1,Answerable (exactly one correct option),Paediatric Sub-specialties
questions/e0d53644-78bd-4482-b899-2107bf7c08aa.json,e0d53644-78bd-4482-b899-2107bf7c08aa,published,true,true,1,Answerable (exactly one correct option),Emergency Paediatrics
questions/e0e4b7c6-bc1a-4172-a0ca-de5f6a29bb70.json,e0e4b7c6-bc1a-4172-a0ca-de5f6a29bb70,published,false,true,1,Answerable (exactly one correct option),General Paediatrics
questions/e11fdc50-06e4-4a24-9019-ebe7e85b83b8.json,e11fdc50-06e4-4a24-9019-ebe7e85b83b8,published,true,true,1,Answerable (exactly one correct option),Paediatric Surgery
questions/e14db95e-0d3d-4644-b4c2-a202636bcb75.json,e14db95e-0d3d-4644-b4c2-a202636bcb75,published,true,true,1,Answerable (exactly one correct option),Paediatric Sub-specialties
questions/e16f9969-ff40-4556-af10-34eb2db0ebb2.json,e16f9969-ff40-4556-af10-34eb2db0ebb2,published,false,true,1,Answerable (exactly one correct option),Unclassified
questions/e18ff15e-99e5-5a5f-bbd2-8b1fca8d92b5.json,e18ff15e-99e5-5a5f-bbd2-8b1fca8d92b5,published,false,true,1,Answerable (exactly one correct option),General Paediatrics
questions/e190c754-9754-551d-9a1e-a02858aaae0a.json,e190c754-9754-551d-9a1e-a02858aaae0a,published,false,true,1,Answerable (exactly one correct option),Paediatric Sub-specialties
questions/e1af0037-4b38-4452-89a9-08bf894ad403.json,e1af0037-4b38-4452-89a9-08bf894ad403,published,true,true,1,Answerable (exactly one correct option),Paediatric Sub-specialties
questions/e1d5cb96-0063-4809-a247-50bd240a7f05.json,e1d5cb96-0063-4809-a247-50bd240a7f05,published,true,true,1,Answerable (exactly one correct option),General Paediatrics
questions/e1e48fd2-38c1-4ab1-9f78-9f4a417e8bd9.json,e1e48fd2-38c1-4ab1-9f78-9f4a417e8bd9,published,true,true,1,Answerable (exactly one correct option),Paediatric Sub-specialties
questions/e1ee0085-58c3-49e0-8225-5a2ceec86fd6.json,e1ee0085-58c3-49e0-8225-5a2ceec86fd6,published,false,true,1,Answerable (exactly one correct option),Paediatric Surgery
questions/e207a082-30c7-4f01-abda-701cf8b803ad.json,e207a082-30c7-4f01-abda-701cf8b803ad,published,true,true,1,Answerable (exactly one correct option),Paediatric Sub-specialties
questions/e210a354-7d4b-4aee-bb39-df3a80038fbf.json,e210a354-7d4b-4aee-bb39-df3a80038fbf,published,true,true,1,Answerable (exactly one correct option),Paediatric Sub-specialties
questions/e24a2afb-bd4d-43ea-bdf4-e6ce0cec0c85.json,e24a2afb-bd4d-43ea-bdf4-e6ce0cec0c85,published,true,true,1,Answerable (exactly one correct option),Paediatric Surgery
questions/e25864ee-0861-4459-8c0b-44c994378f88.json,e25864ee-0861-4459-8c0b-44c994378f88,published,false,true,1,Answerable (exactly one correct option),Paediatric Sub-specialties
questions/e25c3924-6b33-401d-b0f9-10eaab91a8fa.json,e25c3924-6b33-401d-b0f9-10eaab91a8fa,published,true,true,1,Answerable (exactly one correct option),Paediatric Sub-specialties
questions/e298090a-003b-4186-af06-00a56f93c0a0.json,e298090a-003b-4186-af06-00a56f93c0a0,published,true,true,1,Answerable (exactly one correct option),Paediatric Sub-specialties
questions/e2be9ecd-1dfa-50a0-abeb-3115af56c604.json,e2be9ecd-1dfa-50a0-abeb-3115af56c604,published,false,true,1,Answerable (exactly one correct option),Emergency Paediatrics
questions/e2df1d7f-68ad-5144-bbac-d92c98d7c430.json,e2df1d7f-68ad-5144-bbac-d92c98d7c430,published,false,true,1,Answerable (exactly one correct option),Paediatric Sub-specialties
questions/e3033e50-ac00-5ea8-a0cc-4d007fd30f14.json,e3033e50-ac00-5ea8-a0cc-4d007fd30f14,published,false,true,1,Answerable (exactly one correct option),Paediatric Sub-specialties
questions/e32742f9-09d2-401f-8725-b7ad4df7325f.json,e32742f9-09d2-401f-8725-b7ad4df7325f,published,true,true,1,Answerable (exactly one correct option),Emergency Paediatrics
questions/e334fc30-d9fe-4621-ac02-14782ea9a6b3.json,e334fc30-d9fe-4621-ac02-14782ea9a6b3,published,false,true,1,Answerable (exactly one correct option),General Paediatrics
questions/e3622cd0-b9be-4592-93f6-34d837e50526.json,e3622cd0-b9be-4592-93f6-34d837e50526,published,true,true,1,Answerable (exactly one correct option),Community-based Paediatrics
questions/e37bf97f-cb75-5ea7-a5c2-d99d25b70c76.json,e37bf97f-cb75-5ea7-a5c2-d99d25b70c76,published,false,true,1,Answerable (exactly one correct option),General Paediatrics
questions/e3ac3715-45ec-4f58-a6ac-b1026db663bd.json,e3ac3715-45ec-4f58-a6ac-b1026db663bd,published,false,true,1,Answerable (exactly one correct option),Paediatric Sub-specialties
questions/e3ccfbf3-00d3-5c95-b2bc-53a8df15948d.json,e3ccfbf3-00d3-5c95-b2bc-53a8df15948d,published,false,true,1,Answerable (exactly one correct option),Paediatric Surgery
questions/e3f418fc-b49f-41a7-b2d6-43e4f5c69cba.json,e3f418fc-b49f-41a7-b2d6-43e4f5c69cba,published,true,true,1,Answerable (exactly one correct option),Paediatric Sub-specialties
questions/e4075fa0-e8ee-4f35-b4b4-ba17fad09fee.json,e4075fa0-e8ee-4f35-b4b4-ba17fad09fee,published,true,true,1,Answerable (exactly one correct option),Community-based Paediatrics
questions/e42fa1ed-f011-453d-b9bd-6e47a7493692.json,e42fa1ed-f011-453d-b9bd-6e47a7493692,published,true,true,1,Answerable (exactly one correct option),Emergency Paediatrics
questions/e44bd245-c389-4d3c-ae02-ff57805bae1d.json,e44bd245-c389-4d3c-ae02-ff57805bae1d,published,true,true,1,Answerable (exactly one correct option),Paediatric Sub-specialties
questions/e4698716-c411-4f37-9e80-31b6274f66a3.json,e4698716-c411-4f37-9e80-31b6274f66a3,published,true,true,1,Answerable (exactly one correct option),Paediatric Sub-specialties
questions/e49ef4dc-f58e-5254-8e62-77afd6fd5cc1.json,e49ef4dc-f58e-5254-8e62-77afd6fd5cc1,published,false,true,1,Answerable (exactly one correct option),Paediatric Sub-specialties
questions/e4a65163-d716-5b2e-9717-29f6b93a854e.json,e4a65163-d716-5b2e-9717-29f6b93a854e,published,false,true,1,Answerable (exactly one correct option),Paediatric Sub-specialties
questions/e4b09219-9c22-4cb4-adca-ce413ef7c9ed.json,e4b09219-9c22-4cb4-adca-ce413ef7c9ed,published,true,true,1,Answerable (exactly one correct option),General Paediatrics
questions/e4b8aee1-2efb-5578-8e9a-ff303334523a.json,e4b8aee1-2efb-5578-8e9a-ff303334523a,published,false,true,1,Answerable (exactly one correct option),Paediatric Surgery
questions/e4f3b10e-ac84-4cc8-9274-ad7399b4b5c4.json,e4f3b10e-ac84-4cc8-9274-ad7399b4b5c4,published,false,true,1,Answerable (exactly one correct option),Community-based Paediatrics
questions/e50d1726-c8d7-4ebe-8f32-1b02aea2101b.json,e50d1726-c8d7-4ebe-8f32-1b02aea2101b,published,true,true,1,Answerable (exactly one correct option),General Paediatrics
questions/e50e5888-1a2a-57f6-9e9b-f42b0c05c957.json,e50e5888-1a2a-57f6-9e9b-f42b0c05c957,published,false,true,1,Answerable (exactly one correct option),Emergency Paediatrics
questions/e520392d-961a-492f-8aa3-2361f9decf6a.json,e520392d-961a-492f-8aa3-2361f9decf6a,published,false,true,1,Answerable (exactly one correct option),Paediatric Sub-specialties
questions/e53bcf40-5718-4ced-b31b-ee301d88e00e.json,e53bcf40-5718-4ced-b31b-ee301d88e00e,published,true,true,1,Answerable (exactly one correct option),Paediatric Surgery
questions/e53e9202-e1c8-4824-819d-8501798611ee.json,e53e9202-e1c8-4824-819d-8501798611ee,published,false,true,1,Answerable (exactly one correct option),Emergency Paediatrics
questions/e558f1e1-1099-4396-8bbb-0ac0b4e37c31.json,e558f1e1-1099-4396-8bbb-0ac0b4e37c31,published,false,true,1,Answerable (exactly one correct option),Paediatric Sub-specialties
questions/e5b03ee1-d114-502c-9027-f3728dc42025.json,e5b03ee1-d114-502c-9027-f3728dc42025,published,false,true,1,Answerable (exactly one correct option),General Paediatrics
questions/e5b308f3-5471-4d50-8cb4-b3d894e5a874.json,e5b308f3-5471-4d50-8cb4-b3d894e5a874,published,true,true,1,Answerable (exactly one correct option),Community-based Paediatrics
questions/e5e56fd8-5002-4c7d-b8a9-d1cb34612a71.json,e5e56fd8-5002-4c7d-b8a9-d1cb34612a71,published,true,true,1,Answerable (exactly one correct option),Community-based Paediatrics
questions/e60f1ced-4fa6-4173-945b-62b13605344b.json,e60f1ced-4fa6-4173-945b-62b13605344b,published,false,true,1,Answerable (exactly one correct option),Paediatric Sub-specialties
questions/e65127c9-ac93-4b27-a771-45b73bb528fe.json,e65127c9-ac93-4b27-a771-45b73bb528fe,published,false,true,1,Answerable (exactly one correct option),General Paediatrics
questions/e66afff6-c26b-4498-9af2-c2299b21fad3.json,e66afff6-c26b-4498-9af2-c2299b21fad3,published,false,true,1,Answerable (exactly one correct option),Unclassified
questions/e678d6a7-35aa-49e4-b1dc-10b21da6fb6d.json,e678d6a7-35aa-49e4-b1dc-10b21da6fb6d,published,false,true,1,Answerable (exactly one correct option),Unclassified
questions/e6845141-7deb-4eea-a0c8-d66c3ee19632.json,e6845141-7deb-4eea-a0c8-d66c3ee19632,published,false,true,1,Answerable (exactly one correct option),Paediatric Sub-specialties
questions/e7022aa6-4296-52f3-9c95-906e9a987fe5.json,e7022aa6-4296-52f3-9c95-906e9a987fe5,published,false,true,1,Answerable (exactly one correct option),Paediatric Sub-specialties
questions/e73c56fc-5611-510e-9819-bcf516a8b570.json,e73c56fc-5611-510e-9819-bcf516a8b570,published,false,true,1,Answerable (exactly one correct option),Paediatric Sub-specialties
questions/e7540d79-07db-472b-865c-1d617f3eab8c.json,e7540d79-07db-472b-865c-1d617f3eab8c,published,false,true,1,Answerable (exactly one correct option),Unclassified
questions/e764b446-270d-4fa9-a87a-c5fff985f4a6.json,e764b446-270d-4fa9-a87a-c5fff985f4a6,published,true,true,1,Answerable (exactly one correct option),Community-based Paediatrics
questions/e7666fae-c720-48aa-99cd-6f6991206c98.json,e7666fae-c720-48aa-99cd-6f6991206c98,published,true,true,1,Answerable (exactly one correct option),Paediatric Sub-specialties
questions/e76c4d80-c23f-4185-8965-914a68ebed9a.json,e76c4d80-c23f-4185-8965-914a68ebed9a,published,false,true,1,Answerable (exactly one correct option),Unclassified
questions/e76d0e65-e90b-53e1-b8e0-5924b7bedbe5.json,e76d0e65-e90b-53e1-b8e0-5924b7bedbe5,published,false,true,1,Answerable (exactly one correct option),General Paediatrics
questions/e78c0485-282a-42d2-934a-cf49cff9c0ec.json,e78c0485-282a-42d2-934a-cf49cff9c0ec,published,false,true,1,Answerable (exactly one correct option),Unclassified
questions/e7962b0a-0fe5-5279-a646-8c6cb7056011.json,e7962b0a-0fe5-5279-a646-8c6cb7056011,published,false,true,1,Answerable (exactly one correct option),Adolescent Medicine
questions/e7ca9e79-67f0-4672-95dd-2de6c4f0e754.json,e7ca9e79-67f0-4672-95dd-2de6c4f0e754,published,true,true,1,Answerable (exactly one correct option),Emergency Paediatrics
questions/e7cf705b-dceb-448e-8013-bf59b2997986.json,e7cf705b-dceb-448e-8013-bf59b2997986,published,true,true,1,Answerable (exactly one correct option),Adolescent Medicine
questions/e7dacaed-65ee-4519-908e-2ec5965e4590.json,e7dacaed-65ee-4519-908e-2ec5965e4590,published,true,true,1,Answerable (exactly one correct option),Community-based Paediatrics
questions/e7f70ff6-2d9f-4308-9b53-a21a809ffb11.json,e7f70ff6-2d9f-4308-9b53-a21a809ffb11,published,true,true,1,Answerable (exactly one correct option),General Paediatrics
questions/e7fe9d4d-3730-484f-82ea-db49ad475a25.json,e7fe9d4d-3730-484f-82ea-db49ad475a25,published,false,true,1,Answerable (exactly one correct option),Paediatric Sub-specialties
questions/e80d56f0-0d1c-47c5-9ae6-556ccf51d310.json,e80d56f0-0d1c-47c5-9ae6-556ccf51d310,published,true,true,1,Answerable (exactly one correct option),Paediatric Surgery
questions/e80ee107-1c67-491e-8451-1089e110ce2e.json,e80ee107-1c67-491e-8451-1089e110ce2e,published,false,true,1,Answerable (exactly one correct option),Unclassified
questions/e81b073a-b9a7-4fa3-a299-d36115e4b8d7.json,e81b073a-b9a7-4fa3-a299-d36115e4b8d7,published,false,true,1,Answerable (exactly one correct option),Unclassified
questions/e81ccfa3-c549-41e8-a673-695cf28ea78f.json,e81ccfa3-c549-41e8-a673-695cf28ea78f,published,false,true,1,Answerable (exactly one correct option),Paediatric Surgery
questions/e8476460-c914-4188-b27c-00a8482ea4c6.json,e8476460-c914-4188-b27c-00a8482ea4c6,published,true,true,1,Answerable (exactly one correct option),Emergency Paediatrics
questions/e84f4af8-6737-44de-b664-38bae9103a83.json,e84f4af8-6737-44de-b664-38bae9103a83,published,true,true,1,Answerable (exactly one correct option),Paediatric Surgery
questions/e88254fc-a242-4ca5-acd2-99c936b3d03c.json,e88254fc-a242-4ca5-acd2-99c936b3d03c,published,true,true,1,Answerable (exactly one correct option),Paediatric Sub-specialties
questions/e8951788-2673-41b5-ab46-cf88e86af938.json,e8951788-2673-41b5-ab46-cf88e86af938,published,true,true,1,Answerable (exactly one correct option),General Paediatrics
questions/e89865dd-9766-43c4-bec4-32577ef710aa.json,e89865dd-9766-43c4-bec4-32577ef710aa,published,true,true,1,Answerable (exactly one correct option),Paediatric Sub-specialties
questions/e8a425f0-840d-458d-a03f-d17c1f671c85.json,e8a425f0-840d-458d-a03f-d17c1f671c85,published,false,true,1,Answerable (exactly one correct option),General Paediatrics
questions/e8b01df5-9693-4aed-8ecd-4f18c63fd00b.json,e8b01df5-9693-4aed-8ecd-4f18c63fd00b,published,true,true,1,Answerable (exactly one correct option),Paediatric Sub-specialties
questions/e8cd3003-b4e0-4116-adb7-b86c8fc0a064.json,e8cd3003-b4e0-4116-adb7-b86c8fc0a064,published,false,true,1,Answerable (exactly one correct option),Unclassified
questions/e8d89429-263e-464d-bf82-fc0d4fc4ac02.json,e8d89429-263e-464d-bf82-fc0d4fc4ac02,published,true,true,1,Answerable (exactly one correct option),Paediatric Surgery
questions/e8e45d0e-3034-5a6c-a96d-d962ff52d993.json,e8e45d0e-3034-5a6c-a96d-d962ff52d993,published,false,true,1,Answerable (exactly one correct option),Paediatric Surgery
questions/e8e7315a-914b-4920-b1ab-a16fbf2a9551.json,e8e7315a-914b-4920-b1ab-a16fbf2a9551,published,false,true,1,Answerable (exactly one correct option),Paediatric Sub-specialties
questions/e8eb6911-c30f-4898-93ac-fbab10ef2f33.json,e8eb6911-c30f-4898-93ac-fbab10ef2f33,published,false,true,1,Answerable (exactly one correct option),Paediatric Surgery
questions/e911291c-c4c3-47d9-bceb-2b0bef0aea95.json,e911291c-c4c3-47d9-bceb-2b0bef0aea95,published,true,true,1,Answerable (exactly one correct option),Paediatric Sub-specialties
questions/e9130c04-d795-55df-bbc3-c41d259b6740.json,e9130c04-d795-55df-bbc3-c41d259b6740,published,false,true,1,Answerable (exactly one correct option),Paediatric Surgery
questions/e91b08e9-35cc-5065-8d9c-8fc0e03676b4.json,e91b08e9-35cc-5065-8d9c-8fc0e03676b4,published,false,true,1,Answerable (exactly one correct option),Paediatric Surgery
questions/e91f4cdd-859c-4fa1-ad7e-66b10075fccf.json,e91f4cdd-859c-4fa1-ad7e-66b10075fccf,published,false,true,1,Answerable (exactly one correct option),Emergency Paediatrics
questions/e954b0db-048d-4371-a0ce-ee07a0174977.json,e954b0db-048d-4371-a0ce-ee07a0174977,published,true,true,1,Answerable (exactly one correct option),Community-based Paediatrics
questions/e982a6cb-fae1-474a-8d75-4820b56de7a9.json,e982a6cb-fae1-474a-8d75-4820b56de7a9,published,true,true,1,Answerable (exactly one correct option),Paediatric Sub-specialties
questions/e9e27ac7-3947-493b-8137-de51053ee2f7.json,e9e27ac7-3947-493b-8137-de51053ee2f7,published,false,true,1,Answerable (exactly one correct option),Community-based Paediatrics
questions/e9e377ba-c2a9-5284-b092-702168009122.json,e9e377ba-c2a9-5284-b092-702168009122,published,false,true,1,Answerable (exactly one correct option),Paediatric Surgery
questions/e9fede39-4c4a-4f8d-90f8-7da525f1a9b4.json,e9fede39-4c4a-4f8d-90f8-7da525f1a9b4,published,false,true,1,Answerable (exactly one correct option),Unclassified
questions/ea2826f9-272a-5df3-9cf8-25e0203697a3.json,ea2826f9-272a-5df3-9cf8-25e0203697a3,published,false,true,1,Answerable (exactly one correct option),Paediatric Sub-specialties
questions/ea29f9db-eada-4b1f-b76e-ff6a3cf34bef.json,ea29f9db-eada-4b1f-b76e-ff6a3cf34bef,published,true,true,1,Answerable (exactly one correct option),Paediatric Surgery
questions/ea32e995-1628-44a7-9cae-7b1eb96ea2e5.json,ea32e995-1628-44a7-9cae-7b1eb96ea2e5,published,true,true,1,Answerable (exactly one correct option),Paediatric Sub-specialties
questions/ea48dde1-9f11-46e7-8a37-1fcf1211a6cf.json,ea48dde1-9f11-46e7-8a37-1fcf1211a6cf,published,true,true,1,Answerable (exactly one correct option),Paediatric Sub-specialties
questions/ea4b0716-c389-456a-a949-bdd0c15ddfd1.json,ea4b0716-c389-456a-a949-bdd0c15ddfd1,published,false,true,1,Answerable (exactly one correct option),Paediatric Sub-specialties
questions/ea508565-eb6a-5cad-bc57-c1e872d7a6cd.json,ea508565-eb6a-5cad-bc57-c1e872d7a6cd,published,false,true,1,Answerable (exactly one correct option),General Paediatrics
questions/ea59fd9f-fc34-4164-9ead-6a234d4fd7f0.json,ea59fd9f-fc34-4164-9ead-6a234d4fd7f0,published,true,true,1,Answerable (exactly one correct option),Paediatric Surgery
questions/ea6fd8ba-85dd-43f7-8a6e-4011aee8eb66.json,ea6fd8ba-85dd-43f7-8a6e-4011aee8eb66,published,false,true,1,Answerable (exactly one correct option),Paediatric Sub-specialties
questions/ea9a5c7a-1fc2-414b-8286-8356cda348d3.json,ea9a5c7a-1fc2-414b-8286-8356cda348d3,published,false,true,1,Answerable (exactly one correct option),Paediatric Surgery
questions/eaa3a140-6bb7-5b1f-ba7d-987cc834ace5.json,eaa3a140-6bb7-5b1f-ba7d-987cc834ace5,published,false,true,1,Answerable (exactly one correct option),Emergency Paediatrics
questions/eaadd329-c1bc-5ea9-b66f-d82522412ebc.json,eaadd329-c1bc-5ea9-b66f-d82522412ebc,published,false,true,1,Answerable (exactly one correct option),Paediatric Sub-specialties
questions/eaddd111-8d44-4ffb-8542-06c6416085c5.json,eaddd111-8d44-4ffb-8542-06c6416085c5,published,false,true,1,Answerable (exactly one correct option),General Paediatrics
questions/eaf68d1d-dd91-5c74-bcd3-098ef90e06c1.json,eaf68d1d-dd91-5c74-bcd3-098ef90e06c1,published,false,true,1,Answerable (exactly one correct option),General Paediatrics
questions/eb4ba59c-e8b4-505c-8875-0890647bc311.json,eb4ba59c-e8b4-505c-8875-0890647bc311,published,false,true,1,Answerable (exactly one correct option),Paediatric Surgery
questions/eba77800-fcb6-4f87-a64b-e2cd2267e308.json,eba77800-fcb6-4f87-a64b-e2cd2267e308,published,false,true,1,Answerable (exactly one correct option),Paediatric Sub-specialties
questions/ebab23a4-35a9-5df7-9ba8-f9795a72ecdb.json,ebab23a4-35a9-5df7-9ba8-f9795a72ecdb,published,false,true,1,Answerable (exactly one correct option),Emergency Paediatrics
questions/ebc2d815-a4c0-4755-ba77-1559e380975f.json,ebc2d815-a4c0-4755-ba77-1559e380975f,published,true,true,1,Answerable (exactly one correct option),Paediatric Surgery
questions/ebd4e98f-4c49-43f1-a6ae-d597d25ce097.json,ebd4e98f-4c49-43f1-a6ae-d597d25ce097,published,true,true,1,Answerable (exactly one correct option),Paediatric Sub-specialties
questions/ebdd0888-d45b-5226-98d0-89c98d7d9009.json,ebdd0888-d45b-5226-98d0-89c98d7d9009,published,false,true,1,Answerable (exactly one correct option),Paediatric Sub-specialties
questions/ebe7b1d2-f8f2-4b6c-b4ef-8876154ee905.json,ebe7b1d2-f8f2-4b6c-b4ef-8876154ee905,published,true,true,1,Answerable (exactly one correct option),Paediatric Surgery
questions/ec008f80-828b-4997-b4d7-f26734ff3c7d.json,ec008f80-828b-4997-b4d7-f26734ff3c7d,published,true,true,1,Answerable (exactly one correct option),Community-based Paediatrics
questions/ec4e9fb6-bfe4-4dac-8d0a-a9b10ef77ced.json,ec4e9fb6-bfe4-4dac-8d0a-a9b10ef77ced,published,true,true,1,Answerable (exactly one correct option),Paediatric Sub-specialties
questions/ec65be3e-9e2f-4bfe-b1ce-42d72dbdc0f0.json,ec65be3e-9e2f-4bfe-b1ce-42d72dbdc0f0,published,true,true,1,Answerable (exactly one correct option),Emergency Paediatrics
questions/ec7d8ec3-5888-5ddb-a8f0-eef660c56e98.json,ec7d8ec3-5888-5ddb-a8f0-eef660c56e98,published,false,true,1,Answerable (exactly one correct option),Paediatric Sub-specialties
questions/ec8f66ff-1dcb-5a76-81de-b1e5af3da174.json,ec8f66ff-1dcb-5a76-81de-b1e5af3da174,published,false,true,1,Answerable (exactly one correct option),Paediatric Surgery
questions/eca52b2c-f259-5e4b-b421-04b68ffe6d8d.json,eca52b2c-f259-5e4b-b421-04b68ffe6d8d,published,false,true,1,Answerable (exactly one correct option),Paediatric Sub-specialties
questions/eca92c56-4b24-4e55-bfd2-400cc6fb1a27.json,eca92c56-4b24-4e55-bfd2-400cc6fb1a27,published,false,false,0,No option has isCorrect=true,Unclassified
questions/ecb8b696-2c04-4303-9b01-6d88c1ec9f34.json,ecb8b696-2c04-4303-9b01-6d88c1ec9f34,published,false,true,1,Answerable (exactly one correct option),General Paediatrics
questions/ecc2ecde-1250-5166-b840-45d82e987273.json,ecc2ecde-1250-5166-b840-45d82e987273,published,false,true,1,Answerable (exactly one correct option),Paediatric Sub-specialties
questions/ecc61e50-9969-4a22-a84e-f0cdd3cf964d.json,ecc61e50-9969-4a22-a84e-f0cdd3cf964d,published,true,true,1,Answerable (exactly one correct option),Emergency Paediatrics
questions/ecc90252-5860-4092-b444-0f310c66ffee.json,ecc90252-5860-4092-b444-0f310c66ffee,published,false,true,1,Answerable (exactly one correct option),Paediatric Sub-specialties
questions/ed32d291-1301-51a2-ab28-d51a0a209958.json,ed32d291-1301-51a2-ab28-d51a0a209958,published,false,true,1,Answerable (exactly one correct option),Emergency Paediatrics
questions/ed4ca61a-cf67-4192-99c2-419bcf32a772.json,ed4ca61a-cf67-4192-99c2-419bcf32a772,published,true,true,1,Answerable (exactly one correct option),General Paediatrics
questions/ed554a64-5c18-49e2-8b19-ec46525cb66b.json,ed554a64-5c18-49e2-8b19-ec46525cb66b,published,true,true,1,Answerable (exactly one correct option),Paediatric Sub-specialties
questions/ed572cc2-5b1f-43d4-8a7b-413b676d4d8a.json,ed572cc2-5b1f-43d4-8a7b-413b676d4d8a,published,false,true,1,Answerable (exactly one correct option),Emergency Paediatrics
questions/ed66420c-b1b4-4496-857b-2ffe4a5d2611.json,ed66420c-b1b4-4496-857b-2ffe4a5d2611,published,true,true,1,Answerable (exactly one correct option),Adolescent Medicine
questions/ed6fe82d-7e30-41d0-a600-027a5997efa6.json,ed6fe82d-7e30-41d0-a600-027a5997efa6,published,true,true,1,Answerable (exactly one correct option),Paediatric Sub-specialties
questions/eda10d72-18a4-5c24-9b11-2edc8f3f3a52.json,eda10d72-18a4-5c24-9b11-2edc8f3f3a52,published,false,true,1,Answerable (exactly one correct option),Paediatric Surgery
questions/edcfb6de-e43b-416a-9df9-f9ba86bc1108.json,edcfb6de-e43b-416a-9df9-f9ba86bc1108,published,true,true,1,Answerable (exactly one correct option),Paediatric Sub-specialties
questions/ee199ce1-76a8-5db2-a999-c990e4097943.json,ee199ce1-76a8-5db2-a999-c990e4097943,published,false,true,1,Answerable (exactly one correct option),Paediatric Sub-specialties
questions/ee2bbab1-7914-4b42-8d52-8b005c68950b.json,ee2bbab1-7914-4b42-8d52-8b005c68950b,published,false,true,1,Answerable (exactly one correct option),General Paediatrics
questions/ee35ffb4-8e03-4fd6-b3d5-7568a4a66195.json,ee35ffb4-8e03-4fd6-b3d5-7568a4a66195,published,false,true,1,Answerable (exactly one correct option),General Paediatrics
questions/ee5526fe-62ab-433a-8bae-29100266b968.json,ee5526fe-62ab-433a-8bae-29100266b968,published,true,true,1,Answerable (exactly one correct option),Adolescent Medicine
questions/ee5d6c64-3aa8-4855-a927-41d7c1ec92cc.json,ee5d6c64-3aa8-4855-a927-41d7c1ec92cc,published,false,true,1,Answerable (exactly one correct option),Adolescent Medicine
questions/ee7a3367-1ca5-5233-8654-473d270d1110.json,ee7a3367-1ca5-5233-8654-473d270d1110,published,false,true,1,Answerable (exactly one correct option),Paediatric Surgery
questions/ee885b96-ab7d-4210-aaa7-6cf46601d880.json,ee885b96-ab7d-4210-aaa7-6cf46601d880,published,true,true,1,Answerable (exactly one correct option),Emergency Paediatrics
questions/ee99ad3d-d12e-4bd1-9ba1-4eb903b175ea.json,ee99ad3d-d12e-4bd1-9ba1-4eb903b175ea,published,true,true,1,Answerable (exactly one correct option),Paediatric Sub-specialties
questions/ee9f9560-8906-4b13-85f0-1e6c6fbae81a.json,ee9f9560-8906-4b13-85f0-1e6c6fbae81a,published,false,true,1,Answerable (exactly one correct option),Paediatric Sub-specialties
questions/eebbdc61-4967-4554-a10f-92ed7c832faf.json,eebbdc61-4967-4554-a10f-92ed7c832faf,published,true,true,1,Answerable (exactly one correct option),Community-based Paediatrics
questions/eec0da47-c1a3-593b-b823-b14c3e25faa6.json,eec0da47-c1a3-593b-b823-b14c3e25faa6,published,false,true,1,Answerable (exactly one correct option),Paediatric Sub-specialties
questions/ef028030-9ad1-4a31-86c2-3c1ddf64a817.json,ef028030-9ad1-4a31-86c2-3c1ddf64a817,published,true,true,1,Answerable (exactly one correct option),Paediatric Sub-specialties
questions/ef410f30-4ce9-5e39-8f14-0c41496b85d9.json,ef410f30-4ce9-5e39-8f14-0c41496b85d9,published,false,true,1,Answerable (exactly one correct option),Paediatric Surgery
questions/ef72b8c3-7cb7-4363-b918-cecf85f23903.json,ef72b8c3-7cb7-4363-b918-cecf85f23903,published,false,true,1,Answerable (exactly one correct option),General Paediatrics
questions/ef838c4b-e097-47bb-b125-5f6ca22de099.json,ef838c4b-e097-47bb-b125-5f6ca22de099,published,true,true,1,Answerable (exactly one correct option),Adolescent Medicine
questions/ef90c16f-89ae-5118-8b0d-5e001a077ea8.json,ef90c16f-89ae-5118-8b0d-5e001a077ea8,published,false,true,1,Answerable (exactly one correct option),Paediatric Surgery
questions/efbb2b63-8890-4e49-a433-6b9c27cfe9f2.json,efbb2b63-8890-4e49-a433-6b9c27cfe9f2,published,true,true,1,Answerable (exactly one correct option),Emergency Paediatrics
questions/efc8649a-4b7c-4187-a57a-50adc1b93feb.json,efc8649a-4b7c-4187-a57a-50adc1b93feb,published,true,true,1,Answerable (exactly one correct option),Paediatric Sub-specialties
questions/efde717a-d35a-4f21-b53e-9ec30d703ed1.json,efde717a-d35a-4f21-b53e-9ec30d703ed1,published,true,true,1,Answerable (exactly one correct option),General Paediatrics
questions/eff42440-5ea9-5952-97b3-157763cc5567.json,eff42440-5ea9-5952-97b3-157763cc5567,published,false,true,1,Answerable (exactly one correct option),Paediatric Surgery
questions/effda59a-1a63-56af-a8d6-3b17b48dc8e0.json,effda59a-1a63-56af-a8d6-3b17b48dc8e0,published,false,true,1,Answerable (exactly one correct option),Emergency Paediatrics
questions/f0123a46-6af1-5d73-8a01-71d64e94014b.json,f0123a46-6af1-5d73-8a01-71d64e94014b,published,false,true,1,Answerable (exactly one correct option),Emergency Paediatrics
questions/f02a74cc-67f9-4b3e-9728-1e66fb2c8629.json,f02a74cc-67f9-4b3e-9728-1e66fb2c8629,published,true,true,1,Answerable (exactly one correct option),Paediatric Sub-specialties
questions/f02cb8c5-3c9b-4072-bae1-8d45c9d2ed9a.json,f02cb8c5-3c9b-4072-bae1-8d45c9d2ed9a,published,true,true,1,Answerable (exactly one correct option),Paediatric Surgery
questions/f034d9f9-078f-4ce3-996d-6b1294852663.json,f034d9f9-078f-4ce3-996d-6b1294852663,published,true,true,1,Answerable (exactly one correct option),Paediatric Sub-specialties
questions/f04470fd-e30b-4c62-93a8-f5cc2cbec75e.json,f04470fd-e30b-4c62-93a8-f5cc2cbec75e,published,true,true,1,Answerable (exactly one correct option),Adolescent Medicine
questions/f04e725a-2f62-5cb2-b061-81da5978b1e8.json,f04e725a-2f62-5cb2-b061-81da5978b1e8,published,false,true,1,Answerable (exactly one correct option),Paediatric Sub-specialties
questions/f08e12da-d895-5eb8-ad32-93a8c254ef70.json,f08e12da-d895-5eb8-ad32-93a8c254ef70,published,false,true,1,Answerable (exactly one correct option),General Paediatrics
questions/f0b13b88-6e17-5835-8a59-7cfc267d4234.json,f0b13b88-6e17-5835-8a59-7cfc267d4234,published,false,true,1,Answerable (exactly one correct option),Paediatric Sub-specialties
questions/f0c4de32-922f-4a11-a4a0-cb6dce9f49f7.json,f0c4de32-922f-4a11-a4a0-cb6dce9f49f7,published,false,true,1,Answerable (exactly one correct option),Paediatric Sub-specialties
questions/f0c6269a-3148-4fda-b383-7358030bde35.json,f0c6269a-3148-4fda-b383-7358030bde35,published,false,true,1,Answerable (exactly one correct option),Adolescent Medicine
questions/f0c767b2-0d90-5f55-bafc-373961129aed.json,f0c767b2-0d90-5f55-bafc-373961129aed,published,false,true,1,Answerable (exactly one correct option),Community-based Paediatrics
questions/f0d1cd4d-a2e5-479c-88cb-602c114b2e61.json,f0d1cd4d-a2e5-479c-88cb-602c114b2e61,published,false,true,1,Answerable (exactly one correct option),Community-based Paediatrics
questions/f0d93dd1-fba3-4d02-9f8e-5ee7289309f7.json,f0d93dd1-fba3-4d02-9f8e-5ee7289309f7,published,true,true,1,Answerable (exactly one correct option),Emergency Paediatrics
questions/f0e47398-e876-4991-a751-4c1f1304a96b.json,f0e47398-e876-4991-a751-4c1f1304a96b,published,false,true,1,Answerable (exactly one correct option),Emergency Paediatrics
questions/f0fc1222-b9aa-4dda-a7d7-6161bf289557.json,f0fc1222-b9aa-4dda-a7d7-6161bf289557,published,false,true,1,Answerable (exactly one correct option),Paediatric Sub-specialties
questions/f111087d-153d-4d41-bd83-2c39114756cc.json,f111087d-153d-4d41-bd83-2c39114756cc,published,true,true,1,Answerable (exactly one correct option),Adolescent Medicine
questions/f129ee44-a6c3-5ccb-8c35-9bfb1e503cf0.json,f129ee44-a6c3-5ccb-8c35-9bfb1e503cf0,published,false,true,1,Answerable (exactly one correct option),Paediatric Surgery
questions/f1414a1f-dc32-4ced-867e-5b2df9e032e6.json,f1414a1f-dc32-4ced-867e-5b2df9e032e6,published,false,true,1,Answerable (exactly one correct option),Unclassified
questions/f174fdb8-f78b-4359-80ea-6ee93f5e1ac7.json,f174fdb8-f78b-4359-80ea-6ee93f5e1ac7,published,false,true,1,Answerable (exactly one correct option),Adolescent Medicine
questions/f1802f8c-238d-478f-a5e5-dd3432162c74.json,f1802f8c-238d-478f-a5e5-dd3432162c74,published,true,true,1,Answerable (exactly one correct option),Community-based Paediatrics
questions/f19d6e2a-a0d5-4321-8811-78a3c7ee6fbb.json,f19d6e2a-a0d5-4321-8811-78a3c7ee6fbb,published,true,true,1,Answerable (exactly one correct option),Emergency Paediatrics
questions/f1c124dc-b9fa-504c-82c5-3737b2c1d25c.json,f1c124dc-b9fa-504c-82c5-3737b2c1d25c,published,false,true,1,Answerable (exactly one correct option),Paediatric Surgery
questions/f1d5e894-f9fc-5c82-8df2-9e5d1b7fa22c.json,f1d5e894-f9fc-5c82-8df2-9e5d1b7fa22c,published,false,true,1,Answerable (exactly one correct option),Emergency Paediatrics
questions/f1feb24c-3067-54fd-a567-32ec5437d564.json,f1feb24c-3067-54fd-a567-32ec5437d564,published,false,true,1,Answerable (exactly one correct option),Paediatric Sub-specialties
questions/f21b5ef9-9433-4e14-a71b-74c89735ad77.json,f21b5ef9-9433-4e14-a71b-74c89735ad77,published,false,true,1,Answerable (exactly one correct option),Community-based Paediatrics
questions/f21d3ab4-f885-4001-9adb-109b04a14a61.json,f21d3ab4-f885-4001-9adb-109b04a14a61,published,true,true,1,Answerable (exactly one correct option),Paediatric Surgery
questions/f22d75a1-3413-45a8-8245-764f26438549.json,f22d75a1-3413-45a8-8245-764f26438549,published,true,true,1,Answerable (exactly one correct option),Paediatric Surgery
questions/f24b494b-510d-4a17-a8bc-daa7404fbb20.json,f24b494b-510d-4a17-a8bc-daa7404fbb20,published,false,true,1,Answerable (exactly one correct option),Adolescent Medicine
questions/f27d2085-0c04-4a35-810a-d636b93e3120.json,f27d2085-0c04-4a35-810a-d636b93e3120,published,true,true,1,Answerable (exactly one correct option),General Paediatrics
questions/f2b2a901-1039-455f-955d-568865d349ab.json,f2b2a901-1039-455f-955d-568865d349ab,published,true,true,1,Answerable (exactly one correct option),Paediatric Sub-specialties
questions/f2b8e9eb-9016-4f4c-b980-af4ba5e0aaa0.json,f2b8e9eb-9016-4f4c-b980-af4ba5e0aaa0,published,true,true,1,Answerable (exactly one correct option),Paediatric Sub-specialties
questions/f3012f27-04f9-5120-bb94-57995c253856.json,f3012f27-04f9-5120-bb94-57995c253856,published,false,true,1,Answerable (exactly one correct option),General Paediatrics
questions/f30f7f93-04b9-49fd-90d3-dd736c6a44c3.json,f30f7f93-04b9-49fd-90d3-dd736c6a44c3,published,true,true,1,Answerable (exactly one correct option),Paediatric Surgery
questions/f31cf41e-8568-4639-8069-ad13827f39d9.json,f31cf41e-8568-4639-8069-ad13827f39d9,published,true,true,1,Answerable (exactly one correct option),Paediatric Sub-specialties
questions/f32934fd-4b60-42bc-995b-9375f4fe5654.json,f32934fd-4b60-42bc-995b-9375f4fe5654,published,true,true,1,Answerable (exactly one correct option),Paediatric Sub-specialties
questions/f335372b-a5bd-4107-8146-526791d155fe.json,f335372b-a5bd-4107-8146-526791d155fe,published,true,true,1,Answerable (exactly one correct option),Adolescent Medicine
questions/f33c9f94-1f95-40fa-92ad-ff6710f537b6.json,f33c9f94-1f95-40fa-92ad-ff6710f537b6,published,true,true,1,Answerable (exactly one correct option),Paediatric Surgery
questions/f33eccad-3830-4575-9f39-4bde36daf256.json,f33eccad-3830-4575-9f39-4bde36daf256,published,false,true,1,Answerable (exactly one correct option),Adolescent Medicine
questions/f35a77bd-b2a8-48b4-be77-0a0c6f2cccb7.json,f35a77bd-b2a8-48b4-be77-0a0c6f2cccb7,published,false,true,1,Answerable (exactly one correct option),Emergency Paediatrics
questions/f3648fbb-d8a6-4ea3-8829-f03337ab9695.json,f3648fbb-d8a6-4ea3-8829-f03337ab9695,published,false,true,1,Answerable (exactly one correct option),Unclassified
questions/f381534d-5632-4955-891a-93a8ce546c44.json,f381534d-5632-4955-891a-93a8ce546c44,published,true,true,1,Answerable (exactly one correct option),Community-based Paediatrics
questions/f39c37c8-d6fd-4bc6-aea4-ea36e217980d.json,f39c37c8-d6fd-4bc6-aea4-ea36e217980d,published,true,true,1,Answerable (exactly one correct option),Paediatric Sub-specialties
questions/f39de16b-9862-5345-8ef7-fd85304e62a1.json,f39de16b-9862-5345-8ef7-fd85304e62a1,published,false,true,1,Answerable (exactly one correct option),Paediatric Sub-specialties
questions/f3a9849f-84e7-47ba-b868-f3778d944ed5.json,f3a9849f-84e7-47ba-b868-f3778d944ed5,published,true,true,1,Answerable (exactly one correct option),Paediatric Sub-specialties
questions/f3ad4613-8eda-5646-ad34-e4b3bfdb9cab.json,f3ad4613-8eda-5646-ad34-e4b3bfdb9cab,published,false,true,1,Answerable (exactly one correct option),Paediatric Sub-specialties
questions/f3f00d36-26d9-5018-8103-d3b2e534bebd.json,f3f00d36-26d9-5018-8103-d3b2e534bebd,published,false,true,1,Answerable (exactly one correct option),General Paediatrics
questions/f3f096e0-d121-48ba-b1cf-1817df34bb2b.json,f3f096e0-d121-48ba-b1cf-1817df34bb2b,published,false,true,1,Answerable (exactly one correct option),Emergency Paediatrics
questions/f3f93e39-3311-5120-827f-cb5cc1042773.json,f3f93e39-3311-5120-827f-cb5cc1042773,published,false,true,1,Answerable (exactly one correct option),Paediatric Sub-specialties
questions/f41f088d-6721-41fe-915d-b34b2362fc11.json,f41f088d-6721-41fe-915d-b34b2362fc11,published,true,true,1,Answerable (exactly one correct option),Paediatric Sub-specialties
questions/f43e5afb-6420-466a-a2f3-9cbdbae86e8a.json,f43e5afb-6420-466a-a2f3-9cbdbae86e8a,published,false,true,1,Answerable (exactly one correct option),Paediatric Sub-specialties
questions/f44c5745-acec-5400-97ce-fd08075d7139.json,f44c5745-acec-5400-97ce-fd08075d7139,published,false,true,1,Answerable (exactly one correct option),Adolescent Medicine
questions/f44d10f3-f5e0-57a7-8237-323137269da2.json,f44d10f3-f5e0-57a7-8237-323137269da2,published,false,true,1,Answerable (exactly one correct option),General Paediatrics
questions/f453622f-1b9a-454e-963e-b84c609c838d.json,f453622f-1b9a-454e-963e-b84c609c838d,published,true,true,1,Answerable (exactly one correct option),Adolescent Medicine
questions/f46c82ca-9526-4fb4-8de1-091b603c089e.json,f46c82ca-9526-4fb4-8de1-091b603c089e,published,true,true,1,Answerable (exactly one correct option),Paediatric Sub-specialties
questions/f46d4f6d-3973-5585-b554-8f8567fc440a.json,f46d4f6d-3973-5585-b554-8f8567fc440a,published,false,true,1,Answerable (exactly one correct option),Paediatric Sub-specialties
questions/f4714363-c94a-4614-be66-8b93e9e1adcc.json,f4714363-c94a-4614-be66-8b93e9e1adcc,published,true,true,1,Answerable (exactly one correct option),Paediatric Sub-specialties
questions/f48161b2-8acc-4976-9cfd-d820e3666fa0.json,f48161b2-8acc-4976-9cfd-d820e3666fa0,published,false,true,1,Answerable (exactly one correct option),Emergency Paediatrics
questions/f4a9a7db-a37d-4d1f-94c9-2e74bba97f9f.json,f4a9a7db-a37d-4d1f-94c9-2e74bba97f9f,published,false,true,1,Answerable (exactly one correct option),Community-based Paediatrics
questions/f4b3b6a6-1885-4b8d-ac99-81897af8c6c4.json,f4b3b6a6-1885-4b8d-ac99-81897af8c6c4,published,true,true,1,Answerable (exactly one correct option),Paediatric Sub-specialties
questions/f4e39124-b89f-566d-a291-05f8fc2d13da.json,f4e39124-b89f-566d-a291-05f8fc2d13da,published,false,true,1,Answerable (exactly one correct option),Paediatric Surgery
questions/f4e7713c-a498-5e6b-85eb-aceb6efe025b.json,f4e7713c-a498-5e6b-85eb-aceb6efe025b,published,false,true,1,Answerable (exactly one correct option),Paediatric Sub-specialties
questions/f4e9b72c-5203-4d1a-b17f-cf3ba4b79162.json,f4e9b72c-5203-4d1a-b17f-cf3ba4b79162,published,true,true,1,Answerable (exactly one correct option),Paediatric Sub-specialties
questions/f4ebb692-270f-4cda-8e15-50a452518b05.json,f4ebb692-270f-4cda-8e15-50a452518b05,published,true,true,1,Answerable (exactly one correct option),General Paediatrics
questions/f50417ec-14d6-4199-92e4-0f3314c7fa50.json,f50417ec-14d6-4199-92e4-0f3314c7fa50,published,true,true,1,Answerable (exactly one correct option),Paediatric Surgery
questions/f5162541-8347-4d33-9564-2e4b5875c541.json,f5162541-8347-4d33-9564-2e4b5875c541,published,false,true,1,Answerable (exactly one correct option),General Paediatrics
questions/f51656a4-b2c5-4c72-88bf-172e1a5c66cc.json,f51656a4-b2c5-4c72-88bf-172e1a5c66cc,published,true,true,1,Answerable (exactly one correct option),Paediatric Surgery
questions/f516daee-7947-49b6-b29e-a4c9593199b4.json,f516daee-7947-49b6-b29e-a4c9593199b4,published,true,true,1,Answerable (exactly one correct option),Paediatric Surgery
questions/f51c4dcc-5bdc-5477-aa12-d42a330b58a5.json,f51c4dcc-5bdc-5477-aa12-d42a330b58a5,published,false,true,1,Answerable (exactly one correct option),Paediatric Sub-specialties
questions/f525dc3a-26ec-4f71-8049-966c03529ed5.json,f525dc3a-26ec-4f71-8049-966c03529ed5,published,true,true,1,Answerable (exactly one correct option),Adolescent Medicine
questions/f52a4390-dfc4-52fd-b0c7-000bba474be3.json,f52a4390-dfc4-52fd-b0c7-000bba474be3,published,false,true,1,Answerable (exactly one correct option),General Paediatrics
questions/f5558d49-e83d-5a5e-b658-83f851de68bc.json,f5558d49-e83d-5a5e-b658-83f851de68bc,published,false,true,1,Answerable (exactly one correct option),Paediatric Sub-specialties
questions/f56e1f0e-9a87-4f41-a9b9-a875ef6157b1.json,f56e1f0e-9a87-4f41-a9b9-a875ef6157b1,published,false,true,1,Answerable (exactly one correct option),General Paediatrics
questions/f599d84e-c2cc-5085-b778-f9f26fba0397.json,f599d84e-c2cc-5085-b778-f9f26fba0397,published,false,true,1,Answerable (exactly one correct option),Emergency Paediatrics
questions/f5b781e1-6354-52b0-bfa9-5a40d9847937.json,f5b781e1-6354-52b0-bfa9-5a40d9847937,published,false,true,1,Answerable (exactly one correct option),Paediatric Sub-specialties
questions/f5ccc74e-a70c-4799-b4cf-6b33654a54ba.json,f5ccc74e-a70c-4799-b4cf-6b33654a54ba,published,true,true,1,Answerable (exactly one correct option),General Paediatrics
questions/f5d1102f-29d3-55be-9d21-c641aa0c1581.json,f5d1102f-29d3-55be-9d21-c641aa0c1581,published,false,true,1,Answerable (exactly one correct option),Paediatric Sub-specialties
questions/f5e71d4f-d873-4837-b0c4-c7377c36f6ca.json,f5e71d4f-d873-4837-b0c4-c7377c36f6ca,published,true,true,1,Answerable (exactly one correct option),Community-based Paediatrics
questions/f5e98b5e-2368-593d-a8e3-bcefeae99042.json,f5e98b5e-2368-593d-a8e3-bcefeae99042,published,false,true,1,Answerable (exactly one correct option),Emergency Paediatrics
questions/f5f7023e-aa11-4100-a810-db6572bf203f.json,f5f7023e-aa11-4100-a810-db6572bf203f,published,false,true,1,Answerable (exactly one correct option),Community-based Paediatrics
questions/f683335b-6dfa-550d-8d92-a6784458e086.json,f683335b-6dfa-550d-8d92-a6784458e086,published,false,true,1,Answerable (exactly one correct option),Adolescent Medicine
questions/f6b755bf-4e53-4138-b3ae-17d21e5dcf3a.json,f6b755bf-4e53-4138-b3ae-17d21e5dcf3a,published,true,true,1,Answerable (exactly one correct option),Paediatric Sub-specialties
questions/f6c22cfe-91f9-4444-978b-dbf1bacacd99.json,f6c22cfe-91f9-4444-978b-dbf1bacacd99,published,true,true,1,Answerable (exactly one correct option),Paediatric Sub-specialties
questions/f6cdb199-92ec-4605-94b9-272c3780a2af.json,f6cdb199-92ec-4605-94b9-272c3780a2af,published,true,true,1,Answerable (exactly one correct option),Emergency Paediatrics
questions/f709efb6-83a0-591c-998e-89d973d78dd4.json,f709efb6-83a0-591c-998e-89d973d78dd4,published,false,true,1,Answerable (exactly one correct option),Paediatric Surgery
questions/f7208dd2-ff63-573d-8e63-77bcd9d73d8c.json,f7208dd2-ff63-573d-8e63-77bcd9d73d8c,published,false,true,1,Answerable (exactly one correct option),General Paediatrics
questions/f730dac7-ac2c-4208-aa50-c5723569d8ad.json,f730dac7-ac2c-4208-aa50-c5723569d8ad,published,true,true,1,Answerable (exactly one correct option),Paediatric Sub-specialties
questions/f73ff1ee-66df-52d7-b50e-5b21ccc24a1e.json,f73ff1ee-66df-52d7-b50e-5b21ccc24a1e,published,false,true,1,Answerable (exactly one correct option),Paediatric Sub-specialties
questions/f745dc83-e5d5-4937-9d18-17d7162d8116.json,f745dc83-e5d5-4937-9d18-17d7162d8116,published,false,true,1,Answerable (exactly one correct option),Unclassified
questions/f7479ccb-256e-5732-b507-a181a509c084.json,f7479ccb-256e-5732-b507-a181a509c084,published,false,true,1,Answerable (exactly one correct option),Adolescent Medicine
questions/f74b4dac-7130-423a-83be-ae946fcfa817.json,f74b4dac-7130-423a-83be-ae946fcfa817,published,true,true,1,Answerable (exactly one correct option),Paediatric Sub-specialties
questions/f765d0b8-184c-415b-97b6-253251ca0673.json,f765d0b8-184c-415b-97b6-253251ca0673,published,false,true,1,Answerable (exactly one correct option),Paediatric Sub-specialties
questions/f7a1aaa6-3e61-4191-b466-297ead7e7326.json,f7a1aaa6-3e61-4191-b466-297ead7e7326,published,false,true,1,Answerable (exactly one correct option),Community-based Paediatrics
questions/f7b2a529-3986-4c4e-aced-9aaefbca2c54.json,f7b2a529-3986-4c4e-aced-9aaefbca2c54,published,true,true,1,Answerable (exactly one correct option),Paediatric Surgery
questions/f7b72139-a968-52ac-a432-93de3ec98724.json,f7b72139-a968-52ac-a432-93de3ec98724,published,false,true,1,Answerable (exactly one correct option),General Paediatrics
questions/f7e4bc26-2e94-5ede-b2c8-7abb4c8f387d.json,f7e4bc26-2e94-5ede-b2c8-7abb4c8f387d,published,false,true,1,Answerable (exactly one correct option),Paediatric Sub-specialties
questions/f7fee8c1-da09-52e8-89e0-82cc10b69323.json,f7fee8c1-da09-52e8-89e0-82cc10b69323,published,false,true,1,Answerable (exactly one correct option),General Paediatrics
questions/f8151df2-4249-4709-b355-186b5dba8f79.json,f8151df2-4249-4709-b355-186b5dba8f79,published,true,true,1,Answerable (exactly one correct option),General Paediatrics
questions/f81ad58d-bd2d-4c0a-b2e5-a9d7d12e53ae.json,f81ad58d-bd2d-4c0a-b2e5-a9d7d12e53ae,published,false,true,1,Answerable (exactly one correct option),Unclassified
questions/f8266b0b-2470-4675-b0e2-649d8fa4c319.json,f8266b0b-2470-4675-b0e2-649d8fa4c319,published,true,true,1,Answerable (exactly one correct option),Paediatric Sub-specialties
questions/f8396e6f-8d95-5b95-82e1-5dfebb7b6142.json,f8396e6f-8d95-5b95-82e1-5dfebb7b6142,published,false,true,1,Answerable (exactly one correct option),Paediatric Surgery
questions/f84a3a42-f6c3-4e4b-9926-5a255c1f477f.json,f84a3a42-f6c3-4e4b-9926-5a255c1f477f,published,true,true,1,Answerable (exactly one correct option),Paediatric Sub-specialties
questions/f8992db4-23c0-4c22-bae6-0b13df835b45.json,f8992db4-23c0-4c22-bae6-0b13df835b45,published,true,true,1,Answerable (exactly one correct option),Paediatric Sub-specialties
questions/f89cfe92-8ebb-4bc9-b995-b1c35f28a07c.json,f89cfe92-8ebb-4bc9-b995-b1c35f28a07c,published,true,true,1,Answerable (exactly one correct option),Paediatric Surgery
questions/f8cdbcdb-168c-4494-8e23-46456a0609a7.json,f8cdbcdb-168c-4494-8e23-46456a0609a7,published,true,true,1,Answerable (exactly one correct option),Paediatric Surgery
questions/f8d1ca7b-14f7-5c65-a53c-511910d6000c.json,f8d1ca7b-14f7-5c65-a53c-511910d6000c,published,false,true,1,Answerable (exactly one correct option),General Paediatrics
questions/f8d2c555-1562-4137-aa43-d6e1eeff46e4.json,f8d2c555-1562-4137-aa43-d6e1eeff46e4,published,true,true,1,Answerable (exactly one correct option),Adolescent Medicine
questions/f8d84b84-c520-52f3-a8ef-58fda1ad4ced.json,f8d84b84-c520-52f3-a8ef-58fda1ad4ced,published,false,true,1,Answerable (exactly one correct option),Paediatric Sub-specialties
questions/f8f23402-0789-4508-9406-6b3d838254b5.json,f8f23402-0789-4508-9406-6b3d838254b5,published,true,true,1,Answerable (exactly one correct option),Paediatric Sub-specialties
questions/f92edbf9-83d6-4ee3-831a-e635913f0edc.json,f92edbf9-83d6-4ee3-831a-e635913f0edc,published,true,true,1,Answerable (exactly one correct option),Paediatric Sub-specialties
questions/f9378955-9528-5419-a1c2-94e6faab85c8.json,f9378955-9528-5419-a1c2-94e6faab85c8,published,false,true,1,Answerable (exactly one correct option),Emergency Paediatrics
questions/f942c894-13f9-5a05-a789-c9d8de1ca646.json,f942c894-13f9-5a05-a789-c9d8de1ca646,published,false,true,1,Answerable (exactly one correct option),General Paediatrics
questions/f9802a24-e3c0-5ebd-b09d-f8e4f0b32033.json,f9802a24-e3c0-5ebd-b09d-f8e4f0b32033,published,false,true,1,Answerable (exactly one correct option),Emergency Paediatrics
questions/f98708a9-d5d2-4a95-99bb-7c54e9655db4.json,f98708a9-d5d2-4a95-99bb-7c54e9655db4,published,false,true,1,Answerable (exactly one correct option),Adolescent Medicine
questions/f98c0ee2-45bf-4697-96bd-da41916042d1.json,f98c0ee2-45bf-4697-96bd-da41916042d1,published,true,true,1,Answerable (exactly one correct option),Paediatric Sub-specialties
questions/f9943485-2684-4de0-9226-4c9eef5f0647.json,f9943485-2684-4de0-9226-4c9eef5f0647,published,true,true,1,Answerable (exactly one correct option),Paediatric Surgery
questions/f996f649-f754-4d36-b716-5eb668313e7e.json,f996f649-f754-4d36-b716-5eb668313e7e,published,true,true,1,Answerable (exactly one correct option),Paediatric Surgery
questions/f99a0470-09ea-5b0d-bac0-b6df2ad33a2f.json,f99a0470-09ea-5b0d-bac0-b6df2ad33a2f,published,false,true,1,Answerable (exactly one correct option),General Paediatrics
questions/f9a1fbe1-b458-4d19-867e-cd2e245f3c77.json,f9a1fbe1-b458-4d19-867e-cd2e245f3c77,published,true,true,1,Answerable (exactly one correct option),General Paediatrics
questions/f9bf596d-7292-4cef-a414-4d176cbf3f05.json,f9bf596d-7292-4cef-a414-4d176cbf3f05,published,true,true,1,Answerable (exactly one correct option),Community-based Paediatrics
questions/f9c0e36e-c6db-4f16-b81d-af832053a179.json,f9c0e36e-c6db-4f16-b81d-af832053a179,published,true,true,1,Answerable (exactly one correct option),General Paediatrics
questions/f9ea95ed-b38f-49ac-8bd7-522e57434a55.json,f9ea95ed-b38f-49ac-8bd7-522e57434a55,published,true,true,1,Answerable (exactly one correct option),Paediatric Sub-specialties
questions/f9fe5af0-87aa-5488-9de9-0342eff1bbac.json,f9fe5af0-87aa-5488-9de9-0342eff1bbac,published,false,true,1,Answerable (exactly one correct option),Paediatric Surgery
questions/fa794531-d75b-4892-815a-7bd03bcdc878.json,fa794531-d75b-4892-815a-7bd03bcdc878,published,true,true,1,Answerable (exactly one correct option),Paediatric Surgery
questions/fa8b689d-c5e7-4f57-bc08-38e73c5b5671.json,fa8b689d-c5e7-4f57-bc08-38e73c5b5671,published,false,true,1,Answerable (exactly one correct option),Community-based Paediatrics
questions/fab7d2a6-851a-441b-8ae3-8085e45fed87.json,fab7d2a6-851a-441b-8ae3-8085e45fed87,published,true,true,1,Answerable (exactly one correct option),Paediatric Surgery
questions/fad2907f-6902-4198-932a-afe2a6225bbe.json,fad2907f-6902-4198-932a-afe2a6225bbe,published,false,false,0,No option has isCorrect=true,Unclassified
questions/fadb2ca0-8590-46da-bd81-cdc4ada1c9fb.json,fadb2ca0-8590-46da-bd81-cdc4ada1c9fb,published,false,true,1,Answerable (exactly one correct option),Adolescent Medicine
questions/fae19e62-14f0-44fa-8e20-2b2d68f51418.json,fae19e62-14f0-44fa-8e20-2b2d68f51418,published,true,true,1,Answerable (exactly one correct option),Paediatric Sub-specialties
questions/faf1f9e0-c90c-4866-b238-f1a139f2ab1e.json,faf1f9e0-c90c-4866-b238-f1a139f2ab1e,published,true,true,1,Answerable (exactly one correct option),Paediatric Sub-specialties
questions/fb02208d-fe1f-48ec-8fe1-df9ec623f913.json,fb02208d-fe1f-48ec-8fe1-df9ec623f913,published,false,true,1,Answerable (exactly one correct option),General Paediatrics
questions/fb133641-b6aa-5ebd-9b1b-39ea98315d1b.json,fb133641-b6aa-5ebd-9b1b-39ea98315d1b,published,false,true,1,Answerable (exactly one correct option),General Paediatrics
questions/fb1bb14a-80d7-4f32-8f63-4c4e2d2dda2c.json,fb1bb14a-80d7-4f32-8f63-4c4e2d2dda2c,published,true,true,1,Answerable (exactly one correct option),Paediatric Surgery
questions/fb1c9855-211c-4c3b-8610-437e69b379fb.json,fb1c9855-211c-4c3b-8610-437e69b379fb,published,false,true,1,Answerable (exactly one correct option),Emergency Paediatrics
questions/fb1e653a-00b9-4e0b-8b19-85ce58a7a923.json,fb1e653a-00b9-4e0b-8b19-85ce58a7a923,published,false,true,1,Answerable (exactly one correct option),Emergency Paediatrics
questions/fb1fb4ca-9280-488e-a9e3-59787bc881b2.json,fb1fb4ca-9280-488e-a9e3-59787bc881b2,published,true,true,1,Answerable (exactly one correct option),Adolescent Medicine
questions/fb616b56-1b9a-5ffe-beea-f3fb53d23eb3.json,fb616b56-1b9a-5ffe-beea-f3fb53d23eb3,published,false,true,1,Answerable (exactly one correct option),Paediatric Sub-specialties
questions/fb6984c5-d850-4a3e-a598-d2912eff71e9.json,fb6984c5-d850-4a3e-a598-d2912eff71e9,published,true,true,1,Answerable (exactly one correct option),Paediatric Sub-specialties
questions/fb78012f-ec63-471e-bd72-90dcf6562225.json,fb78012f-ec63-471e-bd72-90dcf6562225,published,false,false,0,No option has isCorrect=true,Unclassified
questions/fb7e08bc-f453-4d5a-a9a0-17c612ecf57c.json,fb7e08bc-f453-4d5a-a9a0-17c612ecf57c,published,true,true,1,Answerable (exactly one correct option),General Paediatrics
questions/fb85dd08-e9ad-5f78-9b81-e1cdd7185322.json,fb85dd08-e9ad-5f78-9b81-e1cdd7185322,published,false,true,1,Answerable (exactly one correct option),Emergency Paediatrics
questions/fb8ef949-fa4c-4364-b5bf-1c48812a9a1d.json,fb8ef949-fa4c-4364-b5bf-1c48812a9a1d,published,false,true,1,Answerable (exactly one correct option),Adolescent Medicine
questions/fb9ca95e-96ae-5e7d-8397-e856195c0447.json,fb9ca95e-96ae-5e7d-8397-e856195c0447,published,false,true,1,Answerable (exactly one correct option),General Paediatrics
questions/fba43b27-9b7a-4604-a548-1367a902f7bf.json,fba43b27-9b7a-4604-a548-1367a902f7bf,published,true,true,1,Answerable (exactly one correct option),General Paediatrics
questions/fba46a71-3712-4850-87c1-67887dde580d.json,fba46a71-3712-4850-87c1-67887dde580d,published,true,true,1,Answerable (exactly one correct option),Community-based Paediatrics
questions/fbae2a2c-2d81-4772-a0a8-a442e4e562b6.json,fbae2a2c-2d81-4772-a0a8-a442e4e562b6,published,true,true,1,Answerable (exactly one correct option),Paediatric Surgery
questions/fbb3b3a2-c789-58fa-b156-b2b0378a2834.json,fbb3b3a2-c789-58fa-b156-b2b0378a2834,published,false,true,1,Answerable (exactly one correct option),Paediatric Surgery
questions/fbe1f2f1-68df-46ea-b8b4-0fb3ddef7f48.json,fbe1f2f1-68df-46ea-b8b4-0fb3ddef7f48,published,false,true,1,Answerable (exactly one correct option),Paediatric Sub-specialties
questions/fbeb461e-efec-5e03-8fce-832330bb5b86.json,fbeb461e-efec-5e03-8fce-832330bb5b86,published,false,true,1,Answerable (exactly one correct option),Paediatric Surgery
questions/fc0aa5b4-9b89-40e2-9562-ac8df77b29a8.json,fc0aa5b4-9b89-40e2-9562-ac8df77b29a8,published,false,true,1,Answerable (exactly one correct option),Unclassified
questions/fc345b75-3549-5740-af85-914e415045c8.json,fc345b75-3549-5740-af85-914e415045c8,published,false,true,1,Answerable (exactly one correct option),Paediatric Surgery
questions/fc4485ae-0b43-45ce-9649-19ed089ca1f2.json,fc4485ae-0b43-45ce-9649-19ed089ca1f2,published,true,true,1,Answerable (exactly one correct option),Paediatric Sub-specialties
questions/fc7cf3d8-ed23-5ca7-b3a0-972f11f1b0e6.json,fc7cf3d8-ed23-5ca7-b3a0-972f11f1b0e6,published,false,true,1,Answerable (exactly one correct option),Paediatric Surgery
questions/fc908ad2-611d-43bd-aa7a-a53850c0febf.json,fc908ad2-611d-43bd-aa7a-a53850c0febf,published,false,true,1,Answerable (exactly one correct option),Paediatric Surgery
questions/fc93b30f-7651-489b-89b9-725cc33703d8.json,fc93b30f-7651-489b-89b9-725cc33703d8,published,true,true,1,Answerable (exactly one correct option),Paediatric Sub-specialties
questions/fcb730af-19bf-4413-b0a8-2ad76e6cb8e4.json,fcb730af-19bf-4413-b0a8-2ad76e6cb8e4,published,true,true,1,Answerable (exactly one correct option),General Paediatrics
questions/fcb922a7-4d40-4e0c-95cd-18fd283afeb9.json,fcb922a7-4d40-4e0c-95cd-18fd283afeb9,published,true,true,1,Answerable (exactly one correct option),Community-based Paediatrics
questions/fcba1bae-c756-43d0-8065-6fc29e3005a5.json,fcba1bae-c756-43d0-8065-6fc29e3005a5,published,true,true,1,Answerable (exactly one correct option),Paediatric Sub-specialties
questions/fcbae953-8c5e-4f7c-9716-20ccfca713d0.json,fcbae953-8c5e-4f7c-9716-20ccfca713d0,published,true,true,1,Answerable (exactly one correct option),Paediatric Sub-specialties
questions/fcbde8ae-4956-4816-8951-a2cda2c7b143.json,fcbde8ae-4956-4816-8951-a2cda2c7b143,published,false,true,1,Answerable (exactly one correct option),General Paediatrics
questions/fcc63569-634a-4374-9e45-ca22466bf80c.json,fcc63569-634a-4374-9e45-ca22466bf80c,published,false,true,1,Answerable (exactly one correct option),Emergency Paediatrics
questions/fcef9601-49e1-40fb-b562-9ad21884f17f.json,fcef9601-49e1-40fb-b562-9ad21884f17f,published,false,true,1,Answerable (exactly one correct option),Adolescent Medicine
questions/fcfe43f3-d4f6-53b4-93a9-e87f31ae444b.json,fcfe43f3-d4f6-53b4-93a9-e87f31ae444b,published,false,true,1,Answerable (exactly one correct option),General Paediatrics
questions/fcffaffa-d6ac-4893-bbc1-f32e30733c0f.json,fcffaffa-d6ac-4893-bbc1-f32e30733c0f,published,false,true,1,Answerable (exactly one correct option),Unclassified
questions/fd083ffc-ea4b-490a-add5-31153748d1c2.json,fd083ffc-ea4b-490a-add5-31153748d1c2,published,true,true,1,Answerable (exactly one correct option),Paediatric Surgery
questions/fd1790c2-47be-576b-8c32-0435e143d85a.json,fd1790c2-47be-576b-8c32-0435e143d85a,published,false,true,1,Answerable (exactly one correct option),Paediatric Sub-specialties
questions/fd26dc63-dd8d-5798-9fbc-ccaaa9f9e2e7.json,fd26dc63-dd8d-5798-9fbc-ccaaa9f9e2e7,published,false,true,1,Answerable (exactly one correct option),Adolescent Medicine
questions/fd2927d7-3bc9-48db-9bea-1af8ffcab7c4.json,fd2927d7-3bc9-48db-9bea-1af8ffcab7c4,published,true,true,1,Answerable (exactly one correct option),Paediatric Sub-specialties
questions/fd2b24b0-91fa-5bf7-83f6-bdeabe860eee.json,fd2b24b0-91fa-5bf7-83f6-bdeabe860eee,published,false,true,1,Answerable (exactly one correct option),Paediatric Surgery
questions/fd537cf3-058b-53ad-bbb0-5272fcb6b925.json,fd537cf3-058b-53ad-bbb0-5272fcb6b925,published,false,true,1,Answerable (exactly one correct option),Paediatric Sub-specialties
questions/fd8d12b2-0f5b-4062-8b7f-33c4de59610f.json,fd8d12b2-0f5b-4062-8b7f-33c4de59610f,published,false,true,1,Answerable (exactly one correct option),Paediatric Sub-specialties
questions/fd9a5ab8-06f9-4e12-8241-e4d2918b0f93.json,fd9a5ab8-06f9-4e12-8241-e4d2918b0f93,published,false,true,1,Answerable (exactly one correct option),General Paediatrics
questions/fdb4c932-d28c-4f93-b450-7ae3dacfcdbb.json,fdb4c932-d28c-4f93-b450-7ae3dacfcdbb,published,true,true,1,Answerable (exactly one correct option),Paediatric Surgery
questions/fdc024b2-89a0-44d6-9120-cf288f730d07.json,fdc024b2-89a0-44d6-9120-cf288f730d07,published,true,true,1,Answerable (exactly one correct option),Paediatric Surgery
questions/fdd0683c-4fa2-51cb-b4cf-8ea484218860.json,fdd0683c-4fa2-51cb-b4cf-8ea484218860,published,false,true,1,Answerable (exactly one correct option),Paediatric Surgery
questions/fdd0a7a2-9ae2-47fb-89e8-eb2ef7531f96.json,fdd0a7a2-9ae2-47fb-89e8-eb2ef7531f96,published,true,true,1,Answerable (exactly one correct option),Paediatric Sub-specialties
questions/fdf6f22f-da46-4e4a-8b87-bc6997fbf8d8.json,fdf6f22f-da46-4e4a-8b87-bc6997fbf8d8,published,true,true,1,Answerable (exactly one correct option),Community-based Paediatrics
questions/fe10d5b6-5276-5136-a57f-43955cf003b2.json,fe10d5b6-5276-5136-a57f-43955cf003b2,published,false,true,1,Answerable (exactly one correct option),Paediatric Sub-specialties
questions/fe158521-5306-40e2-ba99-7eab62b17619.json,fe158521-5306-40e2-ba99-7eab62b17619,published,true,true,1,Answerable (exactly one correct option),Paediatric Sub-specialties
questions/fe1dbe0d-82e3-562e-bca2-281fe4c778c3.json,fe1dbe0d-82e3-562e-bca2-281fe4c778c3,published,false,true,1,Answerable (exactly one correct option),Emergency Paediatrics
questions/fe4f90ce-cd3c-49ef-8653-3b08430faa19.json,fe4f90ce-cd3c-49ef-8653-3b08430faa19,published,true,true,1,Answerable (exactly one correct option),Paediatric Sub-specialties
questions/fe5431fd-1467-4044-8a86-306a0028b25c.json,fe5431fd-1467-4044-8a86-306a0028b25c,published,true,true,1,Answerable (exactly one correct option),Adolescent Medicine
questions/fe92ff13-12bf-519f-9a89-714c12afe323.json,fe92ff13-12bf-519f-9a89-714c12afe323,published,false,true,1,Answerable (exactly one correct option),Paediatric Sub-specialties
questions/fea3a844-3299-492c-84df-2c48826d4323.json,fea3a844-3299-492c-84df-2c48826d4323,published,true,true,1,Answerable (exactly one correct option),Community-based Paediatrics
questions/fec6594b-22f7-54e5-affa-18c5bc005d5e.json,fec6594b-22f7-54e5-affa-18c5bc005d5e,published,false,true,1,Answerable (exactly one correct option),Paediatric Surgery
questions/fecafa83-e1ee-45c8-93c1-6d6967949db6.json,fecafa83-e1ee-45c8-93c1-6d6967949db6,published,true,true,1,Answerable (exactly one correct option),Community-based Paediatrics
questions/feed2731-1cb3-4e17-ab70-a49f32159de1.json,feed2731-1cb3-4e17-ab70-a49f32159de1,published,true,true,1,Answerable (exactly one correct option),Paediatric Surgery
questions/feeda1de-8b74-5f63-9432-c2b00b57b372.json,feeda1de-8b74-5f63-9432-c2b00b57b372,published,false,true,1,Answerable (exactly one correct option),Paediatric Sub-specialties
questions/fef6e59a-6627-4500-88aa-107e0ced73aa.json,fef6e59a-6627-4500-88aa-107e0ced73aa,published,false,true,1,Answerable (exactly one correct option),Paediatric Sub-specialties
questions/fef7f7de-4277-437c-9a28-618a856786e3.json,fef7f7de-4277-437c-9a28-618a856786e3,published,false,true,1,Answerable (exactly one correct option),Unclassified
questions/ff050ccb-638f-4c6c-8935-4472d14c49b3.json,ff050ccb-638f-4c6c-8935-4472d14c49b3,published,true,true,1,Answerable (exactly one correct option),Emergency Paediatrics
questions/ff1a41cf-ae24-4ace-8cce-748b037187b7.json,ff1a41cf-ae24-4ace-8cce-748b037187b7,published,false,true,1,Answerable (exactly one correct option),Paediatric Sub-specialties
questions/ff1d3eb8-3b46-4d80-950a-27d3fb3baed3.json,ff1d3eb8-3b46-4d80-950a-27d3fb3baed3,published,false,true,1,Answerable (exactly one correct option),Paediatric Sub-specialties
questions/ff1dcbf7-ed36-587b-9906-90dfd3e81415.json,ff1dcbf7-ed36-587b-9906-90dfd3e81415,published,false,true,1,Answerable (exactly one correct option),General Paediatrics
questions/ff4524c6-3cfb-5ef2-b959-84e8cb128b41.json,ff4524c6-3cfb-5ef2-b959-84e8cb128b41,published,false,true,1,Answerable (exactly one correct option),Emergency Paediatrics
questions/ff45e8fb-1cba-51db-8517-e2ecc15d0ac7.json,ff45e8fb-1cba-51db-8517-e2ecc15d0ac7,published,false,true,1,Answerable (exactly one correct option),Paediatric Sub-specialties
questions/ff86e40d-380a-5c3c-b9ac-35b2b4f34371.json,ff86e40d-380a-5c3c-b9ac-35b2b4f34371,published,false,true,1,Answerable (exactly one correct option),Paediatric Sub-specialties
questions/ff987580-d591-4279-9371-41ded42d4bea.json,ff987580-d591-4279-9371-41ded42d4bea,published,true,true,1,Answerable (exactly one correct option),Paediatric Surgery
questions/ff9e5c7a-e14c-4870-9580-14634dc7d412.json,ff9e5c7a-e14c-4870-9580-14634dc7d412,published,false,true,1,Answerable (exactly one correct option),General Paediatrics
questions/ffa66ea0-953e-489f-85bb-38a68a7f4b73.json,ffa66ea0-953e-489f-85bb-38a68a7f4b73,published,false,true,1,Answerable (exactly one correct option),Adolescent Medicine
questions/ffa7ce65-9fc2-4da4-8edf-f5410d8432d5.json,ffa7ce65-9fc2-4da4-8edf-f5410d8432d5,published,true,true,1,Answerable (exactly one correct option),Paediatric Surgery
questions/ffcd3544-5fd6-55bd-9e80-591f75f482a1.json,ffcd3544-5fd6-55bd-9e80-591f75f482a1,published,false,true,1,Answerable (exactly one correct option),General Paediatrics
questions/ffcec523-7360-5126-8afe-06f47cf391ab.json,ffcec523-7360-5126-8afe-06f47cf391ab,published,false,true,1,Answerable (exactly one correct option),Paediatric Surgery
questions/ffd611f3-db0a-42fd-8f91-6bdf8f57691f.json,ffd611f3-db0a-42fd-8f91-6bdf8f57691f,published,true,true,1,Answerable (exactly one correct option),Paediatric Sub-specialties
questions/fff504ab-e32e-430e-91f8-37f9530c2395.json,fff504ab-e32e-430e-91f8-37f9530c2395,published,false,true,1,Answerable (exactly one correct option),Emergency Paediatrics
questions/fff7d92f-9f5b-4984-b491-30e004479e10.json,fff7d92f-9f5b-4984-b491-30e004479e10,published,true,true,1,Answerable (exactly one correct option),Paediatric Sub-specialties
questions/ffff0d31-d331-5f21-842d-38e308d42945.json,ffff0d31-d331-5f21-842d-38e308d42945,published,false,true,1,Answerable (exactly one correct option),Paediatric Sub-specialties
questions/ffff6a96-013d-5907-a9a5-3b3034cf635b.json,ffff6a96-013d-5907-a9a5-3b3034cf635b,published,false,true,1,Answerable (exactly one correct option),Paediatric Surgery
